created_at,utm_source,utm_medium,extra_leads,tag
2024-11-27 17:17:00,telegram,bot-send,{17089011},demo-da
2024-11-27 18:55:00,telegram,bot-send,{16003203},Кейс-АЦ
2024-11-29 08:48:00,unisender,email,{15930477},web-0412
2024-11-29 08:53:00,unisender,email,{16016135},web-0412
2024-11-29 08:56:00,unisender,email,"{11787181,12343743,25212617}",web-0412
2024-11-29 09:03:00,telegram,social,{15924251},web-0412
2024-11-29 09:08:00,telegram,bot-send,{11989079},web-0412
2024-11-29 09:09:00,telegram,social,{15873001},web-0412
2024-11-29 09:09:00,telegram,bot-send,{15538843},web-0412
2024-12-13 09:00:00,telegram,social,"{15950709,16529323,16770067}",web-1712
2024-12-13 09:04:00,telegram,social,"{17147699,17428973,17428975,18451713}",web-1712
2024-12-14 10:56:00,unisender,email,"{9347081,17154923}",web-1712
2024-12-17 17:51:00,unisender,email,{15932451},web-1712
2024-12-19 18:31:00,telegram,social,"{16785101,17610155}",abc-portfolio
2024-12-24 09:28:00,telegram,bot-send,"{16003159,18616975}",web-1712
2024-12-24 09:30:00,telegram,bot-send,{15922837},web-2412
2024-12-24 09:33:00,telegram,bot-send,{2199985},web-2412
2024-12-24 10:58:00,telegram,bot-send,{16528793},web-2412
2024-12-24 11:11:00,telegram,bot-send,"{5983741,16765093}",web-2412
2024-12-24 11:21:00,unisender,email,"{16762011,16816349}",web-2412
2024-12-24 11:21:00,telegram,bot-send,"{15921793,15927163,17122529}",web-2412
2024-12-24 12:08:00,telegram,bot-send,{7366116},web-2412
2024-12-24 12:58:00,unisender,email,{16816361},web-2412
2024-12-24 12:59:00,telegram,bot-send,"{16056423,16769383}",web-2412
2024-12-24 13:16:00,telegram,bot-send,"{16743379,19453462,21000955}",web-2412
2024-12-24 14:09:00,vkontakte,social,{16816881},web-2412
2024-12-24 14:27:00,telegram,social,{11989079},web-2412
2024-12-24 14:55:00,telegram,social,"{16084991,16977925,18659265}",web-2412
2024-12-24 15:04:00,telegram,paid-placement,{16257629},web-2412
2024-12-24 15:13:00,telegram,bot-send,"{16552793,17148487}",web-2412
2024-12-24 15:14:00,unisender,email,{16037581},web-2412
2024-12-24 15:49:00,telegram,bot-send,{16292997},web-2412
2024-12-24 15:51:00,telegram,bot-send,"{15921749,16695207,16773339}",web-2412
2024-12-24 15:53:00,unisender,email,"{15667785,18847199,19503222}",web-2412
2024-12-24 15:57:00,telegram,bot-send,"{15928337,19015561,19024235}",web-2412
2024-12-24 15:58:00,unisender,email,{5807709},web-2412
2024-12-24 15:58:00,telegram,social,{11989079},web-2412
2024-12-24 15:58:00,telegram,bot-send,{17160145},web-2412
2024-12-24 16:03:00,telegram,social,"{16765779,18914999}",web-2412
2024-12-24 16:04:00,telegram,social,"{9164281,17166441}",web-2412
2024-12-24 16:04:00,telegram,social,"{9164281,17166441}",web-2412
2024-12-24 16:04:00,telegram,bot-send,"{16743379,19453462,21000955}",web-2412
2024-12-24 16:04:00,telegram,social,"{16084991,16977925,18659265}",web-2412
2024-12-24 16:05:00,telegram,paid-placement,"{7710743,14717267}",web-2412
2024-12-24 16:05:00,telegram,social,"{15950709,16529323,16770067}",web-2412
2025-01-10 11:37:00,telegram,bot-send,{16003203},web-2412
2025-01-16 07:03:00,telegram,bot-send,"{9349901,18448353}",Ads-metrics
2025-01-24 08:03:00,unisender,email,{5804161},web-2801
2025-01-24 08:13:00,telegram,bot-send,"{16864161,18675121}",web-2801
2023-12-20 12:46:00,telegram,,{16857289},Pandas-v1
2023-12-20 12:58:00,bot,testovoe-bank-otkrytie,"{11792445,16764207}",Pandas-v1
2023-12-20 13:12:00,bot,free-course-pandas,"{16163271,16222289}",Pandas-pre
2023-12-20 13:13:00,bot,free-course-pandas,"{16163271,16222289}",Pandas-v1
2023-12-20 13:20:00,bot,free-course-pandas,"{11014471,18361379}",Pandas-v1
2023-12-20 13:49:00,bot,events-simulative,"{16066779,16770183}",Pandas-pre
2023-12-20 14:07:00,bot,events-simulative,{16529035},Pandas-pre
2023-12-20 14:07:00,bot,events-simulative,{16529035},Pandas-v1
2023-12-20 14:18:00,bot,events-simulative,{16764267},Pandas-v1
2023-12-20 14:18:00,bot,events-simulative,{16764267},Pandas-pre
2023-12-20 15:54:00,bot,free-course-pandas,"{16336117,16778411,17631349,18418999}",Pandas-v1
2023-12-20 15:54:00,bot,free-course-pandas,"{16336117,16778411,17631349,18418999}",Pandas-v1
2023-12-20 16:30:00,telegram,,"{16774081,17032641}",Pandas-pre
2023-12-20 16:31:00,telegram,,"{16774081,17032641}",Pandas-v1
2023-12-20 16:46:00,bot,testovoe-ozon,{16742527},Pandas-pre
2023-12-20 16:57:00,unisender,email,{15566497},Pandas-pre
2023-12-20 16:57:00,unisender,email,{15566497},Pandas-v1
2023-12-20 16:58:00,unisender,email,{15566497},Pandas-v1
2023-12-20 17:02:00,unisender,email,{15927361},Pandas-pre
2023-12-20 17:02:00,unisender,email,{15927361},Pandas-v1
2023-12-20 19:10:00,unisender,email,{16603359},Pandas-pre
2023-12-20 19:10:00,unisender,email,{16603359},Pandas-v1
2023-12-20 20:01:00,unisender,email,{15916845},Pandas-v1
2023-12-20 20:07:00,,,"{17038527,17683033}",Pandas-pre
2023-12-20 20:08:00,bot,free-course-pandas,"{11999701,16767673}",Pandas-v1
2023-12-20 20:24:00,bot,events-simulative,{16489279},Pandas-pre
2023-12-20 20:24:00,bot,events-simulative,{16489279},Pandas-v1
2023-12-20 21:01:00,bot,testovoe-ozon,"{17039433,17039435}",Pandas-v1
2023-12-21 05:25:00,unisender,email,{15607005},Pandas-pre
2023-12-21 05:25:00,unisender,email,{15607005},Pandas-v1
2024-03-11 07:10:00,telegram,social,"{15916041,18583517}",08.03.2024
2024-03-21 16:23:00,,,"{5809673,6441653,19725721,24714571}",DA-TEST-START
2024-03-22 12:04:00,telegram,bot-send,{14763967},DA-TEST-START
2024-03-22 17:19:00,telegram,social,{15930477},Студент
2024-03-22 17:23:00,telegram,bot-send,"{16529751,18612143}",20ideas
2024-03-26 17:50:00,telegram,social,"{17162229,17554629,18678053,19001817}",DA-TEST-START
2024-10-11 08:28:00,telegram,social,{15930477},web-power-bi
2024-10-11 08:45:00,telegram,social,"{16789437,16819743}",web-power-bi
2025-01-17 14:22:00,telegram,bot-send,"{17143617,20730839}",web-2101
2024-11-29 09:13:00,telegram,bot-send,"{15924193,17108465,22058459}",web-0412
2024-11-29 09:14:00,telegram,bot-send,{16054019},web-0412
2024-11-29 09:14:00,telegram,bot-send,"{17146035,17191367}",web-0412
2024-11-29 09:27:00,telegram,bot-send,{15569467},web-0412
2024-11-29 09:33:00,telegram,bot-send,"{15923171,21320212}",web-0412
2024-11-29 09:53:00,telegram,social,{16104917},web-0412
2024-11-29 10:06:00,unisender,email,{16528793},web-0412
2024-11-29 10:08:00,telegram,bot-send,"{9164281,17166441}",web-0412
2024-11-29 10:32:00,telegram,bot-send,{5801595},web-0412
2024-11-29 10:42:00,telegram,bot-send,"{15571275,17145655}",web-0412
2024-12-04 13:42:00,,,"{17146903,20603317}",web-0412
2024-12-13 09:06:00,telegram,social,{15930477},web-1712
2024-12-13 09:12:00,telegram,bot-send,"{15922439,19436980,20455897}",web-1712
2024-12-13 09:13:00,telegram,bot-send,"{17156637,20605369,20764479}",web-1712
2024-12-13 09:15:00,telegram,social,{16784739},web-1712
2024-12-13 09:16:00,unisender,email,{11651903},web-1712
2024-12-13 09:16:00,telegram,bot-send,"{15356727,17100247}",web-1712
2024-12-13 09:16:00,telegram,bot-send,{16238231},web-1712
2024-12-13 09:16:00,telegram,bot-send,"{16529705,17157253}",web-1712
2024-12-13 09:16:00,telegram,bot-send,"{16789571,18175055}",web-1712
2024-12-13 09:16:00,telegram,bot-send,{16978579},web-1712
2024-12-13 09:17:00,telegram,bot-send,"{9825095,23710543}",web-1712
2024-12-13 09:18:00,unisender,email,{5825307},web-1712
2024-12-13 09:21:00,telegram,bot-send,"{17064189,21629325}",web-1112
2024-12-13 09:24:00,unisender,email,{16322715},web-1712
2024-12-13 09:28:00,telegram,bot-send,"{5848071,20887407}",web-1712
2024-12-13 09:38:00,telegram,social,{11989079},web-1712
2024-12-13 09:42:00,unisender,email,"{15927075,16695207,16773339,17310203,17631349,18418999,23553585}",web-1712
2024-12-13 09:48:00,telegram,bot-send,{16489279},web-1712
2024-12-13 09:52:00,unisender,email,{17060195},web-1712
2024-12-13 09:52:00,unisender,email,"{16287273,16767225}",web-1712
2024-12-13 10:38:00,telegram,bot-send,{5801595},web-1712
2024-12-13 10:40:00,telegram,bot-send,{16529429},web-1712
2024-12-13 11:23:00,telegram,bot-send,{8445281},web-1712
2024-12-13 11:27:00,telegram,bot-send,{8445281},Консультация
2024-12-13 11:44:00,telegram,bot-send,"{17064189,21629325}",web-1112
2024-12-13 11:59:00,telegram,bot-send,{16842355},web-1712
2024-12-13 12:11:00,telegram,bot-send,"{17064189,21629325}",web-1112
2024-12-13 13:10:00,telegram,social,{13904427},web-1712
2024-12-13 14:02:00,telegram,social,{5799759},web-1712
2024-12-13 14:10:00,telegram,bot-send,{16003201},web-1712
2024-12-13 14:13:00,telegram,bot-send,{17070179},web-1712
2024-12-13 19:11:00,unisender,email,{2494413},web-1712
2024-12-13 19:15:00,telegram,bot-send,"{16561367,16766579,16864685,19270727}",web-1712
2024-12-13 21:22:00,unisender,email,{15932451},web-1712
2024-12-13 21:35:00,unisender,email,"{15591603,16773121,18378405}",web-1712
2024-12-14 08:33:00,telegram,bot-send,{5824941},web-1712
2024-12-14 08:57:00,unisender,email,"{15922681,16560611}",web-1712
2024-12-14 09:19:00,telegram,social,{13166349},web-1712
2024-12-14 17:02:00,telegram,social,"{16784197,17303493}",web-1712
2024-12-14 17:19:00,bloger,social,{8346889},web-1712
2024-12-14 17:23:00,bloger,social,"{15903385,16766413,18515647}",web-1712
2024-12-14 17:34:00,bloger,social,{16104917},web-1712
2024-12-14 18:11:00,bloger,social,{16749391},web-1712
2024-12-14 18:37:00,bloger,social,{16008929},web-1712
2024-12-14 21:29:00,telegram,social,"{17147329,17580017,21615360}",web-1712
2024-12-14 23:25:00,unisender,email,"{16570977,18237375}",web-1712
2023-12-19 15:05:00,bot,events-simulative,{16764267},Pandas-pre
2023-12-21 06:39:00,bot,events-simulative,{16033989},Pandas-pre
2023-12-21 06:39:00,bot,events-simulative,{16033989},Pandas-v1
2023-12-21 06:41:00,bot,events-simulative,{16033989},Pandas-v1
2023-12-21 07:38:00,bot,free-course-pandas,"{16066779,16770183}",Pandas-v1
2023-12-21 11:22:00,unisender,email,{5803341},Pandas-v1
2023-12-21 11:22:00,unisender,email,{5803341},Pandas-v1
2023-12-21 12:03:00,unisender,email,"{16789437,16819743}",Pandas-pre
2023-12-21 12:03:00,unisender,email,"{16789437,16819743}",Pandas-v1
2023-12-21 12:03:00,unisender,email,"{16789437,16819743}",Pandas-v1
2023-12-21 12:24:00,bot,testovoe-bank-otkrytie,{11377605},Pandas-pre
2023-12-21 12:24:00,bot,testovoe-bank-otkrytie,{11377605},Pandas-v1
2023-12-21 12:26:00,telegram,,{15930477},Студент
2023-12-21 12:39:00,unisender,email,"{15667785,18847199,19503222}",Pandas-pre
2023-12-21 13:12:00,telegram,,"{15916041,18583517}",Pandas-v1
2023-12-21 13:12:00,telegram,,"{15916041,18583517}",Pandas-pre
2023-12-21 13:12:00,telegram,,"{15916041,18583517}",Pandas-v1
2023-12-21 13:51:00,unisender,email,"{15667785,18847199,19503222}",Pandas-v1
2023-12-21 14:45:00,telegram,,"{15916041,18583517}",Pandas-v1
2023-12-21 17:50:00,unisender,email,{16603359},Pandas-v1
2023-12-22 00:22:00,vk,,"{17064877,17101475}",Pandas-VIP
2023-12-22 08:13:00,Unisender,email,{17070179},Pandas-v1
2023-12-22 09:08:00,unisender,email,{16740831},Pandas-v1
2023-12-22 11:33:00,unisender,email,"{16669409,24574945}",Pandas-v1
2023-12-22 11:41:00,unisender,email,"{16669409,24574945}",Pandas-v1
2023-12-22 11:57:00,bot,testovoe-ozon,{16529035},Pandas-v1
2023-12-22 11:57:00,bot,testovoe-ozon,{16529035},Pandas-v1
2023-12-22 11:57:00,bot,testovoe-ozon,{16529035},Pandas-v1
2023-12-22 12:57:00,telegram,,{16857289},Pandas-pre
2023-12-22 13:36:00,bot,events-simulative,{16031367},Pandas-pre
2023-12-22 16:31:00,instagram,cpa,{17089011},Pandas-pre
2023-12-22 16:32:00,instagram,cpa,{17089011},Pandas-v1
2023-12-22 17:17:00,bot,events-simulative,"{15921749,16695207,16773339}",Pandas-pre
2023-12-22 17:17:00,bot,events-simulative,"{15921749,16695207,16773339}",Pandas-v1
2023-12-22 17:21:00,bot,events-simulative,"{15921749,16695207,16773339}",Кейс-АЦ
2023-12-22 17:24:00,bot,events-simulative,"{15921749,16695207,16773339}",Pandas-pre
2024-01-24 13:44:00,telegram,social,{12367367},Workshop-RFM
2024-02-16 10:04:00,telegram,social,{15569323},6 каверз
2024-03-12 10:48:00,telegram,social,"{16002555,16784777}",20ideas
2024-04-16 18:16:00,,,"{15548959,16763825,18256737,19434630}",Студент
2024-05-13 11:47:00,unisender,email,"{16784957,20490049}",plan-python
2024-07-03 12:23:00,telegram,bot-send,{16669409},PRODUCT-TEST-START
2024-07-03 12:27:00,telegram,social,"{16084821,20106453}",PRODUCT-TEST-START
2024-07-03 12:30:00,telegram,bot-send,"{8328733,20015455}",PRODUCT-TEST-START
2024-07-03 12:33:00,telegram,social,"{16084821,20106453}",PRODUCT-TEST
2024-09-13 12:02:00,telegram,bot-send,"{15895095,21196294,21339476}",become-bi
2024-09-21 13:41:00,telegram,bot-send,"{16056423,16769383}",web-2409
2024-09-21 13:41:00,telegram,social,"{16056423,16769383}",web-2409
2024-09-21 13:53:00,unisender,email,"{15889391,16766247,19329846,20771041}",web-2409
2024-09-21 15:04:00,unisender,email,"{17151209,19295911,21692221}",web-2409
2024-10-03 20:20:00,unisender,email,"{16013171,16762871}",web-geo-analyt
2024-10-14 18:09:00,telegram,bot-send,"{15923171,21320212}",Консультация
2024-10-14 19:43:00,telegram,paid-placement,"{17006467,18897949}",web-power-bi
2024-10-25 14:32:00,telegram,bot-send,"{9825095,19271961,25233199}",web-2910
2024-10-25 14:33:00,telegram,social,"{16772541,20843231}",web-2910
2024-10-25 14:33:00,telegram,social,"{11787181,12343743,25212617}",web-2910
2024-10-25 14:33:00,telegram,social,{16816361},web-2910
2024-12-15 09:53:00,telegram,bot-send,"{16785101,17610155}",web-1712
2024-12-15 16:24:00,unisender,email,"{9649707,18908843,24129719}",plan-python
2024-12-15 16:27:00,material,plan-for-learning-python,"{9649707,18908843,24129719}",Python-FREE
2024-12-15 16:51:00,telegram,paid-placement,{17163457},web-1712
2024-12-15 17:43:00,telegram,social,{12349789},web-1712
2024-12-16 02:42:00,telegram,social,{16996099},web-1712
2024-12-16 05:14:00,telegram,bot-send,{16764879},web-1712
2024-12-16 07:18:00,telegram,bot-send,"{16772541,20843231}",web-1712
2024-12-16 14:23:00,telegram,paid-placement,"{16003791,16767769}",web-1712
2024-12-16 15:56:00,,,"{17123865,17560467,18878981}",Консультация
2024-12-16 16:11:00,telegram,bot-send,{15916845},web-1712
2024-12-16 16:34:00,unisender,email,{15916845},6 каверз
2024-12-16 18:48:00,telegram,bot-send,"{16549177,20634357}",6 каверз
2024-12-17 00:52:00,telegram,bot-send,{12367367},web-1112
2024-12-17 04:55:00,telegram,bot-send,{5804501},web-1712
2024-12-17 07:42:00,unisender,email,{5807709},web-1712
2024-12-17 07:52:00,telegram,bot-send,{11377605},web-1712
2024-12-17 07:54:00,telegram,bot-send,{12367367},web-1712
2024-12-17 07:54:00,telegram,bot-send,"{5840561,16823375,17195057}",web-1712
2024-12-17 08:31:00,telegram,bot-send,{15924251},web-1712
2024-12-17 12:25:00,telegram,bot-send,"{16773339,17163457,18418999}",web-1712
2024-12-17 12:48:00,telegram,bot-send,"{16774955,18347079}",web-1712
2024-12-17 13:03:00,telegram,bot-send,"{16684485,18689443}",web-1712
2024-12-17 14:41:00,unisender,email,"{15889391,16766247,19329846,20771041}",web-1712
2024-12-17 15:03:00,telegram,bot-send,"{16772541,20843231}",web-1712
2024-12-17 15:33:00,telegram,social,{16037581},web-1712
2024-12-17 15:35:00,telegram,social,{17162981},web-1712
2024-12-17 15:37:00,,,"{17146903,20603317}",web-1712
2025-01-09 16:48:00,site,,{16820111},DA-TEST
2023-12-14 09:16:00,bot,testovoe-ozon,"{16833065,18771457}",Кейс-АЦ
2023-12-14 09:47:00,bot,testovoe-ozon,"{16833811,16833813}",Pandas
2023-12-14 10:39:00,bot,testovoe-bank-otkrytie,{14763967},Экскурсия
2023-12-14 12:37:00,bot,events-simulative,{16841379},Экскурсия
2023-12-14 13:02:00,bot,testovoe-ozon,{16842355},Экскурсия
2023-12-14 18:27:00,vkontakte,cpc,"{16669409,24574945}",Pandas
2023-12-14 18:30:00,instagram,cpa,{16853135},Pandas
2023-12-14 20:58:00,vkontakte,cpc,"{16669409,24574945}",Pandas
2023-12-15 07:32:00,unisender,email,{7366116},Экскурсия
2023-12-15 07:47:00,unisender,email,{16816881},Pandas
2023-12-23 09:51:00,telegram,itresume,{14763967},Sber-Веб
2023-12-23 19:32:00,bot,value-sql,{16008929},Кейс-АЦ
2023-12-24 04:59:00,instagram,cpa,{17118163},Pandas-pre
2023-12-24 05:01:00,instagram,cpa,{17118163},Pandas-pre
2023-12-24 05:03:00,instagram,cpa,{17118163},Pandas-VIP
2023-12-24 05:15:00,telegram,itresume,"{7710743,14717267}",Sber-Веб
2023-12-24 08:50:00,telegram,itresume,{16572265},Sber-Веб
2023-12-24 10:48:00,vkontakte,cpc,{17124297},Pandas-pre
2023-12-24 14:55:00,instagram,cpa,{17130693},Pandas-pre
2023-12-24 18:35:00,bot,free-course-pandas,"{11014471,18361379}",Pandas-v1
2023-12-25 07:24:00,bot,cpc,{15941867},Студент
2024-10-08 08:01:00,unisender,email,{5824941},web-geo-analyt
2024-10-15 00:30:00,telegram,bot-send,"{9825095,19271961,25233199}",Консультация
2024-10-15 05:29:00,unisender,email,"{17064877,17101475}",Консультация
2025-01-10 08:08:00,,,"{1460603,23961501}",web-1401
2025-01-10 09:59:00,telegram,social,"{16003565,16764873,17290925,17553527,17829067,19544884,19867361,20886197,24161655,24395845}",web-1401
2025-01-10 10:01:00,telegram,social,"{17147699,17428973,17428975,18451713}",web-1401
2025-01-10 13:08:00,telegram,bot-send,{15922837},web-1401
2025-01-10 13:09:00,telegram,social,"{16774955,18347079}",web-1401
2025-01-10 17:43:00,telegram,social,"{2200671,5806435,18084533,20586583}",web-1401
2025-01-11 07:17:00,telegram,social,{17178355},web-1401
2025-01-12 20:00:00,telegram,bot-send,"{16784957,20490049}",web-1401
2025-01-15 10:51:00,telegram,social,"{15943891,16773887}",Ads-metrics
2025-01-15 10:51:00,telegram,social,"{11787181,12343743,25212617}",Ads-metrics
2025-01-15 10:51:00,telegram,social,"{1460603,23961501}",Ads-metrics
2025-01-15 10:52:00,telegram,social,"{11787181,12343743,25212617}",Ads-metrics
2025-01-15 10:52:00,telegram,social,"{17146579,24244743}",Ads-metrics
2025-01-15 10:54:00,telegram,bot-send,"{1460603,23961501}",Ads-metrics
2025-01-15 10:54:00,telegram,social,{16572265},Ads-metrics
2025-01-15 10:55:00,telegram,social,{12367367},Ads-metrics
2025-01-15 15:04:00,unisender,email,"{15922681,16560611}",Ads-metrics
2025-01-15 15:04:00,telegram,social,"{15933065,16754539}",Ads-metrics
2025-01-15 15:37:00,unisender,email,"{15570281,16770335}",Ads-metrics
2025-01-15 15:38:00,,,"{17163457,18257003,22568895}",Консультация
2025-01-21 15:59:00,telegram,social,"{15921589,16766225,18451399}",web-2101
2025-01-23 09:05:00,telegram,bot-send,{17124297},portfolio ideas
2025-01-23 09:07:00,telegram,bot-send,{15564527},portfolio ideas
2025-01-24 06:38:00,unisender,email,{12262075},portfolio ideas
2025-01-24 07:12:00,telegram,social,"{11787181,12343743,25212617}",web-2801
2025-01-24 07:13:00,telegram,social,"{16762221,16954607}",web-2801
2025-01-24 07:15:00,telegram,social,{2199985},web-2801
2025-01-24 07:17:00,telegram,social,{16054019},web-2801
2025-01-24 07:18:00,telegram,social,{16739833},web-2801
2025-01-25 12:29:00,telegram,social,{16603359},web-2801
2025-01-25 12:29:00,telegram,social,{16603359},web-2801
2025-01-25 13:04:00,telegram,social,{16542771},Ads-metrics
2025-01-25 13:05:00,telegram,social,{16542771},portfolio ideas
2025-01-25 13:54:00,unisender,email,"{16059185,19052623}",web-2801
2025-01-25 16:10:00,telegram,bot-send,{17034101},web-2801
2023-12-15 08:16:00,unisender,email,{5799759},Pandas
2023-12-15 08:16:00,unisender,email,{5799759},Pandas
2023-12-15 09:24:00,bot,testovoe-ozon,{16864421},Pandas
2023-12-15 09:24:00,bot,testovoe-ozon,{16864421},Pandas
2023-12-15 09:32:00,bot,testovoe-bank-otkrytie,"{16561367,16766579,16864685,19270727}",Pandas
2023-12-15 09:36:00,bot,events-simulative,"{16762011,16816349}",Pandas
2023-12-15 09:39:00,bot,events-simulative,{16784739},Pandas
2023-12-15 09:39:00,bot,events-simulative,{14728903},Pandas
2025-01-25 19:19:00,telegram,paid-placement,"{16003791,16767769}",web-2801
2025-01-25 20:30:00,telegram,paid-placement,{15960225},web-2801
2025-01-26 01:07:00,telegram,paid-placement,"{11436455,16520809}",web-2801
2025-01-26 06:57:00,telegram,bot-send,"{16741423,18595441}",web-2801
2025-01-26 08:38:00,telegram,paid-placement,{16104917},web-2801
2025-01-26 12:42:00,telegram,bot-send,"{16531399,16771081}",web-2801
2025-01-26 17:24:00,telegram,paid-placement,{17150093},web-2801
2025-01-26 23:12:00,bot,testovoe-ozon,"{16978917,16978919}",web-2801
2025-01-27 05:49:00,unisender,email,"{15946741,16764241,20152897}",web-2801
2025-01-27 10:19:00,telegram,social,{16463705},web-2801
2025-01-27 11:10:00,telegram,paid-placement,"{15548959,16763825,18256737,19434630}",web-2801
2025-01-27 11:41:00,telegram,bot-send,"{7710743,14717267}",Студент
2025-01-27 12:33:00,telegram,bot-send,"{17147329,17580017,21615360}",web-2801
2025-01-27 12:34:00,telegram,paid-placement,{16527467},web-2801
2025-01-27 12:36:00,telegram,bot-send,{16528805},web-2801
2025-01-27 12:37:00,telegram,bot-send,{15566497},web-2801
2025-01-27 12:38:00,telegram,bot-send,{16077105},web-2801
2025-01-27 12:40:00,telegram,bot-send,"{9349901,18448353}",web-2801
2025-01-27 12:55:00,telegram,bot-send,"{15942213,16974953,20010059}",web-2801
2025-01-27 13:27:00,telegram,bot-send,"{12385357,24083235}",portfolio ideas
2025-01-27 13:59:00,telegram,bot-send,{15922423},web-2801
2025-01-27 14:29:00,telegram,paid-placement,{5845449},web-2801
2025-01-28 08:47:00,telegram,bot-send,{11464607},web-2801
2025-01-17 14:29:00,unisender,email,{17176185},web-2101
2025-01-17 14:32:00,telegram,bot-send,"{8853445,19554774}",web-2101
2023-12-15 09:43:00,bot,events-simulative,"{16744437,20683779,21610186}",Pandas
2023-12-15 09:47:00,bot,events-simulative,"{16769821,16820275,17193675}",Pandas
2023-12-25 08:23:00,unisender,email,"{15889391,16766247,19329846,20771041}",Sber-Веб
2023-12-25 08:47:00,unisender,email,"{11014471,18361379}",Sber-Веб
2023-12-25 09:43:00,telegram,eto_analytica,"{16743379,19453462,21000955}",Sber-Веб
2023-12-25 09:48:00,telegram,itresume,{16842355},Sber-Веб
2023-12-25 10:09:00,bot,testovoe-ozon,"{16528877,16801525,16816427,16865855}",Sber-Веб
2023-12-25 10:09:00,bot,testovoe-ozon,{16003369},Sber-Веб
2023-12-25 10:10:00,telegram,analyticsgrowthmindset,{16003369},Sber-Веб
2023-12-25 10:21:00,bot,testovoe-ozon,"{16978917,16978919}",Sber-Веб
2023-12-25 10:23:00,bot,testovoe-ozon,{16864421},Sber-Веб
2023-12-25 10:28:00,bot,testovoe-ozon,{15924905},Sber-Веб
2023-12-25 11:10:00,unisender,email,{16857289},Sber-Веб
2023-12-25 11:21:00,unisender,email,{15922633},Sber-Веб
2023-12-25 11:34:00,bot,testovoe-bank-otkrytie,"{15931845,16774847}",Sber-Веб
2023-12-25 11:39:00,unisender,email,"{15921749,16695207,16773339}",Sber-Веб
2023-12-25 11:39:00,unisender,email,"{15921749,16695207,16773339}",Sber-Веб
2023-12-25 11:44:00,unisender,email,"{5814679,20781819}",Sber-Веб
2023-12-25 12:08:00,bot,events-simulative,"{16699695,19653806}",Sber-Веб
2023-12-25 12:08:00,bot,events-simulative,{16299591},Sber-Веб
2023-12-25 12:17:00,bot,events-simulative,"{16013171,16762871}",Sber-Веб
2023-12-25 12:31:00,bot,events-simulative,{16511641},Sber-Веб
2023-12-25 12:44:00,bot,free-course-pandas,{5801595},Sber-Веб
2023-12-25 12:44:00,bot,free-course-pandas,"{15995043,16764165,18222859}",Sber-Веб
2023-12-25 15:13:00,bot,events-simulative,{16996099},Sber-Веб
2023-12-25 15:29:00,bot,events-simulative,{7366116},Sber-Веб
2023-12-25 17:28:00,Unisender,email,"{17064877,17101475}",Pandas-VIP
2023-12-25 17:40:00,telegram,pandas,{15922633},Оплата
2023-12-25 17:44:00,telegram,pandas,{15922633},Студент
2023-12-25 18:37:00,,,"{16163271,16222289}",Студент
2023-12-25 18:49:00,bot,events-simulative,{16057487},Sber-Веб
2023-12-25 19:46:00,unisender,email,{15607005},Sber-Веб
2023-12-26 00:34:00,unisender,email,{14712829},Экскурсия
2023-12-26 02:46:00,bot,testovoe-ozon,"{12578989,18222813}",Sber-Веб
2025-01-17 14:46:00,unisender,email,"{16287273,16767225}",web-2101
2023-12-26 06:16:00,telegram,pandas,"{16789437,16819743}",Оплата
2023-12-26 08:04:00,bot,testovoe-ozon,"{16003565,16764873,17290925,17553527,17829067,19544884,19867361,20886197,24161655,24395845}",Sber-Веб
2023-12-26 08:50:00,,,"{17099555,17099557,17099759}",Оплата
2023-12-26 09:13:00,unisender,email,"{12447353,24254221}",Sber-Веб
2023-12-26 09:32:00,unisender,email,{15930551},Sber-Веб
2023-12-26 10:02:00,telegram,itresume,"{5840561,16823375,17195057}",Sber-Веб
2023-12-26 10:16:00,bot,events-simulative,{16489279},Sber-Веб
2023-12-26 10:39:00,bot,testovoe-bank-otkrytie,"{11792445,16764207}",Sber-Веб
2023-12-26 10:40:00,bot,events-simulative,"{15921749,16695207,16773339}",Sber-Веб
2023-12-26 13:56:00,vkontakte,cpc,{17173405},Pandas-v2
2023-12-26 16:03:00,telegram,itresume,"{12084195,16975267}",Sber-Веб
2023-12-26 16:11:00,bot,events-simulative,"{17099555,17099557,17099759}",Sber-Веб
2023-12-26 16:52:00,bot,testovoe-ozon,{17177205},Pandas-pre
2023-12-26 16:52:00,bot,testovoe-ozon,{17177205},Pandas-v2
2023-12-26 16:52:00,bot,testovoe-ozon,{17177205},Pandas-v2
2023-12-26 16:54:00,bot,testovoe-ozon,{17177205},Sber-Веб
2023-12-26 17:16:00,bot,events-simulative,"{16815413,17006383,17006385}",Sber-Веб
2023-12-26 17:16:00,bot,events-simulative,"{16815413,17006383,17006385}",Sber-Веб
2023-12-26 17:31:00,bot,events-simulative,"{17099555,17099557,17099759}",Студент
2023-12-26 17:34:00,youtube,25-12-2023,{17005839},НГ-Консультация
2023-12-26 17:36:00,telegram,,"{17150867,17177837}",Pandas-pre
2023-12-26 17:36:00,telegram,,"{17150867,17177837}",Pandas-v2
2023-12-26 17:36:00,youtube,25-12-2023,{17005839},НГ-Оплата
2024-01-03 18:17:00,youtube,mk-22-02-2023,"{15921749,16695207,16773339}",Pandas-v2
2024-01-03 18:18:00,unisender,email,"{15921749,16695207,16773339}",Pandas-v2
2024-01-16 18:23:00,unisender,email,"{17146799,17328989}",Pandas-pre
2024-02-21 22:14:00,unisender,email,"{16748663,17100103}",Workshop-RFM
2024-02-22 10:38:00,bot,events-simulative,"{16001125,16761823}",Студент
2024-02-22 19:29:00,youtube,web-online,"{16259985,16762065,19576502,24830799}",Студент
2024-03-05 10:43:00,telegram,social,"{17099545,17756329,18078281}",ROADMAP
2024-03-19 10:22:00,telegram,social,"{16081745,16601531,17159091,18908721}",Ads-metrics
2024-03-21 10:07:00,,,"{17124341,17323493,18223273}",DA-TEST
2024-03-27 16:14:00,telegram,social,"{15921749,16695207,16773339}",HARD-SQL
2024-03-27 16:17:00,telegram,bot-send,"{15548959,16763825,18256737,19434630}",tinkoff-1
2024-03-29 12:34:00,telegram,bot-send,"{16528877,16801525,16816427,16865855}",tinkoff-1
2024-04-05 17:55:00,telegram,bot-send,"{17154281,18638507}",SPEC-DA-TEST-START
2024-04-05 18:08:00,telegram,bot-send,"{17154281,18638507}",SPEC-DA-TEST
2024-04-06 07:15:00,telegram,bot-send,"{17146943,18333051,18385799,18908377}",SPEC-DA-TEST-START
2024-04-09 09:15:00,telegram,social,{17160145},Python-FREE
2024-04-11 08:40:00,telegram,social,"{5983741,16765093}",ROADMAP
2024-04-15 12:35:00,telegram,bot-send,"{15999339,16764375}",Ads-metrics
2024-04-15 18:19:00,unisender,email,{16930131},Python-FREE
2024-04-15 18:28:00,telegram,social,{16069723},Python-FREE
2024-04-16 11:57:00,telegram,social,"{17129421,17562213}",SQL-16-04-24
2024-04-16 13:36:00,telegram,bot-send,{11377605},SQL-16-04-24
2024-04-16 16:09:00,telegram,bot-send,"{16691305,16798093}",SQL-16-04-24
2024-04-16 16:19:00,telegram,social,"{16691305,16798093}",SQL-16-04-24
2024-04-17 07:38:00,telegram,bot-send,{15927361},Python-FREE
2024-04-18 15:16:00,itresume,block,"{5693721,16690195,18716943}",Студент
2024-04-19 06:54:00,vk_ads,cpm,{11074775},Workshop-RFM
2024-04-19 07:19:00,,,"{16739833,24522659}",Студент
2024-04-19 12:14:00,Unisender,email,{15930551},SPEC-DA-TEST-START
2024-04-19 15:59:00,Unisender,email,{5844181},SPEC-DA-TEST
2024-05-24 06:29:00,unisender,email,"{11454861,21354740}",Предзапись DA
2024-07-23 09:16:00,telegram,social,"{16002965,18672699}",web_23_07
2024-09-21 21:43:00,telegram,bot-send,{16531725},web-2409
2025-01-27 15:36:00,telegram,paid-placement,{16669409},web-2801
2025-01-27 16:03:00,telegram,bot-send,{15920135},web-2801
2025-01-27 17:38:00,telegram,social,{17177205},portfolio ideas
2025-01-27 19:33:00,telegram,bot-send,{16603359},web-2801
2025-01-27 21:52:00,telegram,paid-placement,"{15924193,17562089}",web-2801
2025-01-28 08:50:00,telegram,bot-send,{16257235},web-2801
2025-01-28 08:52:00,telegram,bot-send,"{16528877,16801525,16816427,16865855}",web-2801
2025-01-28 08:54:00,unisender,email,"{15570281,16770335}",web-2801
2025-01-28 08:55:00,telegram,bot-send,{17070179},web-2801
2025-01-28 08:58:00,telegram,bot-send,{12488361},web-2801
2025-01-28 09:01:00,telegram,bot-send,"{5800233,16764845}",web-2801
2025-01-28 09:02:00,telegram,bot-send,"{15999793,17100049,18568773}",web-2801
2025-01-28 09:19:00,unisender,email,{17168589},web-2801
2025-01-28 09:21:00,telegram,bot-send,"{15922169,16767575}",web-2801
2025-01-28 09:23:00,telegram,bot-send,"{8597793,15922723,17127455}",web-2801
2025-01-28 09:41:00,telegram,bot-send,"{16684485,18689443}",web-2801
2025-01-28 09:44:00,telegram,bot-send,{16784739},web-2801
2025-01-28 10:08:00,telegram,bot-send,{15922359},web-2801
2025-01-28 10:48:00,unisender,email,"{10331397,16761959}",web-2801
2025-01-28 10:48:00,unisender,email,"{10331397,16761959}",web-2801
2023-12-15 10:04:00,bot,events-simulative,{16005629},Pandas
2023-12-15 10:16:00,bot,testovoe-ozon,"{16528877,16801525,16816427,16865855}",Pandas
2023-12-15 11:03:00,bot,events-simulative,"{10694763,10904619}",Pandas
2023-12-15 11:30:00,telegram,,{15607005},Pandas
2023-12-15 11:30:00,telegram,,{16868745},Pandas
2023-12-15 11:36:00,telegram,,{16868745},Pandas
2023-12-15 11:59:00,bot,events-simulative,{16784741},Pandas
2023-12-15 11:59:00,bot,events-simulative,{16784741},Pandas
2023-12-15 12:37:00,bot,events-simulative,"{16766369,17160145,17556815}",Pandas
2023-12-15 12:37:00,bot,events-simulative,"{16766369,17160145,17556815}",Pandas
2023-12-15 16:35:00,telegram,itresume,{5799545},HARD-SQL
2023-12-15 16:35:00,telegram,itresume,{5799545},HARD-SQL
2023-12-15 16:54:00,vk,,"{16003565,16764873,17290925,17553527,17829067,19544884,19867361,20886197,24161655,24395845}",Pandas
2023-12-15 19:02:00,vkontakte,cpc,"{16669409,24574945}",Pandas
2023-12-17 14:12:00,bot,testovoe-ozon,{16924767},Pandas
2023-12-22 08:13:00,Unisender,email,{17070179},Pandas-VIP
2023-12-26 17:37:00,telegram,,"{17147401,17177859}",Pandas-pre
2023-12-26 17:37:00,telegram,,"{17147401,17177859}",Pandas-v2
2023-12-26 17:42:00,Unisender,email,"{17147401,17177859}",Pandas-v2
2023-12-26 17:54:00,unisender,email,"{17064877,17101475}",Заморозка
2023-12-26 17:57:00,telegram,,"{17147401,17177859}",Pandas-pre
2023-12-26 17:57:00,telegram,,"{17147401,17177859}",Pandas-v2
2023-12-26 18:15:00,Unisender,email,{17177743},Pandas-v2
2023-12-26 18:15:00,Unisender,email,{17177743},Pandas-VIP
2023-12-26 18:19:00,,,{17178355},Консультация
2023-12-26 18:23:00,youtube,25-12-2023,{16864421},НГ-Оплата
2023-12-26 18:24:00,youtube,25-12-2023,{16864421},Студент
2023-12-27 08:11:00,vkontakte,cpc,{9041779},Pandas-pre
2023-12-27 08:11:00,vkontakte,cpc,{9041779},Pandas-v2
2023-12-27 08:19:00,,,{9041779},Pandas-pre
2023-12-27 08:21:00,,,{9041779},Pandas-v2
2023-12-27 08:24:00,,,{9041779},Pandas-pre
2023-12-27 08:25:00,,,{9041779},Pandas-pre
2023-12-27 08:30:00,,,{9041779},Pandas-v2
2023-12-27 08:33:00,,,{9041779},Pandas-pre
2023-12-27 08:33:00,,,{9041779},Pandas-v2
2023-12-27 14:24:00,telegram,bot,"{17146035,17191367}",Заморозка
2023-12-27 14:28:00,unisender,email,{5801075},Блог
2023-12-27 17:08:00,unisender,email,"{15921749,16695207,16773339}",Блог
2023-12-28 03:39:00,youtube,web-online,{16762351},НГ-Оплата
2023-12-28 05:00:00,,,{16762351},НГ-Оплата
2023-12-28 05:02:00,,,{16762351},Студент
2023-12-28 05:41:00,bot,rachet-product-metrics,{17198039},6 каверз
2023-12-28 13:34:00,yandex,cpc,{17212651},Экскурсия
2024-01-03 09:30:00,unisender,email,"{5814679,20781819}",Pandas-v2
2024-01-03 13:27:00,bot,events-simulative,"{15995043,16764165,18222859}",Pandas-v2
2024-01-25 17:11:00,telegram,social,{15996447},Workshop-RFM
2024-01-29 08:19:00,telegram,bot-send,"{8887233,16766255}",Pandas-VIP
2024-02-08 07:24:00,unisender,email,{5801075},Экскурсия
2024-02-08 08:04:00,telegram,social,"{16769821,16820275,17193675}",6 каверз
2024-02-09 11:26:00,unisender,email,{17212651},Студент
2024-02-13 06:04:00,,,{17178355},Студент
2024-02-17 13:04:00,instagram,cpa,"{5809177,16767187,16767203}",Workshop-RFM
2024-02-19 14:34:00,telegram,bot-send,{16529727},Workshop-RFM
2024-02-19 14:41:00,telegram,bot-send,{16841379},Workshop-RFM
2024-02-19 15:01:00,telegram,bot-send,"{15621747,16768801}",Workshop-RFM
2024-02-19 15:02:00,telegram,bot-send,"{11014471,18361379}",Workshop-RFM
2024-02-19 16:06:00,telegram,bot-send,{5800297},Workshop-RFM
2024-02-19 17:46:00,telegram,bot-send,"{15922169,16767575}",Workshop-RFM
2024-02-19 18:19:00,telegram,bot-send,"{16170213,16978525}",Workshop-RFM
2024-02-19 18:19:00,telegram,bot-send,"{16170213,16978525}",Workshop-RFM
2024-02-20 06:21:00,telegram,bot-send,"{15946741,16764241,20152897}",Workshop-RFM
2024-02-22 17:23:00,telegram,social,"{16743379,19453462,21000955}",HARD-SQL
2024-03-08 08:48:00,telegram,social,{12367367},08.03.2024
2024-03-08 10:45:00,unisender,email,{15930551},08.03.2024
2024-04-12 14:57:00,telegram,social,{13166349},DA-TEST-START
2024-04-16 19:32:00,telegram,social,"{8328733,20015455}",DA-TEST
2024-04-16 19:32:00,,,{16087433},Python-FREE
2024-04-16 19:49:00,unisender,email,"{15548959,16763825,18256737,19434630}",Python-FREE
2024-04-16 20:37:00,telegram,social,"{16766403,17180005,18352763,18371345,18522335}",SQL-16-04-24
2024-04-23 20:21:00,unisender,email,"{16002965,18672699}",SQL-16-04-24
2024-04-24 22:31:00,telegram,social,{11807293},Python-FREE
2024-04-26 11:10:00,telegram,bot-send,{15417229},tinkoff-1
2024-04-26 14:03:00,telegram,social,{13166349},abc-portfolio
2024-05-23 09:27:00,unisender,email,{2494413},20ideas
2024-06-09 08:48:00,telegram,bot-send,{16287433},web_13_06
2024-06-09 08:59:00,telegram,social,"{11787181,12343743,25212617}",web_13_06
2024-06-09 13:06:00,telegram,bot-send,"{15931977,16764213}",web_13_06
2024-06-10 08:22:00,unisender,email,{17110453},Python-FREE
2024-06-10 18:55:00,,analyticsgrowthmindset,{15932451},web_13_06
2024-06-11 08:35:00,telegram,social,{11377605},web_13_06
2024-06-13 16:07:00,,,"{17146903,20603317}",web_13_06
2024-06-17 08:32:00,unisender,email,"{16815989,19322542,20014965}",КАРЬЕРНЫЙ
2024-06-17 08:49:00,telegram,bot-send,{17034101},КАРЬЕРНЫЙ
2024-06-17 08:58:00,telegram,bot-send,{15923167},КАРЬЕРНЫЙ
2024-06-17 08:58:00,telegram,bot-send,"{16815413,17006383,17006385}",КАРЬЕРНЫЙ
2024-06-17 08:58:00,telegram,bot-send,{16770865},КАРЬЕРНЫЙ
2024-06-17 09:00:00,partner,itresume,{11377605},6 каверз
2024-06-17 10:43:00,unisender,email,{16003161},КАРЬЕРНЫЙ
2024-06-17 12:14:00,telegram,social,"{17129421,17562213}",КАРЬЕРНЫЙ
2024-09-10 08:51:00,Unisender,email,{16370861},become-analyst
2024-09-10 09:08:00,bloger,post,{16743397},become-analyst
2024-09-17 17:08:00,telegram,social,{16238231},become-bi
2024-09-24 16:26:00,Unisender,email,{5804161},web-2409
2024-10-23 16:39:00,telegram,social,"{7710743,14717267}",web-2310
2024-10-25 14:35:00,telegram,bot-send,{7366116},web-2910
2024-10-25 14:42:00,telegram,bot-send,{5804161},web-2910
2024-10-25 15:04:00,admitad,,{16299591},Python-FREE
2024-10-25 15:09:00,telegram,social,{11989079},web-2910
2024-10-25 15:12:00,telegram,bot-send,"{16003565,16764873,17290925,17553527,17829067,19544884,19867361,20886197,24161655,24395845}",web-2910
2024-10-25 15:18:00,telegram,bot-send,"{16013171,16762871}",web-2910
2024-10-25 15:33:00,telegram,social,"{16003159,18616975}",web-2910
2024-10-25 15:33:00,telegram,social,"{17147699,17428973,17428975,18451713}",web-2910
2024-10-25 15:34:00,telegram,bot-send,{16842355},web-2910
2024-10-25 15:38:00,telegram,social,"{899109,18648001}",web-2910
2024-10-25 15:50:00,telegram,social,{15929783},web-2910
2024-10-25 17:00:00,telegram,social,{15960225},web-2910
2025-01-28 11:11:00,telegram,social,{15924251},web-2801
2025-01-28 11:23:00,telegram,bot-send,"{15882917,17164025}",web-2801
2025-01-28 12:09:00,unisender,email,{16016135},web-2801
2025-01-28 12:09:00,unisender,email,{16016135},web-2801
2025-01-28 12:14:00,telegram,bot-send,"{17262125,17262127}",web-2801
2025-01-28 12:38:00,unisender,email,"{15545853,24411065,24447353}",web-2801
2025-01-28 12:54:00,unisender,email,{5807709},web-2801
2025-01-28 14:42:00,telegram,bot-send,"{16743379,19453462,21000955}",web-2801
2025-01-28 14:48:00,telegram,social,{6707403},Студент
2025-01-28 15:02:00,telegram,paid-placement,"{16761837,21782923}",autoweb-yandex
2025-01-28 15:05:00,unisender,email,{17168589},web-2801
2025-01-28 15:15:00,telegram,bot-send,{16547969},web-2801
2025-01-28 15:19:00,telegram,bot-send,{16978579},web-2801
2023-12-16 10:58:00,unisender,email,"{5814679,20781819}",Pandas
2023-12-16 10:59:00,unisender,email,"{5814679,20781819}",Pandas
2023-12-16 11:31:00,telegram,itresume,{15923745},HARD-SQL
2023-12-17 03:25:00,telegram,,{16842355},Pandas
2023-12-17 03:25:00,telegram,,{16842355},Pandas
2023-12-17 08:39:00,telegram,bot,"{16762221,16954607}",Экскурсия
2023-12-17 08:45:00,yandex,cpc,{16847909},Экскурсия
2023-12-17 13:41:00,vk,itresume,{16740831},Pandas
2024-01-16 17:04:00,telegram,itresume,"{16763135,17560101}",Pandas-pre
2024-02-20 08:39:00,bot,events-simulative,{16847909},Студент
2024-02-20 11:36:00,unisender,email,"{17150867,17177837}",Workshop-RFM
2024-02-20 11:38:00,telegram,bot-send,"{11792445,16764207}",Workshop-RFM
2024-02-20 11:39:00,unisender,email,{5807709},Workshop-RFM
2024-02-20 11:41:00,telegram,bot-send,{15539831},Workshop-RFM
2024-02-20 11:43:00,unisender,email,{16037581},Workshop-RFM
2024-02-20 12:10:00,telegram,bot-send,{16528805},Workshop-RFM
2024-02-20 12:32:00,telegram,bot-send,"{16864161,18675121}",Workshop-RFM
2024-02-20 12:39:00,unisender,email,{11980183},Workshop-RFM
2024-02-20 13:23:00,unisender,email,"{15545853,24411065,24447353}",Workshop-RFM
2024-02-20 14:31:00,telegram,social,"{15908653,16763405}",6 каверз
2024-02-20 16:01:00,telegram,bot-send,"{16529705,17157253}",Workshop-RFM
2024-02-20 16:09:00,unisender,email,{16769049},Workshop-RFM
2024-02-20 18:50:00,,,{15932451},Workshop-RFM
2024-02-20 19:47:00,telegram,bot-send,"{16774081,17032641}",Workshop-RFM
2024-02-20 20:28:00,livedigital,video,{16741325},Оплата
2024-02-20 20:54:00,livedigital,video,{16741325},Студент
2024-02-21 03:40:00,telegram,bot-send,{16529237},Workshop-RFM
2024-02-21 10:06:00,telegram,social,{16529429},HARD-SQL
2024-02-21 10:06:00,telegram,social,{16529429},HARD-SQL
2024-02-21 10:18:00,unsender,email,"{5983741,16765093}",HARD-SQL
2024-02-21 10:18:00,unsender,email,"{5983741,16765093}",HARD-SQL
2024-02-21 10:50:00,telegram,bot-send,{17032093},Workshop-RFM
2024-02-21 10:54:00,telegram,bot-send,{15539831},Студент
2024-02-21 11:01:00,unsender,email,{15539831},HARD-SQL
2024-02-21 11:01:00,unsender,email,{15539831},HARD-SQL
2024-02-21 11:02:00,telegram,social,"{15555667,16762071}",HARD-SQL
2024-02-21 12:29:00,telegram,social,"{16003565,16764873,17290925,17553527,17829067,19544884,19867361,20886197,24161655,24395845}",HARD-SQL
2024-02-21 16:20:00,unisender,email,"{15591603,16773121,18378405}",Workshop-RFM
2024-02-21 16:34:00,unsender,email,{16008929},HARD-SQL
2024-02-21 17:38:00,telegram,social,"{15916041,18583517}",HARD-SQL
2024-02-21 18:28:00,telegram,social,"{9164281,17166441}",HARD-SQL
2024-02-21 18:43:00,telegram,social,"{15916041,18583517}",HARD-SQL
2024-02-21 21:47:00,telegram,social,"{15557477,16767411}",HARD-SQL
2024-02-21 21:47:00,telegram,social,"{15557477,16767411}",HARD-SQL
2024-02-22 05:38:00,unsender,email,"{16013985,17154261,19412264,20682793}",HARD-SQL
2024-02-22 05:38:00,unsender,email,"{16013985,17154261,19412264,20682793}",HARD-SQL
2024-02-22 07:23:00,unsender,email,"{8358657,16574417}",HARD-SQL
2024-02-22 07:23:00,unsender,email,"{8358657,16574417}",HARD-SQL
2024-02-22 09:15:00,bot,cpc,{15941867},Студент
2024-02-22 10:02:00,telegram,bot-send,{5801075},Workshop-RFM
2024-03-07 08:32:00,telegram,bot-send,"{17147329,17580017,21615360}",ROADMAP
2024-03-08 08:19:00,telegram,bot-send,"{16011643,16871171,19092417}",08.03.2024
2024-03-08 09:24:00,telegram,social,"{15882917,17164025}",08.03.2024
2024-03-09 10:14:00,unisender,email,{15929467},08.03.2024
2024-03-10 09:03:00,telegram,social,"{15560051,16754921}",08.03.2024
2024-03-10 09:03:00,telegram,social,{16270415},08.03.2024
2024-03-10 11:04:00,telegram,bot-send,"{15916041,18583517}",08.03.2024
2024-03-19 10:34:00,unisender,email,"{16785101,17610155}",Ads-metrics
2024-05-13 15:27:00,unisender,email,{9832301},plan-python
2024-05-20 11:38:00,telegram,social,"{15908653,16763405}",DA-TEST-START
2024-05-22 10:32:00,telegram,social,"{16001125,16761823}",Студент
2024-06-17 18:17:00,unisender,email,"{16833811,16833813}",КАРЬЕРНЫЙ
2024-07-09 16:11:00,telegram,social,{9327543},web_09_07
2024-07-09 17:13:00,telegram,bot-send,{16489279},web_09_07
2024-07-16 10:43:00,telegram,social,"{16275885,17101289}",КАРЬЕРНЫЙ
2024-07-16 11:24:00,telegram,bot-send,"{16762199,18914983,20980525}",КАРЬЕРНЫЙ
2024-07-16 12:36:00,telegram,bot-send,{15999087},КАРЬЕРНЫЙ
2024-07-16 12:53:00,telegram,social,{5825207},КАРЬЕРНЫЙ
2024-07-16 13:20:00,telegram,social,"{16561641,17151733}",КАРЬЕРНЫЙ
2024-07-23 09:18:00,telegram,bot-send,{15564527},web_23_07
2024-07-27 13:55:00,admitad,,{13166349},Python-FREE
2024-08-16 10:01:00,telegram,social,"{15903385,16766413,18515647}",intensive-analyst
2024-08-18 20:11:00,telegram,bot-send,"{2200671,5806435,18084533,20586583}",intensive-analyst
2024-08-20 14:22:00,bloger,post,"{17154281,18638507}",intensive-analyst
2024-08-20 15:33:00,telegram,social,"{15999793,17100049,18568773}",intensive-analyst
2024-08-20 15:58:00,telegram,social,"{16552793,17148487}",intensive-analyst
2024-08-20 16:11:00,telegram,social,"{17099545,17756329,18078281}",intensive-analyst
2024-08-21 10:56:00,telegram,bot-send,{16924767},plan-python
2024-09-04 17:52:00,unisender,email,"{16572479,17133213}",become-analyst
2024-09-18 07:24:00,telegram,social,{16582491},student-project
2024-10-08 16:13:00,telegram,social,"{15916041,18583517}",web-geo-analyt
2024-10-25 17:48:00,telegram,bot-send,{17150061},web-2910
2024-10-26 05:47:00,telegram,social,{16238231},web-2910
2024-10-26 05:48:00,telegram,social,{15538843},web-2910
2024-10-26 06:17:00,telegram,social,{15538843},web-2910
2024-11-06 16:01:00,telegram,bot-send,"{15208695,17145269,21719045}",web-0611
2024-11-06 16:29:00,telegram,social,{16078217},web-0611
2024-11-14 00:10:00,bloger,post,"{16259985,16762065,19576502,24830799}",web-1211
2024-11-18 16:06:00,telegram,social,"{15938237,16761965}",HARD-SQL
2023-12-13 07:47:00,unisender,email,"{10694763,10904619}",LTV-Веб
2023-12-13 09:16:00,bot,vebinar-pandas,"{16003159,18616975}",6 каверз
2023-12-13 09:25:00,telegram,,{16033989},LTV-Веб
2023-12-19 10:16:00,unisender,email,{5801075},Кейс-АЦ
2023-12-29 18:08:00,unisender,email,{16463705},Студент
2024-01-17 13:20:00,unisender,email,"{9343497,22856197,25323757}",Pandas-v3
2024-01-17 15:52:00,unisender,email,"{15557477,16767411}",Pandas-v3
2024-01-17 15:52:00,unisender,email,"{15557477,16767411}",Pandas-v3
2024-01-17 15:53:00,telegram,itresume,"{15943891,16773887}",Pandas-pre
2024-01-17 15:53:00,telegram,itresume,"{15943891,16773887}",Pandas-v3
2024-01-17 15:53:00,telegram,itresume,"{15943891,16773887}",Pandas-v3
2024-01-17 15:56:00,telegram,bot-send,"{15557477,16767411}",Pandas-v3
2024-01-17 17:23:00,unisender,email,"{16669409,24574945}",Pandas-v3
2024-01-17 19:01:00,unisender,email,{15960225},Pandas-v3
2024-01-18 05:13:00,unisender,email,{17175813},Pandas-v3
2024-01-18 05:13:00,unisender,email,{17175813},Pandas-v3
2024-02-25 08:24:00,instagram,cpa,{11537905},Workshop-RFM
2024-03-01 14:49:00,telegram,bot-send,"{15922169,16767575}",HARD-SQL
2024-03-05 13:04:00,telegram,social,"{17141409,18672391}",ROADMAP
2024-03-05 13:39:00,telegram,bot-send,"{16529751,18612143}",ROADMAP
2024-03-07 12:12:00,telegram,bot-send,"{16741423,18595441}",ROADMAP
2024-03-09 08:02:00,telegram,bot-send,"{16013985,17154261,19412264,20682793}",08.03.2024
2024-03-09 08:03:00,unisender,email,"{15545853,24411065,24447353}",08.03.2024
2024-03-09 08:23:00,telegram,bot-send,{5804161},08.03.2024
2024-03-12 09:37:00,unisender,email,"{16066779,16770183}",portfolio ideas
2024-03-12 09:49:00,unisender,email,{16857289},20ideas
2024-03-12 10:34:00,telegram,social,{6707403},20ideas
2024-03-12 10:34:00,telegram,social,{6707403},portfolio ideas
2024-03-20 09:33:00,telegram,bot-send,"{16011643,19950481,20319115}",Ads-metrics
2024-03-20 10:09:00,telegram,social,"{15970405,16774017}",Ads-metrics
2024-03-26 08:39:00,telegram,bot,"{15969863,18953713}",Экскурсия
2024-04-17 02:06:00,telegram,bot-send,"{9649707,18908843,24129719}",SQL-16-04-24
2024-04-18 12:26:00,unisender,email,"{17123865,17560467,18878981}",Экскурсия
2024-04-23 05:43:00,telegram,social,{13166349},abc-portfolio
2024-04-26 11:01:00,telegram,bot-send,{15417229},ROADMAP
2024-05-06 15:16:00,bloger,post,"{16081745,16601531,17159091,18908721}",ГЛЕБ042024
2024-05-06 15:16:00,telegram,bot-send,"{16081745,16601531,17159091,18908721}",DA-TEST-START
2024-06-06 08:51:00,telegram,social,"{16003159,18616975}",ROADMAP
2024-06-09 08:01:00,vkontakte,social,{17177743},web_13_06
2024-06-09 08:49:00,telegram,bot-send,"{16762011,16816349}",web_13_06
2024-06-13 16:41:00,telegram,social,"{16765779,18914999}",web_13_06
2024-06-25 17:07:00,telegram,bot-send,"{16529705,17157253}",Ozon-25-06
2024-06-25 17:10:00,telegram,social,"{17129421,17562213}",Ozon-25-06
2024-07-03 11:21:00,telegram,social,{15999087},PRODUCT-TEST
2024-07-18 11:57:00,telegram,social,{16031367},DA-TEST-START
2024-08-06 15:01:00,telegram,social,{16741325},web-resume
2024-08-20 16:10:00,telegram,bot-send,{16442961},intensive-analyst
2024-08-29 20:35:00,unisender,email,"{15889391,16766247,19329846,20771041}",plan-python
2024-09-22 08:40:00,unisender,email,"{17064189,21629325}",web-2409
2024-09-22 12:14:00,telegram,social,"{5693721,16690195,18716943}",web-2409
2024-09-22 16:30:00,unisender,email,{13904427},web-2409
2024-09-22 16:33:00,vk_ads,cpm,{7366116},web-2409
2024-09-22 16:34:00,unisender,email,"{16259985,16762065,19576502,24830799}",web-2409
2024-09-23 16:43:00,telegram,bot-send,"{17039433,17039435}",web-2409
2024-09-23 17:06:00,unisender,email,"{15995043,16764165,18222859}",web-2409
2024-09-23 18:09:00,telegram,bot-send,"{10654999,17558293}",web-2409
2024-09-24 08:32:00,unisender,email,"{16741423,18595441}",web-2409
2024-09-24 16:27:00,unisender,email,"{15356727,17100247}",web-2409
2024-09-24 16:30:00,telegram,bot-send,{17034101},web-2409
2024-10-11 07:00:00,telegram,social,"{11787181,12343743,25212617}",web-power-bi
2024-10-11 11:51:00,telegram,social,"{15924193,17108465,22058459}",web-power-bi
2024-10-11 14:09:00,telegram,bot-send,{16257235},web-power-bi
2024-10-15 08:55:00,telegram,bot-send,"{15356727,17100247}",web-power-bi
2024-10-15 09:18:00,unisender,email,{15923745},web-power-bi
2024-10-15 10:52:00,telegram,social,"{5848071,20887407}",web-power-bi
2024-10-15 16:04:00,telegram,social,"{17151209,19295911,21692221}",web-power-bi
2024-10-26 07:06:00,telegram,social,"{16833811,16833813}",web-2910
2024-10-26 10:06:00,unisender,email,"{16336117,16778411,17631349,18418999}",web-2910
2024-10-26 10:37:00,telegram,bot-send,"{16003791,16767769}",web-2910
2024-10-26 10:43:00,telegram,social,"{17151787,17558471,21456436,21502670,21566010}",web-2910
2024-10-26 10:52:00,telegram,social,{17167845},web-2910
2024-10-26 11:48:00,unisender,email,{16816361},web-2910
2024-11-18 16:06:00,telegram,social,"{16762199,18914983,20980525}",HARD-SQL
2024-11-18 16:26:00,telegram,social,"{8597793,15922723,17127455}",HARD-SQL
2024-11-18 16:59:00,telegram,social,"{15942213,16974953,20010059}",HARD-SQL
2024-11-18 16:59:00,telegram,social,"{15942213,16974953,20010059}",HARD-SQL
2024-11-18 19:36:00,telegram,social,"{16267739,19910637,22930899}",HARD-SQL
2024-11-19 10:29:00,telegram,social,"{2200671,5806435,18084533,20586583}",HARD-SQL
2024-11-19 10:29:00,telegram,social,"{2200671,5806435,18084533,20586583}",HARD-SQL
2024-12-13 14:38:00,telegram,social,{16397299},web-1712
2025-01-28 15:49:00,unisender,email,"{5983741,16765093}",web-2801
2025-01-28 15:50:00,unisender,email,{5807709},web-2801
2025-01-28 15:50:00,telegram,bot-send,"{16741423,18595441}",web-2801
2025-01-28 15:51:00,telegram,bot-send,{16257235},web-2801
2025-01-28 15:52:00,telegram,bot-send,"{16815413,17006383,17006385}",web-2801
2025-01-28 15:57:00,telegram,bot-send,"{16531399,16771081}",web-2801
2025-01-28 15:58:00,telegram,bot-send,"{8853445,19554774}",web-2801
2025-01-28 15:59:00,telegram,bot-send,"{5848071,20887407}",web-2801
2025-01-28 15:59:00,telegram,paid-placement,"{17123457,17541177,18678281,21487554}",web-2801
2025-01-28 15:59:00,telegram,bot-send,"{17146579,24244743}",web-2801
2025-01-28 16:01:00,telegram,bot-send,"{17146579,24244743}",web-2801
2025-01-28 16:02:00,telegram,social,{15556555},web-2801
2025-01-28 16:02:00,telegram,bot-send,"{16815413,17006383,17006385}",web-2801
2025-01-28 16:02:00,telegram,bot-send,"{16312435,19011609}",web-2801
2025-01-28 16:02:00,telegram,social,"{17146067,20598005}",web-2801
2025-01-30 09:01:00,telegram,social,{17033243},research
2025-01-17 15:33:00,telegram,bot-send,"{16774955,18347079}",web-2101
2023-12-20 09:49:00,Unisender,email,{15922633},Pandas-v1
2024-01-04 07:38:00,Unisender,email,{15921957},Pandas-VIP
2024-01-04 10:07:00,bot,events-simulative,"{17124341,17323493,18223273}",Pandas-pre
2024-02-17 10:26:00,vkontakte,cpc,"{17147329,17580017,21615360}",Workshop-RFM
2024-03-23 16:06:00,telegram,bot-send,"{16056423,16769383}",20ideas
2024-04-04 11:53:00,telegram,bot-send,"{9349901,18448353}",abc-portfolio
2024-04-17 04:06:00,telegram,bot-send,"{15916041,18583517}",SQL-16-04-24
2024-05-13 09:58:00,telegram,social,"{16011643,19950481,20319115}",plan-python
2024-05-17 10:21:00,telegram,social,"{16001739,19950265}",Python-FREE
2024-06-05 04:34:00,Unisender,email,"{8887233,16766255}",SPEC-DA-TEST-START
2024-06-11 09:47:00,telegram,bot-send,{16572265},student-project
2024-06-12 06:02:00,telegram,social,{15378039},student-project
2024-06-18 16:11:00,telegram,social,{15927361},SPEC-DA-TEST
2024-06-18 17:26:00,partner,itresume,{5801075},6 каверз
2024-06-25 17:39:00,telegram,bot-send,{16003203},Ozon-25-06
2024-06-25 17:43:00,telegram,bot-send,{16191753},Ozon-25-06
2024-06-25 17:59:00,telegram,bot-send,"{16744437,20683779,21610186}",Ozon-25-06
2024-06-25 18:02:00,telegram,bot-send,{15929783},Ozon-25-06
2024-06-25 18:17:00,telegram,bot-send,{15929783},Ozon-25-06
2024-06-25 18:20:00,unisender,email,{5825207},Ozon-25-06
2024-06-25 18:20:00,telegram,paid-placement,"{16833065,18771457}",Ozon-25-06
2024-06-25 18:20:00,telegram,bot-send,"{10787621,16772781}",Ozon-25-06
2024-06-25 19:48:00,telegram,bot-send,{17150093},Ozon-25-06
2025-01-17 15:34:00,telegram,paid-placement,{16238231},autoweb-yandex
2024-06-26 07:46:00,telegram,bot-send,"{3817811,12210285,18900811,19630602}",Ozon-25-06
2024-06-26 07:59:00,telegram,bot-send,{17177743},Ozon-25-06
2024-06-26 09:17:00,telegram,bot-send,{13166349},Ozon-25-06
2024-06-26 09:30:00,vk,cpm,"{17163457,18257003,22568895}",Консультация
2024-07-03 11:42:00,telegram,bot-send,"{17122293,18713659}",PRODUCT-TEST
2024-08-20 16:18:00,telegram,bot-send,{14728903},intensive-analyst
2024-09-10 09:16:00,bloger,post,"{15539937,16762403}",become-analyst
2024-10-26 15:51:00,unisender,email,{15930551},web-2910
2024-10-26 17:39:00,telegram,social,{5825207},web-2910
2024-10-31 14:38:00,telegram,social,"{8853445,19554774}",Студент
2024-11-05 17:14:00,telegram,social,"{16762199,18914983,20980525}",DA-TEST-START
2024-11-05 17:23:00,telegram,social,"{8597793,15922723,17127455}",DA-TEST-START
2024-11-11 16:13:00,telegram,social,{17178355},SPEC-DA-TEST
2024-11-13 18:12:00,telegram,social,"{16815989,19322542,20014965}",web-1211
2024-11-19 14:16:00,telegram,social,{15929783},HARD-SQL
2024-11-19 14:30:00,unisender,email,"{16766369,17160145,17556815}",Python-FREE
2024-11-20 05:14:00,telegram,social,"{16084821,20106453}",HARD-SQL
2024-11-20 05:14:00,telegram,social,"{16084821,20106453}",HARD-SQL
2024-11-20 13:01:00,telegram,bot-send,"{16078131,19413190}",Кейс-АЦ
2024-12-07 02:44:00,unisender,email,"{16084821,20106453}",web-1112
2024-12-17 16:41:00,telegram,social,{11989079},web-1712
2024-12-20 10:02:00,telegram,paid-placement,"{11787181,12343743,25212617}",web-2412
2025-01-10 10:03:00,telegram,social,{12367367},web-1401
2025-01-10 10:06:00,telegram,social,{16054019},web-1401
2025-01-10 11:16:00,telegram,bot-send,{16542771},web-1401
2025-01-10 11:19:00,telegram,bot-send,"{16741423,18595441}",web-1401
2025-01-10 11:24:00,telegram,bot-send,{15569467},web-1401
2025-01-10 11:51:00,telegram,bot-send,"{17149715,19953343,20314445}",web-1401
2025-01-10 13:36:00,telegram,bot-send,"{17099555,17099557,17099759}",web-1401
2025-01-10 13:37:00,unisender,email,{5801075},web-1401
2025-01-10 16:36:00,telegram,bot-send,"{15999363,16775393}",web-1401
2025-01-11 07:16:00,unisender,email,{832697},web-1401
2025-01-12 13:31:00,telegram,bot-send,{11264135},web-1401
2025-01-14 09:20:00,telegram,bot-send,"{16312435,19011609}",web-1401
2025-01-14 18:29:00,telegram,social,"{16572479,17133213}",web-1401
2025-01-15 11:16:00,telegram,bot-send,{16770865},Ads-metrics
2025-01-15 11:16:00,unisender,email,{17177743},Ads-metrics
2025-01-15 11:19:00,telegram,social,{16765561},Ads-metrics
2025-01-16 12:21:00,telegram,social,{6707403},Ads-metrics
2025-01-16 12:33:00,telegram,bot-send,{2205259},Ads-metrics
2025-01-21 17:11:00,unisender,email,{16529295},web-2101
2025-01-24 07:23:00,telegram,social,"{16275885,17101289}",web-2801
2025-01-24 07:23:00,telegram,social,"{15908653,16763405}",web-2801
2025-01-24 08:02:00,unisender,email,{17145927},web-2801
2025-01-24 08:05:00,telegram,social,"{17156637,20605369,20764479}",portfolio ideas
2025-01-24 08:06:00,telegram,bot-send,"{14972525,16762689,16816411,18568901}",web-2801
2025-01-24 08:06:00,telegram,social,{16529429},web-2801
2025-01-24 08:07:00,telegram,social,"{16789571,18175055}",web-2801
2025-01-24 08:08:00,telegram,bot-send,{16287433},web-2801
2025-01-24 08:08:00,telegram,paid-placement,"{16761837,21782923}",autoweb-yandex
2025-01-24 08:08:00,telegram,social,{17099405},web-2801
2025-01-24 08:10:00,telegram,bot-send,{11651903},web-2801
2025-01-24 08:10:00,telegram,bot-send,"{8328733,20015455}",web-2801
2025-01-24 08:11:00,telegram,bot-send,{16978579},web-2801
2025-01-24 08:12:00,telegram,bot-send,"{16003159,18616975}",portfolio ideas
2025-01-24 08:14:00,telegram,bot-send,"{15933065,16754539}",web-2801
2025-01-28 16:03:00,telegram,social,"{16281907,16792385}",web-2801
2025-01-28 16:05:00,unisender,email,{16816361},web-2801
2025-01-28 16:05:00,telegram,paid-placement,{15922423},web-2801
2025-01-28 16:05:00,unisender,email,"{15570281,16770335}",web-2801
2025-01-28 16:05:00,unisender,email,{16816361},web-2801
2025-01-28 16:06:00,telegram,bot-send,"{14972525,16762689,16816411,18568901}",web-2801
2025-01-28 16:06:00,unisender,email,{5807709},web-2801
2025-01-28 16:06:00,telegram,bot-send,"{14972525,16762689,16816411,18568901}",web-2801
2025-01-28 16:06:00,telegram,paid-placement,{16669409},web-2801
2025-01-28 16:07:00,unisender,email,{16816361},web-2801
2025-01-28 16:10:00,telegram,bot-send,"{17146579,24244743}",web-2801
2025-01-28 16:11:00,telegram,bot-send,{17105135},web-2801
2025-01-28 16:12:00,unisender,email,{17168589},web-2801
2025-01-28 16:13:00,telegram,bot-send,{17060195},web-2801
2025-01-28 16:13:00,telegram,social,"{15928661,23819030}",web-2801
2025-01-28 16:15:00,telegram,bot-send,"{5848071,20887407}",web-2801
2024-02-15 18:15:00,,,{15932451},6 каверз
2024-02-17 20:35:00,telegram,bot,"{17147329,17580017,21615360}",Оплата
2024-02-19 00:22:00,vkontakte,cpc,{15607005},Workshop-RFM
2024-03-12 10:39:00,telegram,social,{15536401},20ideas
2024-04-15 14:35:00,telegram,bot-send,{15607005},Python-FREE
2024-04-16 13:53:00,telegram,social,"{11787181,12343743,25212617}",SQL-16-04-24
2024-04-16 16:05:00,telegram,social,{12349789},SQL-16-04-24
2024-06-18 10:08:00,telegram,social,"{16013985,17154261,19412264,20682793}",SPEC-DA-TEST-START
2024-06-26 10:56:00,unisender,email,{12262075},Python-FREE
2024-06-26 13:37:00,telegram,social,"{15928661,23819030}",abc-portfolio
2024-06-26 13:42:00,telegram,bot-send,"{15928661,23819030}",Консультация
2024-06-27 05:29:00,telegram,auto-send,{11789383},Студент
2024-06-27 08:37:00,unisender,email,{5845449},МК-Python
2024-06-27 12:15:00,,,"{17163457,18257003,22568895}",Консультация
2024-06-27 12:59:00,unisender,email,{2494413},Python-FREE
2024-06-27 15:29:00,,,"{16762199,18914983,20980525}",Python-FREE
2024-06-27 17:19:00,unisender,email,"{15889391,16766247,19329846,20771041}",Консультация
2024-06-27 18:06:00,unisender,email,"{16572045,22960543}",Python-FREE
2024-06-27 18:07:00,,,"{16572045,22960543}",itresume
2024-08-20 16:29:00,unisender,email,"{15560415,16770403}",intensive-analyst
2024-08-20 16:33:00,telegram,bot-send,{17034101},intensive-analyst
2024-08-20 16:33:00,telegram,bot-send,{10945781},intensive-analyst
2024-08-20 16:36:00,telegram,bot-send,{16489279},intensive-analyst
2024-08-30 16:59:00,unisender,email,{5824941},DA-TEST
2024-09-17 15:53:00,bloger,post,"{16013171,16762871}",become-bi
2024-09-17 16:04:00,telegram,social,"{7710743,14717267}",become-bi
2024-09-17 16:04:00,telegram,bot-send,"{16056423,16769383}",become-bi
2024-09-17 16:05:00,telegram,social,{16238231},become-bi
2024-10-05 16:44:00,telegram,social,{5799545},web-geo-analyt
2024-10-05 17:44:00,telegram,social,{16857289},web-geo-analyt
2024-10-08 07:49:00,unisender,email,"{15924235,17743009}",web-geo-analyt
2024-10-08 15:53:00,telegram,social,{9832301},web-geo-analyt
2024-10-08 17:39:00,telegram,bot-send,{16003203},web-geo-analyt
2024-10-10 12:47:00,telegram,bot-send,{11377605},web-power-bi
2024-11-29 09:04:00,telegram,social,{16765561},web-0412
2025-01-24 08:14:00,unisender,email,{16322715},web-2801
2025-01-28 16:17:00,telegram,bot-send,{15566497},web-2801
2025-01-28 16:19:00,andron23,,"{7710743,14717267}",web-2801
2025-01-28 16:23:00,telegram,social,"{17064877,17101475}",web-2801
2025-01-28 16:26:00,telegram,bot-send,{17105135},web-2801
2025-01-28 16:36:00,telegram,social,{17099405},web-2801
2025-01-28 16:39:00,unisender,email,{17168589},web-2801
2025-01-28 16:49:00,telegram,social,{15538843},web-2801
2025-01-28 16:49:00,telegram,social,{15538843},web-2801
2025-01-28 17:13:00,telegram,paid-placement,"{16011643,16871171,19092417}",web-2801
2025-01-28 17:27:00,telegram,bot-send,{16816881},web-2801
2025-01-28 17:53:00,unisender,email,"{15570281,16770335}",web-2801
2025-01-28 18:25:00,telegram,paid-placement,{16527467},web-2801
2025-01-28 18:30:00,telegram,social,{5825307},web-2801
2025-01-28 18:57:00,telegram,social,{5807709},advent
2025-01-28 18:59:00,telegram,social,{5807709},Ads-metrics
2025-01-28 20:53:00,telegram,bot-send,"{17154027,18661341,21033137}",web-2801
2025-01-28 20:53:00,telegram,bot-send,"{17154027,18661341,21033137}",web-2801
2025-01-29 08:49:00,unisender,email,"{16001739,19950265}",web-2801
2025-01-29 11:22:00,unisender,email,"{16784957,20490049}",web-2801
2025-01-29 11:39:00,unisender,email,"{15667785,18847199,19503222}",web-1401
2025-01-29 11:40:00,unisender,email,"{15667785,18847199,19503222}",web-1401
2025-01-29 14:36:00,telegram,bot-send,{15959983},web-2801
2025-01-29 14:52:00,telegram,social,{8445281},Demo
2023-12-19 12:22:00,unisender,email,"{15927075,16695207,16773339,17310203,17631349,18418999,23553585}",Pandas-pre
2023-12-20 13:18:00,bot,free-course-pandas,"{16163271,16222289}",Pandas-v1
2023-12-30 17:01:00,instagram,cpa,"{17262125,17262127}",Pandas-v2
2024-02-19 14:36:00,telegram,bot-send,{16924767},Workshop-RFM
2024-02-19 14:36:00,telegram,bot-send,{6953413},Workshop-RFM
2024-02-19 14:42:00,telegram,bot-send,"{15943993,16768259}",Workshop-RFM
2024-02-19 14:45:00,telegram,bot-send,"{17146943,18333051,18385799,18908377}",Workshop-RFM
2024-02-19 15:05:00,telegram,bot-send,{16603359},Workshop-RFM
2024-02-19 15:09:00,telegram,bot-send,"{10787621,16772781}",Workshop-RFM
2024-02-19 15:26:00,telegram,bot-send,"{17162229,17554629,18678053,19001817}",Workshop-RFM
2024-02-19 15:26:00,telegram,bot-send,{16005629},Workshop-RFM
2024-02-19 20:03:00,telegram,bot-send,{17130693},Workshop-RFM
2024-02-20 06:55:00,telegram,bot-send,{15920135},Workshop-RFM
2024-02-20 11:37:00,telegram,bot-send,"{15924235,17743009}",Workshop-RFM
2024-02-20 12:10:00,telegram,bot-send,"{16528877,16801525,16816427,16865855}",Workshop-RFM
2024-05-13 15:40:00,telegram,social,{16031367},plan-python
2024-06-17 07:52:00,telegram,social,"{15916041,18583517}",DA-TEST
2024-06-17 13:18:00,telegram,paid-placement,{12481235},КАРЬЕРНЫЙ
2024-06-18 13:11:00,telegram,social,{16001333},SPEC-DA-TEST-START
2024-06-25 15:58:00,telegram,bot-send,{17060195},Ozon-25-06
2024-06-25 16:02:00,telegram,social,{17070179},Ozon-25-06
2024-06-25 16:04:00,unisender,email,{5804161},Ozon-25-06
2024-06-28 08:59:00,telegram,social,{16463705},ROADMAP
2024-06-28 13:36:00,unisender,email,"{15921749,16695207,16773339}",Студент
2024-07-16 13:45:00,telegram,social,"{16003159,18616975}",КАРЬЕРНЫЙ
2024-07-23 08:49:00,unisender,email,"{17156637,20605369,20764479}",web_23_07
2024-08-02 10:15:00,telegram,bot-send,{16764267},web-resume
2024-08-16 13:03:00,telegram,social,"{5693721,16690195,18716943}",intensive-analyst
2024-09-08 14:12:00,telegram,social,{12367367},become-analyst
2024-09-16 15:24:00,bloger,post,{15935273},become-bi
2024-10-18 13:34:00,unisender,email,{5801075},web-2310
2024-10-19 06:10:00,unisender,email,{16510153},web-2310
2024-10-19 20:01:00,telegram,bot-send,"{16785101,17610155}",web-2310
2024-10-20 12:23:00,unisender,email,{15744043},web-2310
2024-10-21 13:19:00,unisender,email,"{16784197,17303493}",web-2310
2025-01-24 08:16:00,telegram,bot-send,{16257629},web-2801
2025-01-24 08:17:00,telegram,bot-send,"{15708039,16764909,23523293}",web-2801
2025-01-24 08:17:00,telegram,bot-send,"{15571275,17145655}",web-2801
2025-01-24 08:22:00,telegram,bot-send,"{16561367,16766579,16864685,19270727}",web-2801
2025-01-30 08:05:00,telegram,bot-send,"{17064189,21629325}",web-2801
2025-01-30 08:59:00,telegram,social,{16529727},research
2025-01-30 09:00:00,telegram,social,"{11787181,12343743,25212617}",research
2025-01-30 09:01:00,telegram,social,"{16267739,19910637,22930899}",research
2025-01-30 09:02:00,telegram,social,"{16267739,19910637,22930899}",research
2025-01-30 09:03:00,telegram,social,"{16762011,16816349}",research
2025-01-30 09:05:00,telegram,bot-send,"{15356727,17100247}",research
2025-01-30 09:06:00,telegram,bot-send,{16529727},research
2025-01-30 09:07:00,telegram,bot-send,{15588591},research
2025-01-30 09:07:00,telegram,bot-send,{15588591},research
2025-01-30 09:08:00,telegram,social,{5825307},research
2025-01-30 09:08:00,telegram,bot-send,"{16684485,18689443}",research
2025-01-30 09:09:00,telegram,bot-send,{15959983},research
2025-01-30 09:09:00,telegram,bot-send,{2199985},research
2025-01-30 09:09:00,telegram,bot-send,"{16013985,17154261,19412264,20682793}",research
2025-01-30 09:09:00,telegram,bot-send,"{16762011,16816349}",research
2025-01-30 09:09:00,telegram,bot-send,"{16572045,22960543}",research
2025-01-30 09:10:00,telegram,bot-send,"{16059185,19052623}",research
2025-01-30 09:10:00,telegram,bot-send,"{16528877,16801525,16816427,16865855}",research
2025-01-30 09:11:00,telegram,bot-send,"{16003335,16767837}",research
2025-01-30 09:11:00,telegram,bot-send,"{16669409,24574945}",research
2025-01-30 09:14:00,telegram,bot-send,{11989079},research
2025-01-30 09:14:00,telegram,bot-send,"{10654999,17558293}",research
2025-01-30 09:15:00,telegram,bot-send,"{10654999,17558293}",research
2025-01-30 09:15:00,telegram,bot-send,{17198039},research
2025-01-30 09:16:00,telegram,bot-send,{16527467},research
2025-01-30 09:19:00,telegram,bot-send,"{17099555,17099557,17099759}",research
2025-01-30 09:22:00,telegram,bot-send,"{15571275,17145655}",research
2025-01-30 09:23:00,telegram,bot-send,{5804161},research
2025-01-30 09:24:00,telegram,bot-send,{2205259},research
2025-01-30 09:25:00,telegram,bot-send,"{15924193,17108465,22058459}",research
2025-01-30 09:25:00,telegram,bot-send,{17005839},research
2025-01-30 09:25:00,telegram,bot-send,"{17099545,17756329,18078281}",research
2025-01-30 09:27:00,telegram,bot-send,{5801595},research
2025-01-30 09:36:00,unisender,email,"{15560415,16770403}",research
2025-01-30 09:39:00,telegram,bot-send,"{16775127,16980287}",research
2025-01-30 10:00:00,telegram,social,"{17147699,17428973,17428975,18451713}",research
2025-01-30 10:00:00,telegram,bot-send,"{17147699,17428973,17428975,18451713}",research
2025-01-30 10:04:00,unisender,email,"{16059185,19052623}",research
2025-01-30 10:06:00,telegram,social,{12137285},research
2025-01-30 10:08:00,telegram,bot-send,"{15922681,16560611}",research
2025-01-30 10:10:00,unisender,email,{16015601},research
2025-01-30 10:21:00,telegram,bot-send,{9832301},research
2025-01-30 10:36:00,telegram,social,"{12447353,24254221}",research
2025-01-30 10:37:00,unisender,email,{2494413},research
2025-01-30 10:38:00,telegram,bot-send,{2494413},research
2025-01-30 10:40:00,unisender,email,"{12385357,24083235}",research
2025-01-30 11:17:00,unisender,email,"{15570281,16770335}",research
2025-01-30 11:17:00,telegram,bot-send,"{15570281,16770335}",research
2025-01-30 11:19:00,unisender,email,{16322715},research
2025-01-30 11:22:00,telegram,bot-send,{12367367},research
2025-01-30 11:32:00,telegram,bot-send,"{17128911,20600771}",research
2025-01-30 11:42:00,unisender,email,"{15570281,16770335}",web-2101
2025-01-30 12:05:00,telegram,bot-send,"{16281907,16792385}",research
2025-01-30 12:12:00,telegram,bot,{16529727},Python-FREE
2025-01-30 12:20:00,telegram,bot,"{17149715,19953343,20314445}",Python-FREE
2025-01-31 08:17:00,telegram,social,{11789383},Ads-metrics
2025-01-31 08:54:00,telegram,bot-send,"{16638863,21141338,21960773,25014165}",research
2023-12-15 09:44:00,bot,events-simulative,{16820111},Pandas
2023-12-15 11:45:00,telegram,,{11693353},Pandas
2023-12-15 11:46:00,bot,events-simulative,{11693353},Pandas
2023-12-15 13:43:00,telegram,,{14763967},Pandas
2023-12-19 12:49:00,unisender,email,{16521983},Pandas-pre
2023-12-20 01:09:00,unisender,email,"{16764091,16764093}",Pandas-VIP
2024-01-03 13:21:00,unisender,email,"{15927075,16695207,16773339,17310203,17631349,18418999,23553585}",Pandas-v2
2024-01-03 14:16:00,bot,free-course-pandas,{15588591},Pandas-v2
2024-01-03 15:39:00,bot,events-simulative,"{15970405,16774017}",Pandas-pre
2024-01-03 15:39:00,bot,events-simulative,"{15970405,16774017}",Pandas-v2
2024-01-09 04:55:00,Unisender,email,"{17146035,17191367}",Pandas-v3
2024-01-16 10:58:00,unisender,email,"{11999701,16767673}",Pandas-v3
2024-01-24 16:53:00,telegram,pandas-chat,"{17146035,17191367}",Workshop-RFM
2024-01-24 17:32:00,telegram,pandas-chat,{11989079},Workshop-RFM
2024-01-24 19:32:00,telegram,social,"{15999793,17100049,18568773}",Workshop-RFM
2024-01-24 21:10:00,telegram,social,{16238231},Workshop-RFM
2024-02-28 11:55:00,unisender,email,"{16281907,16792385}",HARD-SQL
2024-03-05 09:20:00,unisender,email,"{15924235,17743009}",ROADMAP
2024-03-05 23:23:00,unisender,email,{15930551},ROADMAP
2024-03-06 12:12:00,telegram,bot-send,"{17151345,17232163,19399386}",ROADMAP
2024-03-07 08:32:00,telegram,bot-send,"{17147329,17580017,21615360}",ROADMAP
2024-04-14 12:45:00,telegram,social,"{17146943,18333051,18385799,18908377}",6 каверз
2024-04-19 09:08:00,Unisender,email,{17167117},SPEC-DA-TEST
2024-06-25 16:16:00,telegram,bot-send,"{16013985,17154261,19412264,20682793}",Ozon-25-06
2024-06-30 05:07:00,unisender,email,"{9649707,18908843,24129719}",Python-FREE
2024-08-21 11:50:00,unisender,email,{10945781},plan-python
2024-09-10 15:40:00,telegram,social,"{11787181,12343743,25212617}",become-analyst
2024-09-25 08:58:00,unisender,email,"{16815989,19322542,20014965}",web-2409
2024-09-25 08:59:00,telegram,paid-placement,"{17146067,20598005}",web-2409
2024-10-15 11:23:00,telegram,social,"{15924193,17562089}",web-power-bi
2024-10-23 07:45:00,telegram,bot-send,"{16084991,16977925,18659265}",web-2310
2024-10-23 07:47:00,unisender,email,{16015601},web-2310
2024-10-23 07:48:00,unisender,email,"{9347081,17154923}",web-2310
2024-10-23 07:50:00,telegram,bot-send,"{16684485,18689443}",web-2310
2024-10-23 07:59:00,unisender,email,"{17154281,18638507}",web-2310
2024-10-23 08:48:00,unisender,email,"{16762569,18846263}",web-2310
2024-10-23 16:01:00,telegram,bot-send,"{16552793,17148487}",web-2310
2024-10-23 16:01:00,telegram,bot-send,{17177205},web-2310
2024-10-23 16:32:00,unisender,email,{17070179},web-2310
2024-10-23 16:49:00,unisender,email,"{17154281,18638507}",web-2310
2024-11-01 14:33:00,telegram,social,"{16570977,18237375}",web-2910
2024-11-05 15:07:00,telegram,paid-placement,"{5809673,6441653,19725721,24714571}",web-0611
2024-11-06 09:03:00,telegram,social,"{15969863,18953713}",DA-TEST-START
2024-11-08 08:45:00,telegram,paid-placement,{17145927},web-1211
2024-11-13 19:51:00,telegram,social,"{5809673,6441653,19725721,24714571}",DA-TEST-START
2024-11-13 22:50:00,telegram,bot-send,"{16761837,21782923}",web-1211
2024-11-22 09:03:00,unisender,email,{17123277},web-2611
2024-11-22 09:19:00,telegram,bot-send,"{5800233,16764845}",web-2611
2025-01-07 16:40:00,telegram,paid-placement,{11989079},autoweb-yandex
2025-01-24 08:51:00,telegram,bot-send,"{16789437,16819743}",web-2801
2025-01-28 16:04:00,telegram,social,"{16762221,16954607}",web-2801
2025-01-30 12:39:00,telegram,bot-send,"{15999793,17100049,18568773}",research
2025-01-30 12:49:00,unisender,email,"{2200671,5806435,18084533,20586583}",research
2025-01-30 12:56:00,telegram,bot-send,{16257235},research
2025-01-30 13:38:00,telegram,bot,{5801595},Python-FREE
2025-01-30 14:05:00,telegram,bot-send,"{16815413,17006383,17006385}",research
2025-01-30 14:05:00,telegram,bot-send,"{16815413,17006383,17006385}",research
2025-01-30 14:11:00,telegram,social,{15924251},research
2025-01-30 14:11:00,telegram,bot-send,{15924251},research
2025-01-30 14:19:00,telegram,social,{15960225},research
2025-01-30 14:22:00,telegram,bot,"{16561367,16766579,16864685,19270727}",Экскурсия
2025-01-30 15:12:00,telegram,social,{15569323},research
2025-01-30 15:12:00,telegram,bot-send,{15569323},research
2025-01-30 16:20:00,telegram,social,"{15921589,16766225,18451399}",research
2025-01-30 17:45:00,unisender,email,"{15931845,16774847}",research
2025-01-30 17:59:00,telegram,social,"{16552793,17148487}",web-2801
2025-01-30 18:02:00,telegram,social,"{16552793,17148487}",research
2025-01-30 18:45:00,telegram,bot-send,{16996099},research
2025-01-30 22:27:00,telegram,bot,{5825307},Python-FREE
2025-01-31 03:43:00,telegram,social,"{15930551,23484153}",research
2025-01-31 06:19:00,unisender,email,{12481235},research
2025-01-31 06:19:00,telegram,bot-send,{12481235},research
2025-01-31 09:08:00,telegram,social,{10419305},research
2025-01-31 09:08:00,telegram,social,{16765561},web-0502
2025-01-31 09:08:00,telegram,social,"{17143617,20730839}",web-0502
2025-01-31 09:08:00,telegram,social,{12137285},web-0502
2025-01-31 09:16:00,telegram,social,"{16011643,19950481,20319115}",web-0502
2025-01-31 09:18:00,telegram,social,{17123277},web-0502
2025-01-31 09:28:00,telegram,social,"{8597793,15922723,17127455}",web-0502
2025-01-31 09:29:00,telegram,social,{16054019},web-0502
2025-01-31 09:54:00,telegram,social,{15931597},web-0502
2025-01-31 10:18:00,telegram,social,"{16552793,17148487}",web-0502
2025-01-31 10:18:00,unisender,email,"{15895095,16011643,19032967}",web-0502
2025-01-31 10:27:00,telegram,social,"{17149715,19953343,20314445}",web-0502
2025-01-31 10:29:00,unisender,email,"{17104677,17569777}",web-0502
2025-01-31 10:31:00,unisender,email,{5807709},web-0502
2025-01-31 10:37:00,telegram,bot-send,"{15708039,16764909,23523293}",web-0502
2025-01-31 10:37:00,telegram,social,{15930477},web-0502
2025-01-31 10:38:00,unisender,email,"{16287273,16767225}",web-0502
2025-01-31 10:39:00,telegram,bot-send,{15920135},web-0502
2025-01-31 10:39:00,telegram,bot-send,{15920135},web-0502
2025-01-31 10:39:00,telegram,bot-send,"{15924193,17108465,22058459}",web-0502
2025-01-31 10:40:00,telegram,social,{17168589},web-0502
2025-01-31 10:40:00,telegram,bot-send,{5801595},web-0502
2025-01-31 10:41:00,telegram,bot-send,"{9164281,17166441}",web-0502
2025-01-31 10:42:00,telegram,bot-send,{17060195},web-0502
2025-01-31 10:43:00,telegram,bot-send,{16003369},web-0502
2025-01-31 10:43:00,telegram,bot-send,"{11436455,16520809}",web-0502
2025-01-31 10:43:00,unisender,email,"{15950709,16529323,16770067}",web-0502
2025-01-31 10:46:00,telegram,bot-send,{16015601},web-0502
2025-01-31 10:47:00,telegram,bot-send,{17160145},web-0502
2025-01-31 10:48:00,telegram,bot-send,{16257629},web-0502
2023-12-17 14:12:00,,,{16924767},Pandas
2023-12-20 08:29:00,unisender,email,"{5814679,20781819}",Pandas-v1
2023-12-20 08:33:00,unisender,email,"{15943993,16768259}",Pandas-v1
2023-12-20 11:48:00,bot,testovoe-ozon,{14763967},Pandas-v1
2023-12-23 06:20:00,instagram,cpa,{17098575},Pandas-pre
2023-12-24 05:04:00,Unisender,email,{17118163},Pandas-v1
2023-12-25 08:16:00,unisender,email,"{16003565,16764873,17290925,17553527,17829067,19544884,19867361,20886197,24161655,24395845}",Sber-Веб
2023-12-26 13:56:00,vkontakte,cpc,{17173405},Pandas-pre
2023-12-26 16:10:00,bot,events-simulative,"{17099555,17099557,17099759}",Sber-Веб
2023-12-28 19:49:00,telegram,,"{17147401,17177859}",Pandas-v2
2024-09-13 08:40:00,telegram,bot-send,"{11787181,12343743,25212617}",become-bi
2024-11-11 20:12:00,telegram,social,"{17156637,20605369,20764479}",SPEC-DA-TEST-START
2024-11-13 22:51:00,bloger,post,"{15921749,16695207,16773339}",web-1211
2024-11-13 22:52:00,telegram,bot-send,{16016135},web-1211
2024-11-13 23:09:00,telegram,bot-send,"{16001545,17165757}",web-1211
2024-11-13 23:35:00,telegram,bot-send,{16529429},web-1211
2024-11-13 23:50:00,telegram,social,"{16081745,16601531,17159091,18908721}",web-1211
2024-11-14 00:05:00,telegram,social,"{16552793,17148487}",web-1211
2024-11-18 19:27:00,telegram,social,"{16002315,17136577,18651907,18658731,19040861}",HARD-SQL
2024-11-20 13:21:00,telegram,bot-send,"{17123447,19839367}",Кейс-АЦ
2024-11-23 09:17:00,telegram,social,"{16017013,16532045,18912267}",web-2611
2024-11-26 16:16:00,telegram,social,{16008929},web-2611
2024-12-05 17:46:00,bloger,social,{16762351},web-0412
2024-12-06 09:23:00,telegram,social,"{16789571,18175055}",web-0412
2024-12-08 03:04:00,telegram,bot-send,"{15928337,19015561,19024235}",6 каверз
2024-12-09 12:52:00,telegram,bot-send,"{16762221,16954607}",web-1112
2024-12-11 17:42:00,telegram,social,{5799759},abc-portfolio
2024-12-13 09:46:00,unisender,email,{15744043},web-1712
2024-12-20 10:05:00,telegram,paid-placement,{16529429},web-2412
2024-12-20 10:32:00,unisender,email,"{17000877,18084425,20490435,22069703,24667759}",web-2412
2024-12-21 10:53:00,telegram,bot-send,"{16011643,19950481,20319115}",web-2412
2024-12-23 18:20:00,unisender,email,"{16773339,17631349,18418999,23464085}",20ideas
2025-01-31 10:50:00,telegram,bot-send,"{16784957,20490049}",research
2025-01-31 10:53:00,telegram,bot-send,{2205259},web-0502
2025-01-31 10:57:00,telegram,bot-send,"{15581307,18895045,25753591}",web-0502
2025-01-31 11:01:00,telegram,bot-send,{15922451},web-0502
2025-01-31 11:02:00,telegram,bot-send,{15556555},web-0502
2025-01-31 11:12:00,unisender,email,"{16059185,19052623}",web-0502
2025-01-31 11:13:00,telegram,bot-send,{12367367},web-0502
2025-01-31 11:14:00,telegram,bot-send,{15922837},web-0502
2025-01-31 11:14:00,telegram,bot-send,{11989079},web-0502
2025-01-31 11:16:00,telegram,bot-send,"{16789571,18175055}",web-0502
2025-01-31 11:18:00,telegram,bot-send,"{16784957,20490049}",web-0502
2025-01-31 11:23:00,telegram,bot-send,"{15570281,16770335}",web-0502
2025-01-31 11:31:00,telegram,bot-send,"{5983741,16765093}",web-0502
2025-01-31 11:46:00,telegram,bot-send,{16122975},web-0502
2025-01-31 11:50:00,unisender,email,{16816361},web-0502
2025-01-31 12:04:00,unisender,email,"{16170213,16978525}",web-0502
2025-01-31 12:08:00,telegram,bot-send,"{17038527,17683033}",web-0502
2025-01-31 12:25:00,unisender,email,{16749391},web-0502
2025-01-31 13:22:00,telegram,bot-send,{13166349},research
2025-01-31 13:25:00,telegram,social,"{17147699,17428973,17428975,18451713}",web-0502
2025-01-31 13:26:00,telegram,bot-send,{13166349},web-0502
2025-01-31 13:30:00,telegram,social,{16529295},web-0502
2025-01-31 13:36:00,telegram,bot-send,{15924905},web-0502
2025-01-31 13:55:00,unisender,email,"{15921589,16766225,18451399}",web-0502
2025-01-31 15:05:00,telegram,bot-send,{12349789},web-0502
2025-01-31 15:18:00,telegram,social,{16743397},web-0502
2025-01-31 15:47:00,telegram,bot-send,{16287433},web-0502
2025-01-31 16:22:00,telegram,bot-send,{16764879},web-0502
2025-01-31 16:22:00,telegram,bot-send,{16764879},research
2025-01-31 18:31:00,telegram,bot-send,"{17099555,17099557,17099759}",web-0502
2025-01-31 18:49:00,telegram,social,"{17141895,18859951,22029899}",research
2025-01-31 20:44:00,telegram,bot,"{16833065,18771457}",Python-FREE
2024-06-25 08:02:00,telegram,bot-send,"{16529705,17157253}",Ozon-25-06
2024-10-15 15:57:00,telegram,bot-send,"{16684485,18689443}",web-power-bi
2024-06-24 12:35:00,telegram,social,"{16084991,16977925,18659265}",Консультация
2024-06-25 15:33:00,telegram,social,{16031367},Ozon-25-06
2024-06-25 16:06:00,telegram,bot-send,"{5983741,16765093}",Ozon-25-06
2024-06-25 17:46:00,unisender,email,"{16287273,16767225}",Ozon-25-06
2024-07-03 12:00:00,telegram,social,{15569323},PRODUCT-TEST
2024-07-03 13:20:00,telegram,bot-send,{15929783},PRODUCT-TEST
2024-07-03 13:23:00,telegram,bot-send,"{15948581,16764269}",PRODUCT-TEST-START
2024-07-03 13:47:00,telegram,social,{16842355},PRODUCT-TEST-START
2024-07-03 13:50:00,telegram,social,{16842355},PRODUCT-TEST
2024-07-03 14:34:00,unisender,email,"{16570977,18237375}",PRODUCT-TEST-START
2024-07-04 11:04:00,telegram,bot-send,{16529429},PRODUCT-TEST
2024-07-04 15:50:00,telegram,social,"{14972525,16762689,16816411,18568901}",PRODUCT-TEST
2024-07-09 09:27:00,telegram,social,{5801595},PRODUCT-TEST
2024-07-09 16:08:00,telegram,social,{16862903},web_09_07
2024-07-09 16:30:00,telegram,bot-send,{9327543},PRODUCT-TEST
2024-07-20 12:18:00,telegram,bot-send,"{15946775,16785195,17577077}",web_23_07
2024-07-23 16:41:00,telegram,paid-placement,{16814977},web_23_07
2024-08-01 17:57:00,telegram,social,"{17146215,17146219,17177795}",Консультация
2024-08-14 08:48:00,telegram,social,"{16084821,20106453}",intensive-analyst
2024-08-19 13:56:00,bloger,post,"{16312435,19011609}",intensive-analyst
2024-08-20 16:07:00,bloger,post,"{15946775,16785195,17577077}",intensive-analyst
2024-08-20 16:07:00,telegram,social,{5800297},Python-FREE
2024-08-20 16:49:00,unisender,email,"{15560415,16770403}",intensive-analyst
2024-08-20 17:11:00,telegram,social,"{15999793,17100049,18568773}",intensive-analyst
2024-09-20 12:34:00,unisender,email,{16087433},web-2409
2024-09-20 17:21:00,unisender,email,"{16287273,16767225}",web-2409
2024-09-24 16:05:00,telegram,bot-send,{17150061},web-2409
2024-09-25 08:57:00,telegram,bot-send,{12349789},web-2409
2024-10-02 13:57:00,unisender,email,"{16066779,16770183}",lottery
2024-10-15 08:44:00,telegram,bot-send,"{9164281,17166441}",web-power-bi
2024-10-29 14:19:00,unisender,email,"{11088915,12130285}",web-2910
2024-11-05 15:15:00,telegram,paid-placement,"{9347081,17154923}",web-0611
2024-11-08 08:07:00,telegram,paid-placement,{15959625},web-1211
2024-11-08 08:09:00,unisender,email,"{15995043,16764165,18222859}",web-1211
2024-11-08 08:09:00,telegram,paid-placement,"{15999793,17100049,18568773}",web-1211
2024-11-08 08:10:00,telegram,paid-placement,"{16013171,16762871}",web-1211
2024-11-08 08:15:00,unisender,email,"{15895095,16011643,19032967}",web-1211
2024-11-08 08:18:00,telegram,bot-send,{16762351},web-1211
2024-11-08 08:19:00,unisender,email,"{8597793,15922723,17127455}",web-1211
2024-11-08 08:19:00,telegram,bot-send,{16238231},web-1211
2024-11-08 08:20:00,telegram,bot-send,{15930477},web-1211
2024-11-08 08:20:00,telegram,bot-send,"{16259985,16762065,19576502,24830799}",web-1211
2024-11-08 08:22:00,telegram,bot-send,{16529429},web-1211
2024-11-08 08:22:00,telegram,bot-send,{15538843},web-1211
2024-11-08 08:22:00,telegram,bot-send,{15538843},web-0611
2024-11-08 08:22:00,telegram,bot-send,"{17150165,18698663}",web-1211
2024-11-12 04:12:00,telegram,bot-send,"{16084821,20106453}",web-1211
2024-12-06 17:53:00,telegram,social,{12349789},web-1112
2024-12-24 16:18:00,telegram,bot-send,"{16743379,19453462,21000955}",web-2412
2024-12-24 16:19:00,telegram,bot-send,{16764879},web-2412
2024-12-24 16:20:00,vkontakte,social,{16853135},web-2412
2024-12-24 16:20:00,telegram,bot-send,"{15942213,16974953,20010059}",web-2412
2024-12-24 16:22:00,telegram,bot-send,"{8853445,19554774}",web-2412
2024-12-24 16:23:00,telegram,bot-send,"{16815989,19322542,20014965}",web-2412
2024-12-24 16:23:00,telegram,bot-send,"{16815989,19322542,20014965}",web-2412
2024-12-24 16:32:00,telegram,social,"{17147699,17428973,17428975,18451713}",web-2412
2024-12-24 16:32:00,telegram,social,"{17147699,17428973,17428975,18451713}",web-2412
2024-12-24 16:59:00,telegram,bot-send,"{16815989,19322542,20014965}",web-2412
2024-12-24 19:17:00,telegram,social,{9832301},web-2412
2025-01-02 18:04:00,unisender,email,"{15545853,24411065,24447353}",advent
2025-01-03 07:40:00,telegram,social,"{12705807,19177727}",advent
2025-01-04 11:40:00,telegram,paid-placement,"{16773339,17631349,18418999,23464085}",advent
2025-01-06 11:36:00,telegram,paid-placement,"{15999339,16764375}",autoweb-yandex
2025-01-07 09:04:00,telegram,paid-placement,"{15557477,16767411}",autoweb-yandex
2025-01-08 09:08:00,telegram,bot-send,"{17000877,18084425,20490435,22069703,24667759}",advent
2025-01-10 10:47:00,unisender,email,{17124297},web-1401
2025-01-10 11:26:00,telegram,social,"{5693721,16690195,18716943}",web-2412
2025-01-10 11:57:00,telegram,bot-send,{15588591},web-1401
2025-01-10 12:41:00,telegram,social,"{15943891,16773887}",Студент
2025-01-10 14:50:00,telegram,bot-send,"{5983741,16765093}",web-1401
2025-01-10 15:08:00,telegram,bot-send,{15922897},web-1401
2025-01-10 16:48:00,telegram,bot-send,"{15908653,16763405}",web-1401
2025-01-10 16:52:00,telegram,bot-send,"{1460603,23961501}",training
2023-12-13 08:50:00,unisender,email,"{16785101,17610155}",LTV-Веб
2023-12-15 09:44:00,bot,events-simulative,"{16699695,19653806}",Pandas
2023-12-15 09:56:00,unisender,email,"{16001739,19950265}",Pandas
2023-12-15 11:03:00,bot,events-simulative,"{10694763,10904619}",Pandas
2023-12-15 11:45:00,telegram,,"{16770865,19301406}",Pandas
2023-12-15 15:39:00,vk,,{16878207},Pandas
2023-12-16 12:22:00,bot,testovoe-ozon,"{16017013,16532045,18912267}",Pandas
2023-12-16 12:22:00,bot,testovoe-ozon,"{16017013,16532045,18912267}",Pandas
2023-12-17 13:43:00,bot,events-simulative,{16740831},Pandas
2023-12-19 20:39:00,unisender,email,{5824941},Pandas-v1
2023-12-20 06:43:00,unisender,email,{7366116},Pandas-pre
2023-12-20 09:06:00,bot,testovoe-ozon,"{5809177,16767187,16767203}",Pandas-pre
2023-12-20 11:18:00,unisender,email,"{16893085,18609873,19990099}",Pandas-v1
2023-12-20 11:27:00,Unisender,email,"{16013171,16762871}",Pandas-v1
2023-12-20 16:51:00,telegram,,{17033243},Pandas-pre
2023-12-21 17:50:00,unisender,email,{16603359},Pandas-pre
2023-12-21 17:53:00,telegram,,{16603359},Pandas-pre
2023-12-22 09:30:00,unisender,email,"{15667785,18847199,19503222}",Pandas-v1
2023-12-22 11:33:00,unisender,email,"{16669409,24574945}",Pandas-pre
2023-12-22 16:31:00,instagram,cpa,{17089011},Pandas-v1
2023-12-23 14:38:00,telegram,,"{15924193,17108465,22058459}",Кейс-АЦ
2023-12-25 08:01:00,unisender,email,"{5809177,16767187,16767203}",Sber-Веб
2023-12-25 08:02:00,unisender,email,{16741325},Sber-Веб
2023-12-25 08:45:00,unisender,email,"{15927075,16695207,16773339,17310203,17631349,18418999,23553585}",Sber-Веб
2023-12-25 11:35:00,unisender,email,"{16784957,20490049}",Sber-Веб
2023-12-25 19:15:00,bot,events-simulative,{17160145},Pandas-v2
2023-12-25 19:15:00,bot,events-simulative,{17160145},Pandas-v2
2023-12-26 11:42:00,bot,events-simulative,"{15667785,18847199,19503222}",Sber-Веб
2023-12-27 09:52:00,,,{15931597},Студент
2023-12-27 23:13:00,unisender,email,"{11436455,16520809}",Pandas-v2
2024-01-04 10:07:00,bot,events-simulative,"{17124341,17323493,18223273}",Pandas-v2
2024-01-04 10:07:00,bot,events-simulative,"{17124341,17323493,18223273}",Pandas-v2
2024-01-04 11:04:00,bot,events-simulative,"{11014471,18361379}",Pandas-pre
2024-01-24 14:10:00,telegram,social,"{12084195,16975267}",Workshop-RFM
2024-02-05 09:43:00,bot,events-simulative,{16511641},Студент
2024-02-20 11:35:00,unisender,email,"{16287273,16767225}",Workshop-RFM
2024-03-01 11:13:00,telegram,bot-send,{16763245},HARD-SQL
2024-03-01 11:13:00,telegram,bot-send,"{10331397,16761959}",Оплата
2024-03-05 14:05:00,telegram,bot-send,"{16684485,18689443}",ROADMAP
2024-03-05 14:07:00,telegram,social,"{15922169,16767575}",ROADMAP
2024-03-05 14:08:00,telegram,social,"{15922169,16767575}",ROADMAP
2024-03-05 15:36:00,telegram,social,"{15970405,16774017}",ROADMAP
2024-03-05 15:37:00,telegram,social,"{15970405,16774017}",ROADMAP
2024-03-05 16:39:00,telegram,social,"{2200671,5806435,18084533,20586583}",ROADMAP
2024-03-05 17:38:00,telegram,bot-send,{16857289},ROADMAP
2024-03-10 14:09:00,telegram,social,{11980183},08.03.2024
2024-03-31 19:21:00,unisender,email,"{16748663,17100103}",DA-TEST-START
2024-03-31 19:38:00,unisender,email,"{16748663,17100103}",DA-TEST
2024-04-11 12:26:00,vk_ads,cpm,{11074775},Workshop-RFM
2024-06-06 08:54:00,telegram,social,"{899109,18648001}",ROADMAP
2024-06-11 20:00:00,unisender,email,{11807293},student-project
2024-07-19 09:44:00,telegram,social,"{15924193,17562089}",web_23_07
2024-07-22 15:17:00,telegram,social,{16765561},web_23_07
2024-07-23 08:57:00,unisender,email,"{16691305,16798093}",web_23_07
2024-07-23 09:12:00,telegram,bot-send,{14728903},web_23_07
2024-07-23 14:40:00,telegram,bot-send,"{16638863,21141338,21960773,25014165}",web_23_07
2024-07-23 17:31:00,unisender,email,"{17000877,18084425,20490435,22069703,24667759}",web_23_07
2024-07-26 17:31:00,partner,itresume,{5800297},6 каверз
2024-08-15 04:13:00,telegram,social,{6513319},intensive-analyst
2024-08-20 16:05:00,telegram,bot-send,{17034101},intensive-analyst
2024-08-20 16:12:00,telegram,bot-send,"{16003791,16767769}",intensive-analyst
2024-08-20 16:22:00,telegram,social,"{9164281,17166441}",intensive-analyst
2024-09-17 17:30:00,unisender,email,"{16259985,16762065,19576502,24830799}",become-bi
2024-10-02 15:19:00,telegram,bot-send,{16542771},lottery
2024-11-13 23:35:00,telegram,bot-send,{16741325},web-1211
2024-11-13 23:39:00,telegram,social,"{7710743,14717267}",web-1211
2024-11-13 23:44:00,unisender,email,{17212651},web-1211
2024-11-14 00:02:00,telegram,social,"{7710743,14717267}",web-1211
2024-11-14 00:02:00,telegram,bot-send,{11989079},web-1211
2024-11-14 00:02:00,telegram,bot-send,"{16017013,16532045,18912267}",web-1211
2024-11-14 00:03:00,telegram,bot-send,{11989079},web-1211
2024-11-18 16:05:00,telegram,social,{16542771},HARD-SQL
2024-11-18 16:11:00,telegram,social,{15927495},HARD-SQL
2024-11-18 16:12:00,telegram,social,{15927495},HARD-SQL
2024-11-18 16:13:00,telegram,social,"{17147699,17428973,17428975,18451713}",HARD-SQL
2024-11-18 16:24:00,telegram,social,{15556555},HARD-SQL
2024-11-18 16:24:00,telegram,social,{15556555},HARD-SQL
2024-11-18 16:35:00,telegram,social,{15930477},HARD-SQL
2024-11-18 16:35:00,telegram,social,{15930477},HARD-SQL
2024-11-21 13:44:00,telegram,bot-send,"{15560415,16770403}",Кейс-АЦ
2024-11-29 17:45:00,telegram,social,{5799545},web-0412
2024-12-02 08:47:00,telegram,social,"{899109,18648001}",6 каверз
2024-12-02 10:32:00,telegram,bot-send,"{17147699,17428973,17428975,18451713}",6 каверз
2024-12-04 13:39:00,telegram,social,{17089011},web-0412
2024-12-04 13:56:00,bloger,social,"{16572479,17133213}",web-0412
2024-12-04 15:49:00,telegram,social,"{16789437,16819743}",web-0412
2024-12-04 15:55:00,telegram,bot-send,{16057487},web-0412
2024-12-04 16:00:00,unisender,email,"{15950709,16529323,16770067}",web-0412
2024-12-11 19:16:00,telegram,bot-send,"{16684485,18689443}",web-1112
2024-12-11 19:21:00,telegram,social,"{15667785,18847199,19503222}",web-1112
2024-12-24 16:11:00,telegram,bot-send,{17034101},web-2412
2024-12-24 16:15:00,telegram,bot-send,"{15928337,19015561,19024235}",web-2412
2024-12-24 16:15:00,telegram,bot-send,"{16743379,19453462,21000955}",web-2412
2024-12-24 16:22:00,telegram,bot-send,"{16815989,19322542,20014965}",web-2412
2024-12-24 16:22:00,telegram,bot-send,"{16815989,19322542,20014965}",web-2412
2025-01-05 10:33:00,telegram,bot-send,"{12718265,18840823,21317974}",advent
2025-01-10 11:17:00,telegram,bot-send,"{15708039,16764909,23523293}",web-1401
2025-01-10 17:14:00,telegram,bot-send,"{16864161,18675121}",web-1401
2025-01-10 18:22:00,telegram,social,"{17149715,19953343,20314445}",web-1401
2025-01-10 19:05:00,telegram,bot-send,{15920135},web-1401
2025-01-10 21:06:00,telegram,bot-send,{16191753},web-1401
2025-01-10 21:16:00,telegram,social,"{17064877,17101475}",Студент
2025-01-11 04:58:00,unisender,email,"{9825095,23710543}",web-1401
2025-01-11 06:11:00,vkontakte,social,"{16699695,19653806}",web-1401
2025-01-11 06:28:00,telegram,social,"{16572479,17133213}",web-1401
2025-01-11 07:17:00,telegram,bot-send,{17178355},web-2611
2025-01-11 19:05:00,telegram,social,{5804501},web-1401
2025-01-11 21:01:00,bloger,social,{5803341},web-1712
2025-01-11 21:44:00,telegram,social,{16370861},web-1401
2023-12-13 04:39:00,unisender,email,{15744043},Кейс-АЦ
2023-12-13 05:51:00,telegram,eto_analytica,{11464607},LTV-Веб
2023-12-13 06:14:00,vk,itresume,{16748657},Pandas
2023-12-13 06:15:00,vk,itresume,{16748657},HARD-SQL
2023-12-13 15:56:00,bot,events-simulative,{16764267},Кейс-АЦ
2023-12-13 16:22:00,youtube,webinar,"{11792445,16764207}",Экскурсия
2023-12-13 16:24:00,youtube,ltv-sql-13-12,"{16762011,16816349}",Экскурсия
2023-12-14 15:09:00,vkontakte,cpc,{16847909},Pandas
2023-12-15 09:34:00,bot,testovoe-ozon,{16766665},Pandas
2023-12-15 09:35:00,bot,events-simulative,{16762351},Pandas
2023-12-15 09:56:00,unisender,email,"{16001739,19950265}",Pandas
2023-12-15 17:37:00,unisender,email,"{15995043,16764165,18222859}",Кейс-АЦ
2023-12-16 09:14:00,bot,testovoe-ozon,"{16893085,18609873,19990099}",Pandas
2023-12-19 11:42:00,telegram,,"{8597793,15922723,17127455}",Pandas-v1
2023-12-19 12:29:00,telegram,,{16033989},Pandas-v1
2023-12-19 13:12:00,bot,free-course-pandas,{15378039},Pandas-v1
2023-12-19 13:12:00,bot,free-course-pandas,{15378039},Pandas-v1
2023-12-19 13:14:00,unisender,email,{5845449},Pandas-pre
2023-12-19 13:19:00,bot,free-course-pandas,"{15922439,19436980,20455897}",Pandas-pre
2023-12-19 13:19:00,bot,free-course-pandas,"{15922439,19436980,20455897}",Pandas-v1
2023-12-19 13:31:00,bot,value-sql,"{16170213,16978525}",Pandas-pre
2023-12-19 13:31:00,bot,value-sql,"{16170213,16978525}",Pandas-VIP
2023-12-19 14:13:00,bot,testovoe-ozon,{16603359},Pandas-v1
2023-12-19 14:33:00,bot,events-simulative,"{16531341,16775575}",Pandas-v1
2023-12-19 14:33:00,bot,events-simulative,"{16531341,16775575}",Pandas-v1
2023-12-19 14:44:00,bot,events-simulative,{16762351},Pandas-v1
2023-12-19 16:14:00,bot,free-course-pandas,{16463705},Pandas-pre
2023-12-19 16:14:00,bot,free-course-pandas,{16463705},Pandas-VIP
2023-12-19 16:15:00,bot,free-course-pandas,{16463705},Pandas-v1
2023-12-19 18:37:00,bot,free-course-pandas,"{15928661,23819030}",Pandas-pre
2023-12-19 22:46:00,unisender,email,{16603359},Pandas-v1
2023-12-19 22:46:00,unisender,email,{16603359},Pandas-v1
2023-12-20 10:35:00,unisender,email,{16531725},Pandas-v1
2023-12-20 11:10:00,bot,events-simulative,{16015601},Pandas-v1
2023-12-20 11:25:00,Unisender,email,"{16013171,16762871}",Pandas-v1
2023-12-20 12:46:00,bot,testovoe-ozon,{16257235},Pandas-v1
2023-12-20 13:15:00,Unisender,email,"{15946775,16785195,17577077}",Pandas-VIP
2023-12-20 15:03:00,Unisender,email,{12022681},Pandas-VIP
2023-12-20 16:51:00,telegram,,{17033243},Pandas-v1
2023-12-20 20:24:00,bot,events-simulative,{16489279},Pandas-v1
2023-12-21 12:39:00,unisender,email,"{15667785,18847199,19503222}",Pandas-v1
2023-12-21 12:39:00,unisender,email,"{15667785,18847199,19503222}",Pandas-v1
2023-12-22 12:23:00,telegram,,{16857289},Pandas-v1
2023-12-22 14:13:00,unisender,email,{15744043},Pandas-pre
2023-12-23 07:10:00,telegram,itresume,{15931597},Sber-Веб
2023-12-23 10:34:00,telegram,itresume,"{16017013,16532045,18912267}",Sber-Веб
2023-12-23 16:01:00,instagram,cpa,{17110453},Pandas-v1
2023-12-23 16:01:00,Unisender,email,{17110453},Pandas-v1
2023-12-24 11:17:00,vk,itresume,{16816881},Sber-Веб
2023-12-24 14:55:00,instagram,cpa,{17130693},Pandas-v1
2023-12-24 18:12:00,,,{16841379},Pandas-pre
2023-12-24 18:12:00,,,{16841379},Pandas-v1
2023-12-25 08:02:00,unisender,email,{16784025},Sber-Веб
2023-12-25 10:06:00,bot,testovoe-ozon,"{16549177,20634357}",Sber-Веб
2023-12-25 10:07:00,unisender,email,{5820699},Sber-Веб
2023-12-25 10:08:00,bot,testovoe-ozon,{16741325},Sber-Веб
2023-12-25 13:54:00,bot,free-course-pandas,{15931597},Sber-Веб
2023-12-26 07:36:00,instagram,cpa,{15999087},Pandas-pre
2023-12-26 07:36:00,instagram,cpa,{15999087},Pandas-v2
2023-12-26 07:37:00,instagram,cpa,{15999087},Pandas-v2
2023-12-26 07:45:00,bot,live-course-sql,{14712829},Pandas-VIP
2023-12-26 07:57:00,bot,value-sql,{16003161},Sber-Веб
2023-12-27 14:18:00,telegram,bot,{16057487},Заморозка
2023-12-28 19:26:00,telegram,,"{17220445,17493701}",Pandas-pre
2023-12-29 13:02:00,,,"{17151345,17232163,19399386}",Pandas-pre
2024-01-03 09:45:00,Unisender,email,"{16013985,17154261,19412264,20682793}",Pandas-VIP
2024-01-04 07:40:00,unisender,email,"{16785101,17610155}",Pandas-v2
2024-01-11 18:01:00,bot,marafon-interview,{15922423},Pandas-pre
2024-01-16 10:39:00,,,{16978579},Pandas-pre
2024-01-16 10:39:00,,,{16978579},Pandas-v3
2024-01-17 16:57:00,unisender,email,"{16815413,17006383,17006385}",Pandas-v3
2024-01-17 19:01:00,unisender,email,{15960225},Pandas-pre
2024-01-24 15:34:00,telegram,pandas-chat,{16741325},Workshop-RFM
2024-01-24 17:57:00,telegram,pandas-chat,"{16066779,16770183}",Workshop-RFM
2024-01-25 21:09:00,livedigital,video,"{15943891,16773887}",Оплата
2024-01-27 22:23:00,telegram,pandas-chat,"{17123457,17541177,18678281,21487554}",Pandas-VIP
2024-02-07 11:55:00,unisender,email,"{15927075,16695207,16773339,17310203,17631349,18418999,23553585}",6 каверз
2024-02-07 13:50:00,unisender,email,{16857289},6 каверз
2024-02-23 14:19:00,telegram,bot-send,"{15928337,19015561,19024235}",Workshop-RFM
2024-05-27 13:35:00,telegram,bot-send,"{15621747,16768801}",Предзапись DA
2024-06-04 14:57:00,telegram,bot-send,"{15928337,19015561,19024235}",plan-python
2024-06-13 16:14:00,telegram,bot-send,"{16561367,16766579,16864685,19270727}",web_13_06
2024-06-18 12:49:00,unisender,email,{17060195},SPEC-DA-TEST-START
2024-06-20 09:13:00,unisender,email,"{15950709,16529323,16770067}",МК-Python
2024-07-04 04:25:00,telegram,social,{15378039},PRODUCT-TEST-START
2024-07-09 18:21:00,telegram,social,"{15895095,21196294,21339476}",web_09_07
2024-07-16 10:24:00,telegram,bot-send,"{16773339,17631349,18418999,23464085}",КАРЬЕРНЫЙ
2024-07-16 10:33:00,telegram,bot-send,"{17149715,19953343,20314445}",Python-FREE
2024-07-16 10:38:00,telegram,bot-send,"{15549745,16778589}",КАРЬЕРНЫЙ
2024-07-22 07:53:00,telegram,bot-send,"{15995043,16764165,18222859}",web_23_07
2024-07-22 07:59:00,unisender,email,"{16762569,18846263}",web_23_07
2024-08-06 16:58:00,unisender,email,{16003203},web-resume
2024-08-20 09:23:00,bloger,post,{10945781},intensive-analyst
2024-09-17 11:40:00,unisender,email,"{16784197,17303493}",become-bi
2024-10-05 08:59:00,telegram,bot-send,"{15560415,16770403}",web-geo-analyt
2024-10-10 11:44:00,unisender,email,{16510153},web-power-bi
2024-10-25 17:28:00,telegram,social,"{16084991,16977925,18659265}",web-2910
2024-10-29 09:09:00,telegram,bot-send,"{15924235,17743009}",web-2910
2024-11-01 20:29:00,telegram,social,{16370861},Консультация
2024-11-05 15:44:00,telegram,paid-placement,"{17143617,20730839}",web-0611
2024-11-12 09:24:00,unisender,email,"{9347081,17154923}",web-1211
2024-11-12 09:47:00,telegram,paid-placement,"{15921793,15927163,17122529}",web-1211
2024-11-12 16:09:00,telegram,social,{17118163},web-1211
2024-11-12 19:58:00,bloger,post,"{17151787,17558471,21456436,21502670,21566010}",web-1211
2024-11-13 23:32:00,telegram,bot-send,{15569467},web-1211
2024-11-13 23:41:00,telegram,social,"{16281907,16792385}",web-1211
2024-11-13 23:50:00,telegram,bot-send,"{16017013,16532045,18912267}",web-1211
2024-11-13 23:51:00,telegram,paid-placement,{15569323},web-1211
2024-11-13 23:54:00,telegram,social,{17089011},web-1211
2024-11-14 15:19:00,telegram,social,{16784025},SPEC-DA-TEST-START
2024-11-18 17:34:00,telegram,social,"{16053107,16761795}",HARD-SQL
2024-11-22 09:17:00,telegram,bot-send,{15556555},web-2611
2024-11-22 09:20:00,telegram,bot-send,{16077105},web-2611
2024-11-22 10:05:00,telegram,social,"{17151209,19295911,21692221}",web-2611
2024-11-25 13:11:00,telegram,bot-send,{15588591},PRODUCT-TEST-START
2024-11-25 14:59:00,vkontakte,social,{5801595},web-2611
2024-11-25 18:22:00,telegram,social,"{17064877,17101475}",PRODUCT-TEST
2024-11-25 18:27:00,telegram,bot-send,"{5802551,18648021}",PRODUCT-TEST-START
2024-11-26 06:02:00,telegram,social,{16572265},web-2611
2024-11-26 16:04:00,telegram,bot-send,"{17000877,18084425,20490435,22069703,24667759}",web-2611
2024-11-29 09:20:00,telegram,bot-send,{16489279},web-0412
2024-11-29 09:23:00,telegram,social,{12137285},web-0412
2024-12-03 10:44:00,telegram,paid-placement,{11377605},web-0412
2024-12-06 17:34:00,telegram,bot-send,{16489279},web-1112
2025-01-10 21:47:00,telegram,social,{12349789},web-1401
2025-01-11 05:56:00,telegram,social,{16572265},web-1401
2023-12-12 17:45:00,youtube,webinar,"{15999363,16775393}",
2023-12-13 08:45:00,instagram,cpa,"{16784957,20490049}",Pandas
2023-12-15 09:15:00,bot,testovoe-ozon,"{16864161,18675121}",Pandas
2023-12-16 11:29:00,telegram,itresume,{15923745},HARD-SQL
2023-12-19 12:22:00,unisender,email,"{15927075,16695207,16773339,17310203,17631349,18418999,23553585}",Pandas-v1
2023-12-20 13:15:00,Unisender,email,"{15946775,16785195,17577077}",Pandas-v1
2023-12-24 20:23:00,Unisender,email,"{17064877,17101475}",Pandas-v1
2023-12-25 12:08:00,bot,events-simulative,{5803341},Sber-Веб
2023-12-25 14:05:00,bot,events-simulative,"{17000877,18084425,20490435,22069703,24667759}",Sber-Веб
2024-01-03 08:54:00,,,"{899109,18648001}",Pandas-pre
2024-01-03 09:43:00,unisender,email,"{5809177,16767187,16767203}",Pandas-pre
2024-01-03 12:55:00,bot,free-course-pandas,{15270129},Pandas-v2
2024-01-03 12:55:00,bot,free-course-pandas,{15270129},Pandas-pre
2024-01-03 13:26:00,bot,events-simulative,"{15995043,16764165,18222859}",Pandas-pre
2024-01-03 13:40:00,unisender,email,{5807709},Pandas-v2
2024-01-03 13:41:00,unisender,email,{5807709},Pandas-v2
2024-01-03 14:16:00,bot,free-course-pandas,{15588591},Pandas-pre
2024-01-03 15:42:00,unisender,email,"{15889391,16766247,19329846,20771041}",Pandas-pre
2024-01-03 15:42:00,unisender,email,"{15889391,16766247,19329846,20771041}",Pandas-v2
2024-01-03 16:26:00,unisender,email,{5801075},Pandas-v2
2024-01-03 17:36:00,bot,events-simulative,{16531725},Pandas-v2
2024-01-03 18:17:00,youtube,mk-22-02-2023,"{15921749,16695207,16773339}",Pandas-pre
2024-01-04 06:28:00,bot,events-simulative,{16842355},Pandas-pre
2024-01-04 06:55:00,unisender,email,"{12578989,18222813}",Pandas-pre
2024-01-04 06:56:00,unisender,email,"{12578989,18222813}",Pandas-v2
2024-01-04 07:34:00,unisender,email,{15921957},Pandas-pre
2024-01-04 07:58:00,unisender,email,"{15948581,16764269}",Pandas-v2
2024-01-04 08:16:00,unisender,email,{15999087},Pandas-pre
2024-01-04 21:42:00,Unisender,email,"{11470833,16796217,16796225}",Pandas-v2
2024-01-05 10:46:00,bot,events-simulative,{5803341},Pandas-v2
2024-01-05 14:02:00,unisender,email,{16489279},Pandas-pre
2024-01-06 09:41:00,,,{15999087},Pandas-pre
2024-01-06 14:36:00,bot,free-course-pandas,{16287433},Pandas-pre
2024-01-06 14:43:00,bot,free-course-pandas,{16287433},Pandas-VIP
2024-01-06 14:51:00,Unisender,email,{16287433},Pandas-VIP
2024-01-07 05:12:00,unisender,email,{15744043},Pandas-v2
2024-01-07 19:17:00,bot,events-simulative,{16057487},Заморозка
2024-01-12 08:58:00,unisender,email,"{16003335,16767837}",Pandas-VIP
2024-01-14 17:48:00,,,"{15927075,16695207,16773339,17310203,17631349,18418999,23553585}",Pandas-v3
2024-01-14 20:06:00,Unisender,email,{5807709},Pandas-v3
2024-01-14 20:06:00,Unisender,email,{5807709},Pandas-VIP
2024-01-14 23:52:00,,,{12488361},Pandas-v3
2024-01-15 17:04:00,,,"{17123457,17541177,18678281,21487554}",Pandas-pre
2024-01-16 10:24:00,unisender,email,{17033243},Pandas-v3
2024-01-16 11:16:00,unisender,email,{17105135},Pandas-v3
2024-01-16 12:22:00,telegram,bot-send,"{17162229,17554629,18678053,19001817}",Pandas-pre
2024-01-16 13:07:00,unisender,email,"{16078131,19413190}",Pandas-pre
2024-01-16 14:05:00,telegram,bot-send,"{16766369,17160145,17556815}",Pandas-v3
2024-01-16 14:51:00,telegram,bot-send,"{15943891,16773887}",Pandas-v3
2024-01-16 15:41:00,unisender,email,"{15889391,16766247,19329846,20771041}",Pandas-v3
2024-01-16 18:30:00,telegram,bot-send,"{17146799,17328989}",Консультация
2024-01-16 19:51:00,telegram,bot-send,"{17129421,17562213}",Pandas-v3
2024-01-17 08:59:00,telegram,bot-send,"{17006467,18897949}",Pandas-v3
2024-01-17 10:02:00,unisender,email,"{17147699,17428973,17428975,18451713}",Pandas-pre
2024-01-24 11:17:00,unisender,email,"{16762011,16816349}",Workshop-RFM
2024-01-24 11:21:00,unisender,email,{15930551},Workshop-RFM
2024-02-07 13:28:00,unisender,email,{16257629},6 каверз
2024-02-20 12:07:00,unisender,email,{5825207},Workshop-RFM
2024-04-04 04:26:00,,,{9041779},Workshop-RFM
2024-04-04 09:48:00,telegram,social,"{15938237,16761965}",abc-portfolio
2024-04-04 10:52:00,unisender,email,"{12578989,18222813}",abc-portfolio
2024-04-07 06:21:00,telegram,bot-send,"{16549177,20634357}",SPEC-DA-TEST-START
2024-04-10 13:58:00,telegram,social,"{16770865,19301406}",DA-TEST
2024-04-16 11:16:00,telegram,bot-send,{16003369},SQL-16-04-24
2024-05-13 18:28:00,telegram,bot-send,{17178355},plan-python
2024-09-22 13:07:00,unisender,email,{15929783},web-2409
2024-10-07 08:08:00,telegram,social,{5825207},web-geo-analyt
2024-10-08 07:22:00,telegram,social,{15569323},web-geo-analyt
2024-11-12 06:46:00,telegram,paid-placement,{17162981},web-1211
2024-11-14 00:35:00,telegram,social,{17034101},web-1211
2024-12-10 16:48:00,telegram,social,{16200535},web-2611
2024-12-13 09:03:00,telegram,social,{15943559},web-1712
2024-12-13 09:22:00,telegram,bot-send,{7366116},web-1712
2024-12-13 09:25:00,telegram,bot-send,"{16815413,17006383,17006385}",web-1712
2024-12-13 09:35:00,telegram,bot-send,{15569467},web-1712
2024-12-13 09:50:00,telegram,social,"{15948581,16764269}",abc-portfolio
2024-12-13 11:25:00,telegram,bot-send,{8445281},Консультация
2024-12-13 11:26:00,telegram,bot-send,{8445281},Консультация
2024-12-13 17:43:00,telegram,bot-send,{16770865},web-1712
2024-12-13 19:07:00,telegram,social,"{7710743,14717267}",web-1712
2024-12-14 02:38:00,telegram,bot-send,{16996099},web-1712
2024-12-15 15:19:00,telegram,bot-send,{11264135},web-1712
2024-12-17 15:05:00,telegram,bot-send,"{16772541,20843231}",web-1712
2024-12-17 15:35:00,telegram,social,"{15943891,16773887}",web-1712
2024-12-17 16:03:00,telegram,bot-send,{7366116},web-1712
2024-12-17 16:05:00,telegram,bot-send,{5801595},web-1712
2025-01-01 09:45:00,telegram,social,"{16003565,16764873,17290925,17553527,17829067,19544884,19867361,20886197,24161655,24395845}",advent
2025-01-03 13:22:00,unisender,email,{11377605},advent
2025-01-05 08:34:00,telegram,social,"{16275885,17101289,24452351}",advent
2025-01-05 10:45:00,telegram,bot-send,"{15999363,16775393}",advent
2025-01-07 16:40:00,telegram,paid-placement,{11989079},autoweb-yandex
2025-01-10 11:13:00,telegram,bot-send,{16816881},web-1401
2025-01-10 11:24:00,unisender,email,{17060195},web-1401
2025-01-10 11:33:00,telegram,bot-send,{17099405},web-1401
2025-01-10 12:01:00,telegram,bot-send,"{15921749,16695207,16773339}",web-1401
2025-01-12 12:09:00,unisender,email,"{15927075,16695207,16773339,17310203,17631349,18418999,23553585}",web-1401
2025-01-12 20:14:00,telegram,bot-send,"{16003565,17553527,17829067,20886197,22364977,23647487,24161655}",web-1401
2025-01-13 05:53:00,telegram,paid-placement,"{16078131,19413190}",web-1401
2025-01-13 06:24:00,telegram,bot-send,"{16773339,17163457,18418999}",web-1401
2025-01-13 06:53:00,telegram,bot-send,"{16011643,19950481,20319115}",web-1401
2025-01-13 07:35:00,telegram,paid-placement,{16257629},web-1401
2025-01-13 09:39:00,telegram,bot-send,{5824941},web-1401
2025-01-13 16:48:00,telegram,bot-send,"{1460603,23961501}",
2025-01-14 10:31:00,telegram,bot-send,{16078217},web-1401
2025-01-14 15:46:00,vkontakte,social,{11377605},web-1401
2025-01-15 11:33:00,telegram,social,{16238231},Ads-metrics
2023-12-13 20:43:00,bot,free-course-pandas,{15954809},LTV-Веб
2023-12-13 20:43:00,telegram,itresume,"{5840561,16823375,17195057}",HARD-SQL
2023-12-15 10:02:00,bot,events-simulative,{5820699},Pandas
2023-12-19 13:20:00,,,"{16084991,16977925,18659265}",Pandas-pre
2023-12-19 14:42:00,bot,events-simulative,"{16011643,16871171,19092417}",Pandas-pre
2023-12-19 16:24:00,bot,events-simulative,"{16529751,18612143}",Pandas-pre
2023-12-23 14:21:00,,,{14712829},Pandas-pre
2023-12-23 19:32:00,bot,value-sql,{16008929},Кейс-АЦ
2023-12-26 17:29:00,bot,testovoe-bank-otkrytie,{17177743},Pandas-pre
2024-01-03 08:05:00,bot,events-simulative,"{16003335,16767837}",Pandas-pre
2024-01-03 08:56:00,telegram,itresume,"{17220445,17493701}",Pandas-pre
2024-01-03 08:56:00,telegram,itresume,"{17220445,17493701}",Pandas-v2
2024-01-03 08:56:00,telegram,itresume,"{17220445,17493701}",Pandas-v2
2024-01-03 10:00:00,unisender,email,{5803341},Pandas-pre
2024-01-03 13:34:00,,,{5807709},Pandas-v2
2024-01-04 11:58:00,telegram,,"{17146799,17328989}",Pandas-v2
2024-01-17 16:31:00,vkontakte,cpc,"{17147329,17580017,21615360}",Pandas-v3
2024-01-19 11:32:00,unisender,email,"{15927075,16695207,16773339,17310203,17631349,18418999,23553585}",Pandas-v3
2024-01-20 09:20:00,telegram,bot-send,{16001333},Консультация
2024-01-21 15:15:00,unisender,email,"{16003791,16767769}",Pandas-v3
2024-01-21 21:02:00,telegram,bot-send,"{17038527,17683033}",Pandas-pre
2024-01-22 11:23:00,bot,events-simulative,"{16001125,16761823}",Студент
2024-01-24 12:08:00,unisender,email,{16582491},Workshop-RFM
2024-01-24 12:39:00,unisender,email,"{16003565,16764873,17290925,17553527,17829067,19544884,19867361,20886197,24161655,24395845}",Workshop-RFM
2024-01-24 13:05:00,unisender,email,{15931597},Workshop-RFM
2024-01-24 13:05:00,unisender,email,{15931597},Workshop-RFM
2024-01-25 06:29:00,telegram,pandas-chat,"{16228633,16771429}",Workshop-RFM
2024-01-25 07:20:00,vkontakte,,"{16275885,17101289,24452351}",Workshop-RFM
2024-01-25 16:11:00,telegram,social,"{16003401,16776137,19318216}",Workshop-RFM
2024-01-26 19:50:00,,,{16816361},Pandas-pre
2024-02-07 11:45:00,unisender,email,{16868745},6 каверз
2024-02-07 11:46:00,unisender,email,"{17104677,17569777}",6 каверз
2024-02-07 11:52:00,unisender,email,"{16060763,22961007}",6 каверз
2024-02-07 11:53:00,unisender,email,{16091907},6 каверз
2024-02-07 12:38:00,unisender,email,"{15927075,16695207,17631349,19006309}",6 каверз
2024-02-08 22:19:00,telegram,social,"{16003401,16776137,19318216}",6 каверз
2024-02-10 14:11:00,unisender,email,{17175813},HARD-SQL
2024-02-12 07:49:00,telegram,social,{16528805},6 каверз
2024-02-16 11:46:00,telegram,bot,{17145927},Студент
2024-02-19 03:44:00,unisender,email,"{16528877,16801525,16816427,16865855}",6 каверз
2024-02-19 14:35:00,telegram,bot-send,"{16528877,16801525,16816427,16865855}",Workshop-RFM
2024-02-19 14:53:00,telegram,bot-send,"{9343497,22856197,25323757}",Workshop-RFM
2024-02-26 11:35:00,telegram,bot-send,"{15621747,16768801}",HARD-SQL
2024-02-28 08:22:00,bot,free-course-pandas,{15989583},Студент
2024-03-05 09:49:00,unisender,email,"{16766595,17554027}",ROADMAP
2024-03-05 11:09:00,telegram,bot-send,{2205259},ROADMAP
2024-03-05 13:36:00,telegram,bot-send,"{17064877,17101475}",ROADMAP
2024-03-07 12:35:00,livedigital,video,"{15943891,16773887}",Студент
2024-03-07 18:04:00,telegram,bot-send,{16788821},ROADMAP
2024-03-07 18:04:00,telegram,bot-send,{16788821},ROADMAP
2024-03-08 08:05:00,unisender,email,{11464607},08.03.2024
2024-03-08 09:07:00,telegram,social,"{11787181,12343743,25212617}",08.03.2024
2024-03-08 09:44:00,telegram,social,"{16002555,16784777}",08.03.2024
2024-03-08 10:22:00,telegram,bot-send,{17105135},08.03.2024
2024-03-08 10:35:00,telegram,social,"{16552793,17148487}",08.03.2024
2024-03-08 10:40:00,unisender,email,"{16084821,20106453}",08.03.2024
2024-03-08 16:20:00,telegram,social,"{15970405,16774017}",08.03.2024
2024-03-12 09:36:00,telegram,social,"{16228633,16771429}",portfolio ideas
2024-03-12 09:37:00,telegram,social,"{16228633,16771429}",20ideas
2024-03-12 09:49:00,telegram,social,"{17146215,17146219,17177795}",portfolio ideas
2024-03-12 10:32:00,telegram,social,"{5800233,16764845}",portfolio ideas
2024-03-12 11:06:00,unisender,email,"{5809177,16767187,16767203}",20ideas
2024-03-12 14:35:00,telegram,bot-send,"{16001739,19950265}",20ideas
2024-03-12 14:42:00,telegram,bot-send,"{16766595,17554027}",20ideas
2024-03-19 10:28:00,telegram,social,"{12084195,16975267}",Ads-metrics
2024-03-19 13:12:00,telegram,social,{5825207},Ads-metrics
2024-03-19 14:04:00,unisender,email,{11264135},Ads-metrics
2024-03-19 18:52:00,unisender,email,"{16743379,19453462,21000955}",Ads-metrics
2024-03-21 12:24:00,,,"{17123457,17541177,18678281,21487554}",DA-TEST
2024-03-21 12:28:00,,,"{16766403,17180005,18352763,18371345,18522335}",DA-TEST-START
2024-03-22 07:54:00,,,"{15924193,17108465,22058459}",DA-TEST-START
2024-03-22 09:15:00,unisender,email,"{16762011,16816349}",DA-TEST-START
2024-03-22 16:22:00,telegram,social,{5800297},DA-TEST
2024-03-23 16:07:00,telegram,bot-send,"{16056423,16769383}",ROADMAP
2024-03-27 08:52:00,unisender,email,"{16267739,19910637,22930899}",tinkoff-1
2024-03-27 09:30:00,telegram,bot-send,"{16011643,16871171,19092417}",DA-TEST
2024-03-27 09:42:00,telegram,bot-send,"{15999339,16764375}",DA-TEST-START
2024-03-27 11:56:00,telegram,bot,{11766391},Экскурсия
2024-03-27 14:41:00,telegram,social,{15923745},tinkoff-1
2024-03-27 21:32:00,vkontakte,social,{16957229},DA-TEST
2024-03-28 20:21:00,telegram,bot-send,"{16066779,16770183}",tinkoff-1
2024-03-28 20:21:00,telegram,bot-send,"{16066779,16770183}",tinkoff-1
2024-03-29 00:29:00,telegram,social,"{17123457,17541177,18678281,21487554}",tinkoff-1
2024-03-29 10:31:00,telegram,social,"{17220445,17493701}",Ads-metrics
2024-03-29 10:48:00,telegram,social,"{16059185,19052623}",6 каверз
2024-04-16 16:02:00,telegram,bot-send,{16191753},SQL-16-04-24
2024-10-10 10:22:00,unisender,email,{11989079},web-power-bi
2024-10-10 10:44:00,unisender,email,"{16287273,16767225}",web-power-bi
2024-10-10 11:11:00,unisender,email,"{16772541,20843231}",web-power-bi
2024-10-10 11:12:00,unisender,email,"{15928337,19015561,19024235}",web-power-bi
2024-10-10 11:23:00,telegram,bot-send,{12367367},web-power-bi
2024-10-10 15:57:00,telegram,bot-send,{17177205},web-power-bi
2024-10-11 05:35:00,telegram,bot-send,{15999087},web-power-bi
2024-10-14 16:41:00,telegram,paid-placement,"{15895095,16011643,19032967}",web-power-bi
2024-10-15 15:03:00,unisender,email,"{10654999,17558293}",web-power-bi
2024-10-15 15:58:00,telegram,social,{15996447},web-power-bi
2024-10-15 17:13:00,telegram,bot-send,"{16638863,21141338,21960773,25014165}",web-power-bi
2024-10-15 17:13:00,telegram,bot-send,{5801595},web-power-bi
2024-10-15 18:04:00,telegram,bot-send,"{16013985,17154261,19412264,20682793}",web-power-bi
2024-11-02 09:33:00,unisender,email,{15556555},web-0611
2024-11-12 07:37:00,bloger,post,"{16743379,19453462,21000955}",web-1211
2024-11-12 07:48:00,bloger,post,"{15557477,16767411}",web-1211
2024-11-12 08:08:00,bloger,post,"{17151209,19295911,21692221}",web-1211
2024-11-12 08:08:00,bloger,post,{15556555},web-1211
2024-11-12 09:50:00,telegram,social,{16005629},SPEC-DA-TEST-START
2024-11-13 23:04:00,bloger,post,{16765561},web-1211
2024-11-19 07:53:00,telegram,social,{16784025},HARD-SQL
2024-11-19 07:53:00,telegram,social,{16784025},HARD-SQL
2024-11-22 12:18:00,telegram,bot-send,"{16084821,20106453}",web-2611
2024-12-13 16:31:00,unisender,email,"{16833811,16833813}",web-1712
2024-12-13 17:09:00,telegram,bot-send,{17177205},web-1712
2024-12-16 05:14:00,telegram,bot-send,{16764879},web-1712
2024-12-17 17:39:00,telegram,bot-send,"{16003565,16764873,17290925,17553527,17829067,19544884,19867361,20886197,24161655,24395845}",PRODUCT-TEST
2024-12-19 03:43:00,telegram,social,"{16017013,16532045,18912267}",abc-portfolio
2024-12-20 17:02:00,telegram,social,"{2200671,5806435,18084533,20586583}",web-2412
2024-12-21 09:56:00,telegram,paid-placement,"{17151787,17558471,21456436,21502670,21566010}",web-2412
2024-12-21 12:49:00,telegram,social,{16741325},Студент
2024-12-21 18:47:00,telegram,social,"{17123447,19839367}",web-1712
2024-12-21 22:27:00,telegram,paid-placement,{16257629},web-2412
2024-12-22 10:23:00,telegram,social,{16996099},web-2412
2024-12-23 06:21:00,telegram,paid-placement,{17150093},web-2412
2025-01-14 10:35:00,telegram,bot-send,{16078217},DA-TEST-START
2025-01-15 11:26:00,telegram,bot-send,{16003203},web-1401
2025-01-15 11:27:00,telegram,bot-send,{16003203},Ads-metrics
2025-01-15 11:27:00,telegram,social,"{16267739,19910637,22930899}",Ads-metrics
2025-01-15 11:28:00,telegram,bot-send,"{16815413,17006383,17006385}",Ads-metrics
2025-01-15 11:37:00,telegram,social,"{17038527,17683033}",Ads-metrics
2025-01-23 11:48:00,telegram,bot-send,"{15570281,16770335}",portfolio ideas
2025-01-24 08:01:00,telegram,social,"{17156637,20605369,20764479}",Ads-metrics
2025-01-24 10:57:00,telegram,social,"{16281907,16792385}",web-2801
2025-01-24 16:16:00,telegram,bot-send,"{16774955,18347079}",web-2801
2023-12-13 18:19:00,telegram,,"{15560051,16754921}",Кейс-АЦ
2023-12-14 15:28:00,unisender,email,"{15948581,16764269}",Экскурсия
2023-12-19 12:19:00,unisender,email,"{15948581,16764269}",Pandas-pre
2023-12-19 13:20:00,,,"{16084991,16977925,18659265}",Pandas-v1
2023-12-19 21:07:00,unisender,email,{15916845},Pandas-v1
2023-12-20 00:36:00,bot,value-sql,{12488361},Pandas-pre
2023-12-21 17:05:00,vkontakte,cpc,{17060195},Pandas-v1
2023-12-22 13:36:00,bot,events-simulative,{16031367},Pandas-v1
2023-12-22 13:37:00,Unisender,email,{16031367},Pandas-v1
2023-12-22 15:35:00,bot,value-sql,"{16056423,16769383}",Кейс-АЦ
2023-12-22 15:35:00,bot,value-sql,"{16056423,16769383}",Кейс-АЦ
2023-12-23 07:10:00,telegram,itresume,"{11787181,12343743,25212617}",Sber-Веб
2023-12-24 10:30:00,telegram,datasciencejobs,{16008929},Sber-Веб
2023-12-25 08:07:00,unisender,email,{16762351},Sber-Веб
2023-12-25 09:36:00,telegram,itresume,"{16691305,16798093}",Sber-Веб
2024-04-04 11:23:00,telegram,bot-send,{16784739},abc-portfolio
2024-04-04 11:28:00,telegram,bot-send,"{5814679,20781819}",abc-portfolio
2024-04-04 12:36:00,telegram,bot-send,{2205259},abc-portfolio
2024-04-05 09:49:00,telegram,bot-send,{15960225},SPEC-DA-TEST-START
2024-04-05 10:11:00,telegram,social,{16270415},SPEC-DA-TEST
2024-04-05 10:21:00,unisender,email,"{17122293,18713659}",SPEC-DA-TEST
2024-04-05 11:07:00,telegram,bot-send,"{16281907,16792385}",SPEC-DA-TEST
2024-04-05 12:36:00,telegram,bot-send,{15607005},SPEC-DA-TEST-START
2024-04-09 08:53:00,telegram,bot-send,"{15948581,16764269}",DA-TEST-START
2024-04-09 09:27:00,unisender,email,{16529237},Python-FREE
2024-04-09 09:33:00,unisender,email,"{16570977,18237375}",Python-FREE
2024-04-09 09:49:00,unisender,email,"{15995043,16764165,18222859}",Python-FREE
2024-04-09 10:58:00,unisender,email,{16003915},Python-FREE
2024-04-09 11:31:00,unisender,email,{5807709},Python-FREE
2024-04-09 15:33:00,telegram,bot-send,"{16003159,18616975}",SPEC-DA-TEST-START
2024-04-09 15:38:00,telegram,bot-send,"{16003159,18616975}",SPEC-DA-TEST
2024-04-11 19:49:00,telegram,social,"{15970405,16774017}",DA-TEST-START
2024-04-12 10:09:00,telegram,bot-send,{17178355},Студент
2024-04-13 17:54:00,,,"{15970405,16774017}",Студент
2024-04-15 11:43:00,unisender,email,{16541723},Python-FREE
2024-04-15 12:35:00,telegram,social,"{15999339,16764375}",Python-FREE
2024-04-16 09:02:00,unisender,email,"{17104677,17569777}",SQL-16-04-24
2024-04-16 09:27:00,telegram,bot-send,"{17104677,17569777}",SQL-16-04-24
2024-04-16 10:34:00,unisender,email,{5801075},SQL-16-04-24
2024-04-16 15:03:00,telegram,social,"{5840561,16823375,17195057}",SQL-16-04-24
2024-04-16 17:28:00,webinar,livedigital,"{16003565,16764873,17290925,17553527,17829067,19544884,19867361,20886197,24161655,24395845}",Оплата
2024-04-16 17:29:00,webinar,livedigital,"{15548959,16763825,18256737,19434630}",Оплата
2024-04-16 19:04:00,telegram,social,"{8328733,20015455}",DA-TEST-START
2024-04-21 11:22:00,Unisender,email,"{16084821,20106453}",SPEC-DA-TEST
2024-04-23 03:31:00,telegram,bot-send,"{16059185,19052623}",Python-FREE
2024-04-24 14:51:00,,social,{15930477},Студент
2024-04-24 17:40:00,telegram,social,"{17162229,17554629,18678053,19001817}",DA-TEST-START
2024-04-25 12:56:00,telegram,bot-send,"{15916041,18583517}",ГЛЕБ042024
2024-05-07 13:35:00,telegram,bot-send,{11807293},Python-FREE
2024-05-16 20:59:00,unisender,email,"{2200671,5806435,18084533,20586583}",Select-Materials
2024-05-19 12:38:00,telegram,social,{6513319},plan-python
2024-05-19 12:38:00,telegram,social,{6513319},Select-Materials
2024-05-23 08:17:00,unisender,email,{17177743},20ideas
2024-05-23 08:21:00,unisender,email,"{12578989,18222813}",20ideas
2024-05-23 09:57:00,telegram,social,{15927495},20ideas
2024-05-24 12:40:00,telegram,social,{15378039},20ideas
2024-05-25 04:34:00,old-lms,menu,{16572265},Консультация
2024-05-25 04:35:00,old-lms,menu,{16572265},СОБЕС-ДЕМО
2024-05-27 11:52:00,telegram,social,"{9164281,17166441}",Студент
2024-06-03 06:59:00,unisender,email,{16924767},Python-FREE
2024-06-04 07:39:00,telegram,social,{5801595},Python-FREE
2024-06-06 08:59:00,telegram,bot-send,{11807293},ROADMAP
2024-06-06 15:48:00,old-lms,lesson,{5801075},Python-FREE
2024-06-06 16:06:00,telegram,bot-send,"{16267739,19910637,22930899}",ROADMAP
2024-06-10 09:29:00,unisender,email,{16978579},6 каверз
2024-06-11 12:00:00,telegram,social,"{17146799,17328989}",Python-FREE
2024-06-18 12:23:00,telegram,bot-send,"{16744437,20683779,21610186}",SPEC-DA-TEST
2024-07-06 09:50:00,telegram,social,{15923167},web_09_07
2024-07-18 09:20:00,unisender,email,{15577061},DA-TEST-START
2024-08-02 14:48:00,telegram,bot-send,{12488361},web-resume
2024-08-20 09:16:00,unisender,email,{10945781},intensive-analyst
2024-09-13 14:08:00,telegram,social,"{16003565,16764873,17290925,17553527,17829067,19544884,19867361,20886197,24161655,24395845}",become-bi
2024-09-13 19:35:00,telegram,social,{5804501},Студент
2024-09-16 10:19:00,telegram,bot-send,"{17156637,20605369,20764479}",become-bi
2024-09-16 11:09:00,bloger,post,"{16561641,17151733}",become-bi
2024-09-17 17:47:00,telegram,bot-send,"{10787621,16772781}",become-bi
2024-09-18 12:36:00,telegram,bot-send,"{15916041,18583517}",Python-FREE
2024-09-20 11:03:00,telegram,bot-send,{15923167},web-2409
2024-10-08 18:00:00,telegram,social,{16572265},web-geo-analyt
2024-10-15 08:36:00,telegram,bot-send,"{16815413,17006383,17006385}",web-power-bi
2024-10-16 08:21:00,telegram,social,{5825207},web-power-bi
2024-10-19 17:32:00,unisender,email,{5801075},web_23_07
2024-10-22 09:27:00,unisender,email,"{16784957,20490049}",web-2310
2024-10-22 16:17:00,telegram,paid-placement,"{16002315,17136577,18651907,18658731,19040861}",web-2310
2024-10-23 07:38:00,unisender,email,"{5800343,16767323}",web-2310
2024-10-23 08:55:00,telegram,bot-send,"{15549257,17146927,18114357}",web-2310
2024-10-23 15:04:00,unisender,email,{16788821},web-2310
2024-10-23 16:15:00,telegram,social,{15538843},web-2310
2024-10-23 16:15:00,telegram,social,{15538843},web-2310
2024-11-02 10:22:00,telegram,bot-send,"{16011643,19950481,20319115}",web-0611
2024-11-02 10:22:00,telegram,bot-send,{5801595},web-0611
2024-11-12 15:44:00,telegram,bot-send,{16292997},web-1211
2024-12-04 10:59:00,telegram,bot-send,{15922837},web-0412
2024-12-04 16:09:00,webinar,livedigital,{12137285},Консультация
2024-12-04 16:09:00,telegram,bot-send,"{5840561,16823375,17195057}",web-0412
2024-12-04 16:12:00,telegram,bot-send,"{15208695,17145269,21719045}",web-0412
2024-12-04 16:14:00,telegram,social,"{7710743,14717267}",web-0412
2024-12-11 16:03:00,telegram,social,"{15667785,18847199,19503222}",web-1112
2024-12-23 17:11:00,telegram,paid-placement,{10419305},web-2412
2024-12-24 16:03:00,telegram,social,"{16765779,18914999}",web-2412
2024-12-24 16:08:00,unisender,email,"{17123447,19839367}",web-1712
2024-12-24 16:09:00,telegram,bot-send,"{17143617,20730839}",web-2412
2025-01-14 16:05:00,telegram,social,{16765561},web-1401
2025-01-17 13:28:00,telegram,social,"{16275885,17101289}",web-2101
2025-01-21 16:20:00,unisender,email,"{15591603,16773121,18378405}",web-2101
2025-01-27 09:06:00,telegram,paid-placement,"{17123457,17541177,18678281,21487554}",web-2801
2023-12-15 11:46:00,bot,events-simulative,{11693353},Pandas
2023-12-19 13:43:00,unisender,email,{11377605},Pandas-pre
2023-12-19 13:57:00,unisender,email,"{3817811,12210285,18900811,19630602}",Pandas-v1
2023-12-20 21:01:00,bot,testovoe-ozon,"{17039433,17039435}",Pandas-v1
2023-12-28 07:50:00,telegram,,"{16684485,18689443}",Pandas-pre
2023-12-28 10:35:00,bot,cpc,{16270415},Студент
2023-12-28 11:31:00,bot,testovoe-ozon,"{16775127,16980287}",Pandas-VIP
2023-12-28 19:49:00,telegram,,"{17147401,17177859}",Pandas-pre
2023-12-29 05:05:00,telegram,,"{17147401,17177859}",Pandas-v2
2024-01-15 18:49:00,vkontakte,cpc,"{16003565,17553527,17829067,20886197,22364977,23647487,24161655}",Pandas-pre
2024-01-16 11:05:00,telegram,itresume,{16864421},Pandas-v3
2024-01-16 11:09:00,telegram,itresume,"{17150867,17177837}",Pandas-pre
2024-01-16 11:11:00,telegram,itresume,"{11999701,16767673}",Pandas-v3
2024-01-16 12:43:00,telegram,bot-send,{17176185},Pandas-pre
2024-01-16 13:43:00,unisender,email,"{15931977,16764213}",Pandas-v3
2024-01-16 14:50:00,telegram,bot-send,"{15943891,16773887}",Pandas-v3
2024-01-16 14:51:00,telegram,bot-send,"{15943891,16773887}",Pandas-pre
2024-01-16 18:23:00,unisender,email,"{17146799,17328989}",Pandas-v3
2024-01-16 21:26:00,telegram,bot-send,{17034101},Pandas-v3
2024-01-17 10:04:00,unisender,email,"{17147699,17428973,17428975,18451713}",Pandas-VIP
2024-01-17 10:59:00,,,{17264537},Pandas-pre
2024-01-28 11:58:00,telegram,bot,"{15667785,18847199,19503222}",Заморозка
2024-01-29 09:24:00,,,{16740831},Pandas-v3
2024-01-31 09:31:00,unisender,email,"{9343497,22856197,25323757}",6 каверз
2024-02-07 11:31:00,unisender,email,{5803341},6 каверз
2024-02-07 19:23:00,unisender,email,"{16531341,16775575}",6 каверз
2024-02-08 07:33:00,unisender,email,{16978579},Экскурсия
2024-02-08 15:12:00,telegram,social,"{16267739,19910637,22930899}",6 каверз
2024-02-08 15:39:00,telegram,social,{15923745},6 каверз
2024-02-10 17:03:00,unisender,email,{17175813},HARD-SQL
2024-02-16 09:19:00,Unisender,email,{16814977},Экскурсия
2024-02-28 11:54:00,unisender,email,"{16281907,16792385}",HARD-SQL
2024-03-07 05:25:00,telegram,bot-send,"{17064877,17101475}",ROADMAP
2024-03-07 09:34:00,telegram,social,"{16003401,16776137,19318216}",ROADMAP
2024-03-11 05:24:00,unisender,email,"{16002965,18672699}",08.03.2024
2024-03-11 06:20:00,unisender,email,"{16789571,18175055}",Workshop-RFM
2024-03-12 09:42:00,telegram,social,{5825207},portfolio ideas
2024-03-12 09:48:00,telegram,social,{17099405},portfolio ideas
2024-03-12 09:48:00,telegram,social,{17099405},portfolio ideas
2024-03-12 09:50:00,telegram,social,{11980183},portfolio ideas
2024-03-12 10:18:00,telegram,social,{13336155},portfolio ideas
2024-03-12 10:29:00,unisender,email,"{12578989,18222813}",portfolio ideas
2024-03-12 11:09:00,telegram,bot-send,"{16267739,19910637,22930899}",20ideas
2024-03-12 11:09:00,telegram,bot-send,{17123277},portfolio ideas
2024-03-12 11:12:00,telegram,bot-send,{16853135},20ideas
2024-03-12 11:29:00,telegram,social,{15930477},20ideas
2024-03-12 11:30:00,telegram,bot-send,"{16766369,17160145,17556815}",20ideas
2024-03-12 12:36:00,telegram,bot-send,"{17154281,18638507}",20ideas
2024-03-12 12:36:00,telegram,bot-send,"{17154281,18638507}",portfolio ideas
2024-03-13 13:23:00,Unisender,email,"{17154281,18638507}",Экскурсия
2024-03-19 11:41:00,unisender,email,{17264537},Ads-metrics
2024-03-19 11:55:00,unisender,email,"{17147699,17428973,17428975,18451713}",Ads-metrics
2024-03-19 14:17:00,telegram,social,{15930477},Ads-metrics
2024-03-20 09:13:00,unisender,email,"{15921589,16766225,18451399}",Ads-metrics
2024-03-20 09:35:00,telegram,bot-send,{17005839},Ads-metrics
2024-03-20 10:53:00,telegram,bot-send,"{15555667,16762071}",Ads-metrics
2024-03-21 09:56:00,telegram,social,"{11929247,16765787,18772107}",ROADMAP
2024-03-21 14:35:00,,,"{16081745,16601531,17159091,18908721}",DA-TEST-START
2024-03-21 14:41:00,,,{16016135},DA-TEST
2024-03-21 16:03:00,,,{15270129},DA-TEST-START
2024-03-27 09:59:00,unisender,email,"{16524625,19066647,20106413}",tinkoff-1
2024-03-27 09:59:00,unisender,email,"{16524625,19066647,20106413}",tinkoff-1
2024-04-03 07:53:00,bloger,post,"{16762221,16954607}",Студент
2024-04-16 11:01:00,telegram,social,"{16765779,18914999}",SQL-16-04-24
2024-05-10 17:41:00,unisender,email,"{17147401,17177859}",DA-TEST
2024-05-13 11:48:00,unisender,email,{16003915},plan-python
2024-05-16 08:39:00,telegram,social,{12367367},Select-Materials
2024-05-16 17:15:00,instagram,cpa,{16686601},Workshop-RFM
2024-05-16 17:53:00,,,"{5814679,20781819}",Select-Materials
2024-05-18 07:29:00,unisender,email,"{16020473,16771993}",Select-Materials
2024-05-23 16:42:00,vkontakte,,"{16739833,24522659}",20ideas
2024-06-11 07:36:00,telegram,bot-send,{13336155},student-project
2024-06-11 13:12:00,telegram,bot-send,"{15621747,16768801}",web_13_06
2024-06-11 15:45:00,telegram,social,{12349789},student-project
2024-06-12 07:30:00,telegram,social,"{15970405,16774017}",student-project
2024-06-12 14:10:00,telegram,social,{11989079},student-project
2024-06-12 19:49:00,telegram,bot-send,{5804501},student-project
2024-06-13 15:27:00,unisender,email,"{10787621,16772781}",web_13_06
2024-06-13 16:05:00,unisender,email,{5986731},web_13_06
2024-06-13 16:21:00,,,"{15667785,18847199,19503222}",BOOK25+ROADMAP
2024-06-14 03:16:00,telegram,social,"{16084821,20106453}",Python-FREE
2024-06-14 03:16:00,telegram,social,"{16084821,20106453}",Python-FREE
2024-06-14 15:15:00,telegram,social,{16087433},student-project
2024-06-15 12:30:00,telegram,bot-send,"{16691305,16798093}",Python-FREE
2024-06-15 20:10:00,telegram,social,{15923167},Python-FREE
2024-06-17 08:18:00,unisender,email,"{15921749,16695207,16773339}",КАРЬЕРНЫЙ
2024-06-17 08:28:00,unisender,email,"{17038527,17683033}",КАРЬЕРНЫЙ
2024-06-17 11:20:00,unisender,email,"{16762569,18846263}",КАРЬЕРНЫЙ
2024-06-17 12:21:00,telegram,paid-placement,{16669409},КАРЬЕРНЫЙ
2024-06-17 13:22:00,telegram,paid-placement,{16816361},КАРЬЕРНЫЙ
2024-06-17 13:22:00,telegram,paid-placement,{16762377},КАРЬЕРНЫЙ
2024-06-17 14:36:00,telegram,paid-placement,"{5809177,16767187,16767203}",КАРЬЕРНЫЙ
2024-06-21 07:11:00,telegram,bot-send,{5804501},МК-Python
2024-09-19 14:17:00,unisender,email,"{16739833,24522659}",Консультация
2024-09-19 16:21:00,unisender,email,{5801075},web_23_07
2024-11-14 00:06:00,telegram,social,"{7710743,14717267}",web-1211
2024-12-11 05:39:00,telegram,social,"{17064877,17101475}",Студент
2024-12-11 07:40:00,telegram,bot-send,"{15927075,16695207,17631349,19006309}",web-1112
2024-10-15 07:42:00,unisender,email,{16511641},web-power-bi
2024-12-11 07:41:00,telegram,bot-send,{15930477},web-1112
2024-12-11 07:42:00,telegram,bot-send,"{17262125,17262127}",web-1112
2024-12-13 14:44:00,telegram,bot-send,"{17099555,17099557,17099759}",web-1712
2024-12-24 06:51:00,telegram,social,"{16101859,19417870}",abc-portfolio
2024-12-24 16:14:00,webinar,livedigital,"{15667785,18847199,19503222}",Консультация
2025-01-21 15:47:00,unisender,email,{17168589},web-2101
2025-01-21 16:00:00,telegram,bot-send,{16292997},web-2101
2025-01-21 16:05:00,unisender,email,{16529237},web-2101
2025-01-27 19:09:00,telegram,bot-send,{15585685},web-2801
2025-01-28 09:46:00,telegram,bot-send,"{11454861,21354740}",web-2801
2025-01-28 11:13:00,telegram,bot-send,{16037581},web-2801
2025-01-28 17:08:00,andron23,,{16292997},web-2801
2025-01-30 09:39:00,unisender,email,{16016135},research
2025-01-30 09:50:00,vkontakte,social,"{5693721,16690195,18716943}",research
2024-03-31 19:31:00,unisender,email,"{16748663,17100103}",DA-TEST-START
2024-04-03 16:38:00,,,"{16312435,19011609}",Студент
2024-04-04 10:57:00,unisender,email,{5799759},abc-portfolio
2024-04-09 09:45:00,unisender,email,"{12578989,18222813}",Python-FREE
2024-04-09 10:28:00,telegram,bot-send,"{15570281,16770335}",Python-FREE
2024-04-12 05:05:00,unisender,email,{17177205},ROADMAP
2024-04-12 14:51:00,telegram,social,{13166349},DA-TEST-START
2024-04-19 06:49:00,,,"{16739833,24522659}",Оплата
2024-04-19 07:24:00,telegram,social,"{15882917,17164025}",abc-portfolio
2024-04-19 10:43:00,Unisender,email,{12022681},SPEC-DA-TEST
2024-04-19 13:59:00,Unisender,email,"{17147699,17428973,17428975,18451713}",SPEC-DA-TEST-START
2024-04-19 14:02:00,Unisender,email,"{17147699,17428973,17428975,18451713}",SPEC-DA-TEST
2024-04-19 15:55:00,Unisender,email,{5844181},SPEC-DA-TEST-START
2024-04-20 07:45:00,Unisender,email,{15378039},SPEC-DA-TEST-START
2024-04-20 07:57:00,Unisender,email,{15378039},SPEC-DA-TEST
2024-04-20 07:59:00,site,test,{15378039},Экскурсия
2024-04-21 03:40:00,Unisender,email,"{16002965,18672699}",SPEC-DA-TEST-START
2024-04-21 03:45:00,Unisender,email,"{16002965,18672699}",SPEC-DA-TEST
2024-04-21 16:55:00,unisender,email,"{9825095,19271961,25233199}",ROADMAP
2024-04-22 07:38:00,telegram,social,"{16001125,16761823}",Студент
2024-04-23 06:39:00,unisender,email,"{17147699,17428973,17428975,18451713}",ROADMAP
2024-04-23 11:12:00,partner,itresume,{15873001},6 каверз
2024-04-23 11:38:00,vk_ads,cpm,{15607005},Workshop-RFM
2024-04-23 14:30:00,partner,itresume,{16091907},6 каверз
2024-04-23 17:34:00,vk_ads,cpm,{11074775},Workshop-RFM
2024-04-24 11:07:00,unisender,email,{15916845},Python-FREE
2024-04-24 11:41:00,vk_ads,cpm,{15607005},Workshop-RFM
2024-04-24 13:05:00,telegram,social,{16270415},Студент
2024-04-24 21:32:00,telegram,social,"{17064877,17101475}",DA-TEST-START
2024-04-25 07:52:00,telegram,bot-send,"{15928337,19015561,19024235}",Python-FREE
2024-04-25 08:32:00,bloger,post,{16077105},ГЛЕБ042024
2024-04-25 09:24:00,telegram,social,"{16531341,16775575}",ГЛЕБ042024
2024-04-25 09:27:00,bloger,post,{16572265},ГЛЕБ042024
2024-04-25 12:53:00,telegram,bot-send,{13166349},ГЛЕБ042024
2024-04-25 16:03:00,unisender,email,"{16520771,21705141}",ГЛЕБ042024
2024-04-25 16:31:00,unisender,email,"{17151345,17232163,19399386}",ГЛЕБ042024
2024-04-25 18:09:00,youtube,video,{12143247},Экскурсия
2024-04-25 18:16:00,unisender,email,"{15921749,16695207,16773339}",ГЛЕБ042024
2024-04-26 04:55:00,vk_ads,cpm,{11074775},Workshop-RFM
2024-04-26 11:19:00,telegram,bot-send,{15417229},Python-FREE
2024-04-26 13:21:00,telegram,social,{16087433},abc-portfolio
2024-04-26 13:44:00,unisender,email,{15744043},ГЛЕБ042024
2024-04-26 14:13:00,telegram,bot-send,{16763245},Студент
2024-04-26 15:00:00,telegram,bot-send,{16762377},abc-portfolio
2024-04-27 05:50:00,telegram,bot-send,{6513319},ROADMAP
2024-04-27 06:33:00,vk_ads,cpm,{16686601},Workshop-RFM
2024-04-27 09:49:00,telegram,bot-send,"{16011643,16871171,19092417}",abc-portfolio
2024-04-27 11:25:00,telegram,bot-send,"{17141409,18672391}",abc-portfolio
2024-04-27 11:27:00,partner,cpa,{17160145},50%discount
2024-04-27 11:28:00,partner,cpa,{17160145},50%discount
2024-04-27 11:33:00,partner,cpa,{17160145},Студент
2024-04-27 12:12:00,telegram,bot-send,"{15946775,16785195,17577077}",ГЛЕБ042024
2024-04-27 14:09:00,instagram,cpa,{11537905},Workshop-RFM
2024-04-28 07:03:00,telegram,bot-send,{15989583},Студент
2024-04-28 17:30:00,partner,itresume,{16091907},Python-FREE
2024-04-28 17:31:00,,,{16091907},Python-FREE
2024-04-29 06:39:00,vk_ads,cpm,"{16003565,16764873,17290925,17553527,17829067,19544884,19867361,20886197,24161655,24395845}",Workshop-RFM
2024-04-29 08:47:00,,,"{15927075,16695207,17631349,19006309}",tinkoff-1
2024-04-29 18:27:00,old-lms,menu,{16087433},DA-TEST-START
2024-04-29 18:35:00,livedigital,video,"{16003565,16764873,17290925,17553527,17829067,19544884,19867361,20886197,24161655,24395845}",Экскурсия
2024-04-29 20:48:00,telegram,social,"{5809673,6441653,19725721,24714571}",abc-portfolio
2024-04-30 04:12:00,vk_ads,cpm,"{16699695,19653806}",Workshop-RFM
2024-04-30 09:57:00,old-lms,menu,{16087433},DA-TEST-START
2024-04-30 12:19:00,telegram,social,{5807709},ГЛЕБ042024
2024-04-30 12:47:00,telegram,bot-send,"{16766403,17180005,18352763,18371345,18522335}",Python-FREE
2024-05-01 10:01:00,telegram,pandas-chat,"{16785101,17610155}",Workshop-RFM
2024-05-01 11:23:00,telegram,social,{16001333},Студент
2024-05-23 12:18:00,unisender,email,"{17147401,17177859}",20ideas
2024-05-23 17:43:00,,,{15932451},20ideas
2024-05-23 17:50:00,unisender,email,{15930551},20ideas
2024-05-30 09:34:00,,,"{17147699,17428973,17428975,18451713}",itresume
2024-06-04 17:18:00,telegram,social,"{8597793,15922723,17127455}",plan-python
2024-06-05 12:19:00,telegram,social,{16765561},Студент
2024-06-05 13:15:00,telegram,bot-send,{12488361},plan-python
2024-06-06 11:25:00,unisender,email,"{16001739,19950265}",ROADMAP
2024-06-09 07:16:00,telegram,bot-send,{16762377},ROADMAP
2024-06-10 03:20:00,unisender,email,{16510153},web_13_06
2024-06-11 10:44:00,unisender,email,{16769049},student-project
2024-06-17 08:55:00,telegram,bot-send,"{5983741,16765093}",КАРЬЕРНЫЙ
2024-06-18 13:03:00,unisender,email,{17060195},SPEC-DA-TEST-START
2024-06-18 15:53:00,unisender,email,{17162981},SPEC-DA-TEST
2024-06-20 08:51:00,unisender,email,{5804161},МК-Python
2024-06-20 18:40:00,unisender,email,"{2200671,5806435,18084533,20586583}",МК-Python
2024-06-21 16:28:00,telegram,social,{15378039},КАРЬЕРНЫЙ
2024-06-23 08:53:00,telegram,bot-send,"{15927075,16695207,17631349,19006309}",Ozon-25-06
2024-06-23 09:24:00,telegram,bot-send,{5820699},Ozon-25-06
2024-06-25 17:24:00,telegram,bot-send,"{16784957,20490049}",Ozon-25-06
2024-06-25 17:30:00,telegram,social,{16788821},Ozon-25-06
2024-07-03 11:24:00,unisender,email,{16200535},PRODUCT-TEST
2024-07-09 07:53:00,telegram,social,{12367367},web_09_07
2024-07-09 07:53:00,telegram,social,{12349789},web_09_07
2024-07-09 07:53:00,telegram,social,"{12718265,18840823,21317974}",web_09_07
2024-07-09 15:57:00,telegram,bot-send,"{16815413,17006383,17006385}",web_09_07
2024-07-09 16:31:00,telegram,social,{15538843},web_09_07
2024-07-18 13:26:00,telegram,social,"{15549257,17146927,18114357}",DA-TEST
2024-07-19 09:43:00,telegram,social,{15929783},web_23_07
2024-07-19 10:27:00,telegram,social,"{15208695,17145269,21719045}",КАРЬЕРНЫЙ
2024-07-19 13:19:00,vkontakte,social,{17060195},web_23_07
2024-07-22 09:34:00,unisender,email,"{16084821,20106453}",student-project
2024-07-23 23:48:00,telegram,social,{13166349},web_23_07
2024-09-20 13:32:00,telegram,social,"{15927075,16695207,16773339,17310203,17631349,18418999,23553585}",web-2409
2024-09-24 15:38:00,telegram,bot-send,{15564527},web-2409
2024-10-15 16:07:00,unisender,email,{5825307},web-power-bi
2024-10-15 16:20:00,telegram,social,{5825207},web-power-bi
2024-11-02 10:28:00,unisender,email,{11264135},web-0611
2024-11-06 09:12:00,unisender,email,"{15928337,19015561,19024235}",web-0611
2024-11-14 00:18:00,telegram,bot-send,"{10421587,12718265,22965161}",web-1211
2024-11-26 16:52:00,telegram,bot-send,{16489279},web-2611
2024-12-17 16:16:00,telegram,bot-send,"{9825095,23710543}",web-1712
2025-01-10 10:06:00,unisender,email,"{1460603,23961501}",web-1401
2025-01-10 11:23:00,vkontakte,social,"{5693721,16690195,18716943}",web-1401
2025-01-16 08:56:00,telegram,paid-placement,{16748657},web-1401
2025-01-17 08:59:00,telegram,bot-send,{5801595},web-2412
2025-01-17 12:39:00,telegram,bot-send,"{15922439,19436980,20455897}",web-2101
2025-01-20 21:42:00,telegram,paid-placement,{15922633},web-2101
2023-12-19 13:38:00,unisender,email,{16978579},Pandas-v1
2023-12-19 13:50:00,,,"{16978917,16978919}",Pandas-v1
2023-12-19 13:51:00,,,"{16978917,16978919}",Pandas-v1
2023-12-19 14:13:00,bot,events-simulative,"{5809177,16767187,16767203}",Pandas-v1
2023-12-19 14:13:00,bot,events-simulative,"{5809177,16767187,16767203}",Pandas-v1
2023-12-19 17:36:00,bot,events-simulative,"{15946775,16785195,17577077}",Pandas-pre
2023-12-26 15:59:00,bot,events-simulative,"{16764091,16764093}",Sber-Веб
2023-12-29 07:24:00,Unisender,email,"{17146215,17146219,17177795}",Pandas-v2
2024-01-24 14:56:00,telegram,pandas-chat,"{15927075,16695207,16773339,17310203,17631349,18418999,23553585}",Workshop-RFM
2024-02-25 07:41:00,telegram,social,"{15970405,16774017}",HARD-SQL
2024-02-26 11:10:00,telegram,bot-send,{5803341},HARD-SQL
2024-03-21 11:13:00,,,{16008929},DA-TEST
2024-03-21 11:14:00,,,{15922451},DA-TEST
2024-04-10 07:44:00,unisender,email,{11989079},Ads-metrics
2024-05-02 15:15:00,telegram,bot-send,"{16011643,16871171,19092417}",Python-FREE
2024-05-02 17:02:00,Unisender,email,"{16775127,16980287}",DA-TEST-START
2024-05-02 17:48:00,Unisender,email,"{16775127,16980287}",DA-TEST
2024-05-03 08:25:00,telegram,bot,{16463705},Студент
2024-05-03 11:16:00,telegram,social,"{17162229,17554629,18678053,19001817}",tinkoff-1
2024-05-03 14:45:00,telegram,bot-send,{16037581},Python-FREE
2024-05-03 14:56:00,unisender,email,{15577061},Python-FREE
2024-05-03 15:16:00,telegram,bot-send,{16764267},Python-FREE
2024-05-03 15:50:00,instagram,cpa,"{3817811,12210285,18900811,19630602}",Workshop-RFM
2024-05-03 20:03:00,telegram,bot-send,"{16893085,18609873,19990099}",Python-FREE
2024-05-03 20:48:00,telegram,bot-send,"{17147329,17580017,21615360}",Python-FREE
2024-05-04 06:51:00,unisender,email,"{16864161,18675121}",Python-FREE
2024-05-04 07:27:00,unisender,email,{5986731},Python-FREE
2024-05-04 10:37:00,vkontakte,social,"{11088915,12130285}",Python-FREE
2024-05-04 17:34:00,unisender,email,"{16002965,18672699}",Python-FREE
2024-05-04 18:28:00,telegram,bot-send,{6513319},Python-FREE
2024-05-05 17:25:00,instagram,cpa,{15378039},Workshop-RFM
2024-05-05 19:32:00,unisender,email,"{15921749,16695207,16773339}",Python-FREE
2024-05-06 08:54:00,telegram,bot-send,{16766665},Python-FREE
2024-05-06 09:44:00,bloger,post,{16765561},Оплата
2024-05-06 10:08:00,unisender,email,"{15995043,16764165,18222859}",Ads-metrics
2024-05-06 12:35:00,telegram,social,"{15903385,16766413,18515647}",DA-TEST-START
2024-05-06 12:36:00,telegram,social,"{16001739,19950265}",DA-TEST-START
2024-05-06 13:24:00,unisender,email,"{16078131,19413190}",DA-TEST
2024-05-06 13:30:00,unisender,email,"{8887233,16766255}",DA-TEST-START
2024-05-06 13:32:00,telegram,social,"{17141409,18672391}",DA-TEST-START
2024-05-06 13:39:00,unisender,email,"{8887233,16766255}",DA-TEST
2024-05-06 14:06:00,telegram,social,"{16001739,19950265}",DA-TEST
2024-05-06 15:19:00,bloger,post,"{16081745,16601531,17159091,18908721}",ГЛЕБ042024
2024-05-13 12:16:00,telegram,bot-send,"{5802551,18648021}",plan-python
2024-05-13 17:44:00,unisender,email,"{11088915,12130285}",plan-python
2024-05-16 16:58:00,unisender,email,{9832301},Select-Materials
2024-05-17 15:32:00,vkontakte,social,{11074775},Python-FREE
2024-05-28 08:08:00,unisender,email,"{16561641,17151733}",DA-TEST
2024-06-04 20:42:00,,,{15932451},plan-python
2024-06-09 09:32:00,telegram,bot-send,{16003203},web_13_06
2024-06-09 14:56:00,telegram,social,"{16691305,16798093}",web_13_06
2024-06-11 14:50:00,telegram,bot-send,"{16531399,16771081}",student-project
2024-06-12 14:08:00,telegram,social,{11989079},web_13_06
2024-06-12 14:38:00,,,"{15927075,16695207,17631349,19006309}",50%discount
2024-06-13 11:20:00,telegram,social,"{15903385,16766413,18515647}",web_13_06
2024-06-13 15:59:00,telegram,social,{16031367},web_13_06
2024-06-13 16:00:00,telegram,social,{16862903},student-project
2024-06-13 16:02:00,telegram,social,"{15999793,17100049,18568773}",web_13_06
2024-06-13 16:06:00,telegram,bot-send,"{16003565,16764873,17290925,17553527,17829067,19544884,19867361,20886197,24161655,24395845}",web_13_06
2024-06-13 16:07:00,telegram,bot-send,"{16003335,16767837}",web_13_06
2024-06-13 16:08:00,telegram,social,"{17129421,17562213}",web_13_06
2024-06-13 16:24:00,telegram,bot-send,"{16529751,18612143}",web_13_06
2024-06-13 16:34:00,unisender,email,"{17146943,18333051,18385799,18908377}",web_13_06
2024-06-15 07:42:00,telegram,social,{16003915},Python-FREE
2024-06-15 08:57:00,telegram,social,{16104917},abc-portfolio
2024-06-15 10:01:00,telegram,bot-send,"{16570977,18237375}",plan-python
2024-06-15 10:24:00,unisender,email,"{15545853,20697223}",Python-FREE
2024-06-15 10:28:00,unisender,email,{5801075},Python-FREE
2024-06-16 08:26:00,telegram,bot-send,{14728903},Python-FREE
2024-06-16 15:23:00,,,"{16531399,16771081}",Python-FREE
2024-06-17 11:18:00,telegram,social,"{11418857,20595651}",КАРЬЕРНЫЙ
2024-06-25 01:59:00,telegram,social,{12367367},6 каверз
2024-06-25 16:41:00,telegram,social,{16031367},Ozon-25-06
2024-07-09 08:34:00,telegram,bot-send,{16531253},web_09_07
2024-07-10 16:49:00,,,"{16815989,19322542,20014965}",itresume
2024-08-06 13:08:00,vkontakte,social,{7366116},web-resume
2024-08-20 19:46:00,telegram,bot-send,{9832301},intensive-analyst
2024-08-20 19:46:00,telegram,bot-send,{9832301},intensive-analyst
2024-08-21 10:35:00,unisender,email,{17098575},plan-python
2024-08-21 10:35:00,telegram,bot-send,{6953413},plan-python
2024-08-21 10:36:00,telegram,bot-send,{11693353},plan-python
2024-08-21 10:38:00,material,plan-for-learning-python,{17098575},Python-FREE
2024-08-24 19:55:00,material,plan-for-learning-python,{9327543},Python-FREE
2024-08-27 11:05:00,telegram,social,{11989079},Консультация
2024-08-30 14:56:00,,,{13904427},Студент
2024-09-10 09:05:00,bloger,post,"{16762221,16954607}",become-analyst
2024-09-10 13:45:00,unisender,email,{15954809},plan-python
2024-09-10 13:47:00,telegram,bot-send,{15954809},plan-python
2024-09-11 02:33:00,telegram,social,{12367367},become-analyst
2024-09-17 13:59:00,bloger,post,{15943559},become-bi
2024-09-19 10:57:00,unisender,email,{15920135},tinkoff-1
2024-09-20 12:04:00,telegram,bot-send,{5801595},web-2409
2024-09-20 12:12:00,telegram,social,{13166349},web-2409
2024-10-18 14:19:00,telegram,bot-send,"{16312435,19011609}",web-power-bi
2024-10-20 15:10:00,telegram,social,"{17151209,19295911,21692221}",web-2310
2024-10-25 10:08:00,telegram,social,{15996447},web-2310
2024-11-02 10:23:00,telegram,bot-send,"{16011643,19950481,20319115}",web-0611
2024-11-02 18:11:00,unisender,email,"{2200671,5806435,18084533,20586583}",web-0611
2024-11-08 08:47:00,unisender,email,"{16549177,20634357}",web-1211
2024-11-12 08:34:00,bloger,post,"{15549257,17146927,18114357}",web-1211
2024-11-25 12:24:00,telegram,bot-send,{16784025},PRODUCT-TEST
2024-11-26 10:56:00,unisender,email,{5807709},web-2611
2025-01-16 09:35:00,telegram,social,"{9349901,18448353}",Ads-metrics
2025-01-23 09:13:00,telegram,bot-send,"{15924235,17743009}",portfolio ideas
2023-12-13 06:12:00,vk,,{16748657},LTV-Веб
2023-12-15 07:51:00,unisender,email,{15569323},Pandas
2023-12-19 08:47:00,unisender,email,{16051969},Кейс-АЦ
2023-12-19 13:28:00,telegram,,"{15923171,21320212}",Pandas-pre
2023-12-19 17:57:00,unisender,email,"{12089567,16764831,16764843}",Pandas-v1
2023-12-19 18:37:00,bot,free-course-pandas,"{15928661,23819030}",Pandas-v1
2023-12-19 18:37:00,bot,free-course-pandas,"{15928661,23819030}",Pandas-v1
2023-12-19 18:59:00,bot,events-simulative,{15931597},Pandas-v1
2023-12-19 22:46:00,unisender,email,{16603359},Pandas-pre
2023-12-20 01:12:00,Unisender,email,"{16764091,16764093}",Pandas-v1
2023-12-20 05:35:00,unisender,email,{16996099},Pandas-VIP
2023-12-20 06:33:00,bot,events-simulative,"{8358657,16574417}",Pandas-v1
2023-12-20 08:28:00,unisender,email,"{5814679,20781819}",Pandas-pre
2023-12-20 08:49:00,unisender,email,"{17000877,18084425,20490435,22069703,24667759}",Pandas-v1
2023-12-20 08:52:00,unisender,email,{16016135},Pandas-v1
2023-12-20 10:22:00,unisender,email,"{12447353,24254221}",Pandas-v1
2023-12-20 11:46:00,bot,testovoe-ozon,"{16815413,17006383,17006385}",Pandas-v1
2023-12-21 10:19:00,telegram,,{8346889},Pandas-v1
2023-12-21 12:24:00,bot,testovoe-bank-otkrytie,{11377605},Pandas-v1
2023-12-23 08:19:00,telegram,itresume,{16842355},Sber-Веб
2023-12-25 08:40:00,unisender,email,"{16741423,18595441}",Sber-Веб
2023-12-27 12:42:00,unisender,email,{16463705},Заморозка
2023-12-31 15:06:00,bot,testovoe-ozon,{16057487},НГ-Оплата
2024-01-02 08:26:00,telegram,bot,"{17146035,17191367}",Экскурсия
2024-01-22 08:24:00,bot,events-simulative,{16847909},Студент
2024-02-20 12:08:00,Unisender,email,{15607005},Экскурсия
2024-02-22 10:53:00,telegram,bot-send,{14712829},Экскурсия
2024-02-23 19:44:00,telegram,social,"{16003401,16776137,19318216}",HARD-SQL
2024-02-24 06:58:00,instagram,cpa,{11537905},Workshop-RFM
2024-02-28 14:27:00,livedigital,video,{13166349},Оплата
2024-03-10 08:24:00,telegram,bot-send,"{16267739,19910637,22930899}",08.03.2024
2024-03-27 11:50:00,telegram,bot-send,{15922423},tinkoff-1
2024-03-27 11:51:00,telegram,bot-send,{15922423},tinkoff-1
2024-04-04 11:21:00,telegram,bot-send,"{16529751,18612143}",abc-portfolio
2024-04-04 11:29:00,telegram,bot-send,"{15548445,17102057}",abc-portfolio
2024-04-04 11:31:00,telegram,bot-send,{15960225},abc-portfolio
2024-04-04 11:44:00,telegram,bot-send,"{16570977,18237375}",DA-TEST
2024-04-04 11:46:00,telegram,bot-send,"{16570977,18237375}",tinkoff-1
2024-04-04 11:48:00,telegram,bot-send,"{16570977,18237375}",abc-portfolio
2024-04-04 14:44:00,telegram,bot-send,"{15946775,16785195,17577077}",abc-portfolio
2024-04-05 04:06:00,unisender,email,{16857289},abc-portfolio
2024-04-05 09:12:00,telegram,social,"{15999339,16764375}",SPEC-DA-TEST-START
2024-04-05 09:13:00,telegram,social,"{16765779,18914999}",SPEC-DA-TEST
2024-04-30 12:29:00,telegram,social,"{16766403,17180005,18352763,18371345,18522335}",ГЛЕБ042024
2024-05-02 14:51:00,telegram,bot-send,"{16684485,18689443}",Студент
2024-06-17 07:07:00,telegram,bot-send,"{15916041,18583517}",DA-TEST-START
2024-06-17 07:49:00,telegram,bot-send,"{15916041,18583517}",DA-TEST
2024-06-17 07:50:00,telegram,social,"{15916041,18583517}",DA-TEST-START
2024-06-17 07:55:00,telegram,bot-send,"{15916041,18583517}",ROADMAP
2024-06-17 07:56:00,telegram,social,"{15916041,18583517}",СОБЕС-ДЕМО
2024-06-17 08:20:00,unisender,email,{16003915},КАРЬЕРНЫЙ
2024-06-17 08:21:00,unisender,email,"{16003565,16764873,17290925,17553527,17829067,19544884,19867361,20886197,24161655,24395845}",КАРЬЕРНЫЙ
2024-06-17 09:44:00,unisender,email,"{5800343,16767323}",КАРЬЕРНЫЙ
2024-06-17 09:44:00,telegram,bot-send,"{17174229,17563043}",КАРЬЕРНЫЙ
2024-06-17 09:47:00,telegram,bot-send,"{17123447,19839367}",КАРЬЕРНЫЙ
2024-06-17 09:51:00,telegram,bot-send,"{16773339,17310203}",КАРЬЕРНЫЙ
2024-06-17 10:11:00,telegram,bot-send,{16531253},КАРЬЕРНЫЙ
2024-06-17 10:42:00,unisender,email,{16003161},КАРЬЕРНЫЙ
2024-06-17 10:57:00,telegram,social,"{16765779,18914999}",КАРЬЕРНЫЙ
2024-06-17 11:09:00,telegram,social,{16031367},КАРЬЕРНЫЙ
2024-06-17 11:10:00,telegram,social,"{16003159,18616975}",КАРЬЕРНЫЙ
2024-06-17 11:12:00,telegram,social,{15999087},Python-FREE
2024-06-17 11:15:00,telegram,social,"{12705807,19177727}",КАРЬЕРНЫЙ
2024-06-17 11:16:00,telegram,social,{15539831},КАРЬЕРНЫЙ
2024-06-17 11:18:00,telegram,social,{17034101},КАРЬЕРНЫЙ
2024-06-17 11:20:00,telegram,social,"{12718265,18840823,21317974}",КАРЬЕРНЫЙ
2024-06-17 11:22:00,unisender,email,"{16762569,18846263}",Python-FREE
2024-06-17 11:25:00,telegram,social,"{15924193,17108465,22058459}",КАРЬЕРНЫЙ
2024-06-17 11:37:00,telegram,social,{15569323},КАРЬЕРНЫЙ
2024-06-17 11:41:00,telegram,social,"{899109,18648001}",КАРЬЕРНЫЙ
2024-06-17 11:48:00,telegram,bot-send,"{15927075,16695207,17631349,19006309}",КАРЬЕРНЫЙ
2024-06-17 11:55:00,telegram,bot-send,"{15882917,17164025}",КАРЬЕРНЫЙ
2024-06-17 11:55:00,telegram,bot-send,"{16066779,16770183}",КАРЬЕРНЫЙ
2024-06-17 12:00:00,unisender,email,{17163457},КАРЬЕРНЫЙ
2024-06-17 12:06:00,telegram,paid-placement,"{11787181,12343743,25212617}",КАРЬЕРНЫЙ
2024-06-17 12:13:00,telegram,social,{15873001},КАРЬЕРНЫЙ
2024-06-17 13:18:00,telegram,bot-send,"{17143617,20730839}",Python-FREE
2024-06-17 13:41:00,telegram,bot-send,"{15560415,16770403}",КАРЬЕРНЫЙ
2024-06-18 10:14:00,telegram,social,"{16013985,17154261,19412264,20682793}",SPEC-DA-TEST
2024-06-18 12:08:00,telegram,bot-send,{17089011},SPEC-DA-TEST
2024-06-20 11:23:00,telegram,bot-send,"{16531341,16775575}",КАРЬЕРНЫЙ
2024-06-21 03:45:00,unisender,email,"{9349901,18448353}",МК-Python
2024-06-21 10:45:00,telegram,bot-send,{12367367},МК-Python
2024-06-24 12:52:00,telegram,bot-send,{15564527},Ozon-25-06
2024-06-25 12:17:00,telegram,paid-placement,{16256923},Ozon-25-06
2024-07-05 07:30:00,telegram,social,{5825207},PRODUCT-TEST
2024-07-05 07:31:00,telegram,social,"{16765779,18914999}",web_09_07
2024-07-05 08:50:00,telegram,social,"{17174229,17563043}",web_09_07
2024-07-05 11:55:00,telegram,bot-send,{13166349},web_09_07
2024-07-18 09:48:00,telegram,bot-send,"{16762199,18914983,20980525}",DA-TEST-START
2024-07-19 04:57:00,telegram,social,"{17146035,17191367}",DA-TEST-START
2024-07-23 09:12:00,telegram,bot-send,{14728903},web_23_07
2024-08-06 11:28:00,unisender,email,{5804161},web-resume
2024-08-12 17:51:00,unisender,email,"{16772541,20843231}",DA-TEST-START
2024-08-12 17:58:00,unisender,email,"{16772541,20843231}",DA-TEST
2024-08-19 08:15:00,telegram,paid-placement,"{16312435,19011609}",intensive-analyst
2024-08-27 14:12:00,telegram,bot-send,"{17147699,17428973,17428975,18451713}",Студент
2024-08-28 07:19:00,telegram,social,"{7710743,14717267}",intensive-analyst
2024-09-03 12:31:00,yandex,cpc,"{9649707,18908843,24129719}",plan-python
2024-09-20 13:41:00,telegram,social,{12367367},web-2409
2024-09-20 13:44:00,telegram,bot-send,{16442961},web-2409
2024-09-24 09:03:00,telegram,bot-send,{15922359},web-2409
2024-09-24 16:03:00,telegram,bot-send,"{17039433,17039435}",web-2409
2024-10-10 11:46:00,vkontakte,social,"{15943891,16773887}",Студент
2024-10-15 15:23:00,telegram,bot-send,{16238231},web-power-bi
2024-10-15 15:24:00,telegram,bot-send,{16238231},web-power-bi
2024-10-15 15:25:00,unisender,email,"{10654999,17558293}",web-power-bi
2024-10-15 15:25:00,telegram,bot-send,{14728903},web-power-bi
2024-10-15 15:35:00,telegram,bot-send,{5801595},web-power-bi
2024-10-15 15:46:00,telegram,bot-send,"{16552793,17148487}",web-power-bi
2024-10-23 17:01:00,telegram,bot-send,"{16684485,18689443}",web-2310
2024-10-28 09:43:00,telegram,paid-placement,"{16833811,16833813}",web-2910
2024-10-29 16:30:00,telegram,paid-placement,"{17156637,20605369,20764479}",web-2910
2024-10-29 18:13:00,telegram,bot-send,"{16815413,17006383,17006385}",web-2910
2024-11-02 09:08:00,telegram,bot-send,{17060195},web-0611
2024-11-02 09:08:00,telegram,bot-send,"{16259985,16762065,19576502,24830799}",web-0611
2024-11-06 16:55:00,telegram,social,"{7710743,14717267}",web-0611
2024-11-06 20:36:00,unisender,email,{15989583},web-0611
2024-11-08 11:08:00,telegram,paid-placement,"{15943993,16768259}",web-1211
2024-11-08 11:46:00,unisender,email,"{5809673,6441653,19725721,24714571}",web-1211
2024-11-11 13:42:00,unisender,email,"{16336117,16778411,17631349,18418999}",web-1211
2024-11-11 13:50:00,telegram,paid-placement,{16069723},web-1211
2024-11-11 18:04:00,telegram,bot-send,"{11088915,12130285}",web-1211
2024-11-14 00:18:00,telegram,bot-send,{5804161},web-1211
2025-01-28 16:04:00,telegram,bot-send,{15585685},web-2801
2023-12-20 10:30:00,bot,events-simulative,{16847909},Студент
2023-12-20 11:04:00,bot,events-simulative,{16053929},Pandas-v1
2023-12-20 11:13:00,bot,events-simulative,{16784025},Pandas-VIP
2023-12-20 11:18:00,unisender,email,"{16893085,18609873,19990099}",Pandas-pre
2023-12-20 13:20:00,bot,free-course-pandas,"{11014471,18361379}",Pandas-pre
2023-12-20 15:25:00,unisender,email,{11980183},Pandas-v1
2023-12-20 17:12:00,telegram,,{17034101},Pandas-pre
2023-12-20 20:01:00,unisender,email,{15916845},Pandas-pre
2023-12-20 20:08:00,bot,free-course-pandas,"{11999701,16767673}",Pandas-pre
2023-12-21 11:22:00,unisender,email,{5803341},Pandas-pre
2023-12-21 12:06:00,bot,testovoe-bank-otkrytie,{16003369},Кейс-АЦ
2023-12-23 07:29:00,telegram,,"{17099555,17099557,17099759}",Pandas-pre
2023-12-23 07:29:00,telegram,,"{17099555,17099557,17099759}",Pandas-v1
2023-12-23 07:29:00,telegram,,"{17099555,17099557,17099759}",Pandas-v1
2023-12-23 07:39:00,telegram,itresume,"{16770865,19301406}",Sber-Веб
2024-02-12 09:42:00,telegram,social,"{16789571,18175055}",6 каверз
2024-02-19 15:05:00,telegram,bot-send,"{15970405,16774017}",Workshop-RFM
2024-02-21 10:06:00,telegram,social,"{11787181,12343743,25212617}",HARD-SQL
2024-02-21 10:35:00,telegram,social,"{15942213,16974953,20010059}",HARD-SQL
2024-02-21 11:00:00,unsender,email,{8346889},HARD-SQL
2024-03-05 09:49:00,unisender,email,"{15560415,16770403}",ROADMAP
2024-03-05 10:43:00,unisender,email,"{16013985,17154261,19412264,20682793}",ROADMAP
2024-03-05 12:10:00,telegram,social,"{17146215,17146219,17177795}",ROADMAP
2024-03-05 12:49:00,telegram,bot-send,{16857289},ROADMAP
2024-03-05 13:03:00,telegram,social,"{17141409,18672391}",ROADMAP
2024-03-07 18:23:00,telegram,bot-send,"{15570281,16770335}",ROADMAP
2024-03-08 10:08:00,unisender,email,"{17147699,17428973,17428975,18451713}",08.03.2024
2024-03-08 13:12:00,telegram,bot-send,"{15903385,16766413,18515647}",HARD-SQL
2024-03-08 15:58:00,telegram,social,"{2200671,5806435,18084533,20586583}",08.03.2024
2024-03-08 21:04:00,telegram,bot-send,"{15931977,16764213}",08.03.2024
2024-03-09 07:55:00,telegram,social,{17032093},08.03.2024
2024-03-09 09:53:00,telegram,bot-send,"{16531399,16771081}",08.03.2024
2024-03-10 10:02:00,telegram,social,"{9164281,17166441}",08.03.2024
2024-03-12 09:32:00,unisender,email,{17177743},portfolio ideas
2024-03-12 11:07:00,telegram,bot-send,{2205259},portfolio ideas
2024-03-12 12:23:00,telegram,bot-send,"{16001125,16761823}",20ideas
2024-03-18 19:20:00,vkontakte,social,"{16001545,17165757}",ROADMAP
2024-03-19 10:16:00,telegram,social,{16511641},Ads-metrics
2024-03-19 10:33:00,unisender,email,{16003915},Ads-metrics
2024-03-19 16:17:00,unisender,email,"{16059185,19052623}",Ads-metrics
2024-03-19 16:27:00,telegram,social,"{17124341,17323493,18223273}",Ads-metrics
2024-03-20 11:03:00,telegram,bot-send,"{15356727,17100247}",Ads-metrics
2024-03-20 11:29:00,telegram,bot-send,"{16001125,16761823}",Ads-metrics
2024-03-20 12:17:00,telegram,social,{15270129},ROADMAP
2024-03-20 12:19:00,telegram,bot-send,{15270129},Ads-metrics
2024-03-20 14:19:00,telegram,bot-send,{16561627},Ads-metrics
2024-03-20 14:31:00,Unisender,email,"{9649707,18908843,24129719}",Экскурсия
2024-03-20 21:02:00,telegram,bot-send,{17034101},Ads-metrics
2024-03-21 09:52:00,,,"{17124341,17323493,18223273}",DA-TEST-START
2024-03-21 09:56:00,telegram,social,"{11929247,16765787,18772107}",ROADMAP
2024-03-21 10:17:00,,,"{8597793,15922723,17127455}",DA-TEST
2024-03-21 10:39:00,,,{5825207},DA-TEST-START
2024-03-21 10:44:00,,,{15922451},DA-TEST-START
2024-03-21 10:55:00,bot,events-simulative,{16847909},Студент
2024-03-21 10:57:00,,,"{16561769,17099415}",DA-TEST-START
2024-03-21 11:06:00,,,"{16002555,16784777}",DA-TEST
2024-03-21 11:13:00,,,{17060195},DA-TEST-START
2024-03-21 11:16:00,,,"{16011643,19950481,20319115}",DA-TEST-START
2024-03-21 11:17:00,,,"{16528877,16801525,16816427,16865855}",DA-TEST-START
2024-03-29 12:32:00,unisender,email,{12262075},ROADMAP
2024-04-01 07:14:00,telegram,social,{16001333},Студент
2024-04-04 09:09:00,telegram,social,"{11787181,12343743,25212617}",abc-portfolio
2024-10-12 15:56:00,unisender,email,"{15889391,16766247,19329846,20771041}",web-power-bi
2024-10-12 17:29:00,telegram,bot-send,"{17151787,17558471,21456436,21502670,21566010}",web-power-bi
2024-10-13 07:42:00,telegram,paid-placement,"{17163457,18257003,22568895}",Экскурсия
2024-10-13 07:44:00,telegram,paid-placement,"{17163457,18257003,22568895}",DA-TEST-START
2024-10-13 20:13:00,unisender,email,{17118163},plan-python
2024-10-13 20:18:00,unisender,email,{9327543},web-power-bi
2024-10-15 08:43:00,telegram,bot-send,"{16003565,17553527,17829067,20886197,22364977,23647487,24161655}",web-power-bi
2024-10-15 08:45:00,telegram,bot-send,"{16053107,16761795}",web-power-bi
2024-10-15 08:49:00,telegram,bot-send,{17150971},web-power-bi
2024-10-15 08:50:00,telegram,bot-send,"{15908653,16763405}",web-power-bi
2024-10-15 09:08:00,telegram,bot-send,{17034101},web-power-bi
2024-10-15 09:15:00,unisender,email,"{15995043,16764165,18222859}",web-power-bi
2024-10-15 09:15:00,telegram,bot-send,{16853135},web-power-bi
2024-10-15 09:22:00,telegram,bot-send,{13336155},web-power-bi
2024-10-15 09:34:00,telegram,bot-send,"{16011643,16871171,19092417}",Консультация
2024-10-15 10:08:00,telegram,social,{16978579},web-power-bi
2024-10-15 10:08:00,telegram,social,{16978579},web-power-bi
2024-10-15 10:15:00,telegram,bot-send,{16748657},web-power-bi
2024-10-23 03:41:00,telegram,paid-placement,{16996099},web-2310
2024-11-05 16:15:00,telegram,social,{15556555},DA-TEST-START
2024-11-08 09:15:00,telegram,bot-send,"{16003159,18616975}",web-1211
2024-11-11 14:02:00,telegram,paid-placement,{16069723},web-1211
2024-11-11 15:50:00,telegram,social,"{8887233,16766255}",SPEC-DA-TEST-START
2024-11-11 15:57:00,telegram,social,"{16699695,19653806}",SPEC-DA-TEST
2024-11-12 13:22:00,unisender,email,"{9343497,22856197,25323757}",web-1211
2024-11-14 00:09:00,unisender,email,"{16336117,16778411,17631349,18418999}",web-1211
2024-11-14 00:11:00,bloger,post,"{16259985,16762065,19576502,24830799}",web-1211
2024-11-14 00:11:00,bloger,post,"{17151209,19295911,21692221}",web-1211
2024-11-14 00:11:00,bloger,post,"{16259985,16762065,19576502,24830799}",web-1211
2024-11-14 00:13:00,bloger,post,"{16259985,16762065,19576502,24830799}",web-1211
2024-11-29 09:19:00,telegram,bot-send,"{17064877,17101475}",web-0412
2024-11-30 06:02:00,unisender,email,"{15927075,16695207,16773339,17310203,17631349,18418999,23553585}",web-0412
2024-12-02 08:31:00,telegram,social,"{17123865,17560467,18878981}",6 каверз
2024-12-04 08:08:00,telegram,bot-send,"{17156637,20605369,20764479}",web-0412
2024-12-04 08:44:00,telegram,bot-send,{16764879},6 каверз
2024-12-04 14:02:00,telegram,social,"{5800233,16764845}",web-0412
2025-01-10 10:16:00,telegram,social,{12488361},web-1401
2025-01-10 10:21:00,telegram,social,"{17151209,19295911,21692221}",web-1401
2025-01-10 10:31:00,telegram,social,{5825207},web-1401
2025-01-10 10:44:00,telegram,social,"{11787181,12343743,25212617}",web-1401
2025-01-10 10:44:00,telegram,social,"{10654999,17558293}",web-1401
2025-01-10 10:47:00,unisender,email,"{15545853,20697223}",web-1401
2025-01-10 10:48:00,unisender,email,"{16287273,16767225}",web-1401
2025-01-10 10:48:00,unisender,email,"{17123457,17541177,18678281,21487554}",web-1401
2025-01-10 10:48:00,unisender,email,"{8597793,15922723,17127455}",web-1401
2023-12-23 07:11:00,telegram,itresume,{11989079},Sber-Веб
2024-01-09 15:47:00,Unisender,email,"{17124341,17323493,18223273}",Pandas-v3
2024-02-08 08:53:00,telegram,social,{16603359},6 каверз
2024-03-21 11:21:00,,,"{17099545,17756329,18078281}",DA-TEST-START
2024-03-21 11:22:00,,,{15921957},DA-TEST-START
2024-03-21 11:31:00,,,{16053929},DA-TEST-START
2024-03-21 11:37:00,telegram,bot-send,"{16785101,17610155}",Ads-metrics
2024-03-21 11:37:00,,,"{17123457,17541177,18678281,21487554}",DA-TEST-START
2024-03-21 11:39:00,telegram,bot-send,"{16011643,16871171,19092417}",Ads-metrics
2024-03-21 11:45:00,,,{16053929},DA-TEST
2024-03-21 11:51:00,,,"{17123865,17560467,18878981}",DA-TEST-START
2024-03-21 11:57:00,,,{17167845},DA-TEST-START
2024-03-21 12:09:00,,,"{16529705,17157253}",DA-TEST
2024-03-21 12:47:00,,,"{16766403,17180005,18352763,18371345,18522335}",DA-TEST
2024-03-21 12:55:00,,,{17005839},DA-TEST-START
2024-03-21 12:56:00,,,"{16011643,19950481,20319115}",DA-TEST-START
2024-03-21 12:59:00,telegram,bot-send,"{16766403,17180005,18352763,18371345,18522335}",Ads-metrics
2024-03-21 13:14:00,,,"{17146215,17146219,17177795}",DA-TEST-START
2024-03-21 13:30:00,,,"{17146215,17146219,17177795}",DA-TEST
2024-03-21 13:38:00,,,"{17160445,17748333}",DA-TEST-START
2024-03-21 14:00:00,,,{16016135},DA-TEST-START
2024-03-21 14:28:00,,,"{17000877,18084425,20490435,22069703,24667759}",DA-TEST-START
2024-03-21 14:50:00,,,{16529429},DA-TEST-START
2024-03-21 15:02:00,,,{16529429},DA-TEST
2024-03-21 15:18:00,,,"{16081745,16601531,17159091,18908721}",DA-TEST
2024-03-21 16:30:00,instagram,cpa,"{3817811,12210285,18900811,19630602}",Workshop-RFM
2024-03-21 18:40:00,,,"{17146943,18333051,18385799,18908377}",DA-TEST
2024-03-21 20:04:00,instagram,cpa,"{11418857,20595651}",Workshop-RFM
2024-03-22 04:46:00,,,{16740831},DA-TEST-START
2024-03-22 08:21:00,telegram,social,{15929783},DA-TEST-START
2024-03-22 09:12:00,telegram,social,"{15924193,17108465,22058459}",DA-TEST-START
2024-03-22 09:33:00,unisender,email,{11264135},DA-TEST-START
2024-03-22 09:36:00,youtube,web-online,"{16259985,16762065,19576502,24830799}",Студент
2024-03-22 09:37:00,unisender,email,"{16762011,16816349}",DA-TEST
2024-03-22 11:28:00,bot,events-simulative,"{16766403,17180005,18352763,18371345,18522335}",Кейс-АЦ
2024-03-22 12:16:00,telegram,bot-send,{14763967},DA-TEST
2024-03-22 12:33:00,telegram,bot-send,"{16762199,18914983,20980525}",DA-TEST
2024-03-22 12:37:00,vkontakte,social,"{16765779,18914999}",DA-TEST
2024-03-22 14:13:00,telegram,social,"{16003401,16776137,19318216}",DA-TEST-START
2024-03-22 14:58:00,unisender,email,"{17151345,17232163,19399386}",DA-TEST-START
2024-03-22 16:29:00,instagram,cpa,"{11792445,16764207}",Workshop-RFM
2024-03-22 20:00:00,unisender,email,"{11088915,12130285}",6 каверз
2024-03-23 07:22:00,unisender,email,"{15548959,16763825,18256737,19434630}",DA-TEST-START
2024-03-23 11:08:00,unisender,email,{6707403},DA-TEST-START
2024-03-23 11:30:00,unisender,email,{6707403},DA-TEST
2024-03-23 15:55:00,partner,itresume,"{16056423,16769383}",6 каверз
2024-03-23 15:56:00,telegram,bot-send,"{16056423,16769383}",Ads-metrics
2024-03-23 16:00:00,telegram,bot-send,"{16056423,16769383}",ROADMAP
2024-03-23 16:10:00,telegram,bot-send,"{16056423,16769383}",20ideas
2024-03-24 10:46:00,telegram,bot-send,{15921957},DA-TEST-START
2024-03-24 11:24:00,telegram,bot-send,{15921957},DA-TEST
2024-03-24 18:51:00,telegram,social,"{12084195,16975267}",DA-TEST-START
2024-03-24 18:55:00,telegram,bot-send,"{11929247,16765787,18772107}",Ads-metrics
2024-03-24 20:17:00,telegram,social,"{12084195,16975267}",DA-TEST-START
2024-03-24 20:20:00,telegram,social,"{12084195,16975267}",DA-TEST
2024-03-24 20:20:00,telegram,social,"{12084195,16975267}",DA-TEST-START
2024-03-24 20:21:00,telegram,social,"{12084195,16975267}",DA-TEST
2024-03-25 04:50:00,telegram,social,{16091907},DA-TEST-START
2024-03-25 07:19:00,bot,cpc,{15941867},Студент
2024-03-25 09:32:00,telegram,social,"{8358657,16574417}",DA-TEST
2024-03-26 06:50:00,telegram,,{16978579},Студент
2024-03-26 08:40:00,telegram,bot-send,"{17150867,17177837}",Ads-metrics
2024-03-26 09:55:00,instagram,cpa,{11766391},Workshop-RFM
2024-03-26 09:55:00,,,"{16978917,16978919}",Ads-metrics
2024-03-26 10:10:00,unisender,email,"{16561641,17151733}",DA-TEST-START
2024-03-26 10:44:00,telegram,social,"{16769821,16820275,17193675}",Студент
2024-03-26 10:50:00,unisender,email,"{16561641,17151733}",DA-TEST
2024-03-26 13:15:00,telegram,social,"{15924193,17108465,22058459}",DA-TEST-START
2024-03-26 18:44:00,instagram,cpa,"{11470833,16796217,16796225}",Workshop-RFM
2024-03-27 03:38:00,instagram,cpa,{11537905},Workshop-RFM
2024-03-27 06:13:00,telegram,bot-send,"{16691305,16798093}",Ads-metrics
2024-03-27 08:48:00,unisender,email,"{8358657,16574417}",tinkoff-1
2024-03-27 08:50:00,unisender,email,{16978579},tinkoff-1
2024-03-27 08:51:00,unisender,email,{15539831},tinkoff-1
2024-03-27 08:52:00,unisender,email,"{15545853,24411065,24447353}",tinkoff-1
2024-03-27 08:52:00,unisender,email,{16008929},tinkoff-1
2024-03-27 08:57:00,unisender,email,"{16762011,16816349}",tinkoff-1
2024-03-27 09:02:00,unisender,email,"{12578989,18222813}",tinkoff-1
2024-03-27 09:03:00,unisender,email,"{10694763,10904619}",tinkoff-1
2024-03-27 09:23:00,unisender,email,"{5983741,16765093}",tinkoff-1
2024-03-27 09:27:00,telegram,bot-send,"{15921749,16695207,16773339}",tinkoff-1
2024-03-27 09:35:00,telegram,bot-send,"{8887233,16766255}",tinkoff-1
2024-03-27 09:37:00,unisender,email,"{15950709,16529323,16770067}",tinkoff-1
2024-03-27 09:37:00,telegram,social,"{16081745,16601531,17159091,18908721}",tinkoff-1
2024-03-27 09:37:00,telegram,bot-send,"{15950709,16529323,16770067}",tinkoff-1
2024-03-27 09:39:00,telegram,social,"{15927075,16695207,17631349,19006309}",tinkoff-1
2024-03-27 09:39:00,telegram,bot-send,"{17150165,18698663}",tinkoff-1
2024-03-27 09:41:00,telegram,social,{12367367},tinkoff-1
2024-03-27 09:41:00,telegram,bot-send,"{15999339,16764375}",tinkoff-1
2024-03-27 09:45:00,telegram,bot-send,"{16766595,17554027}",tinkoff-1
2024-03-27 09:50:00,telegram,social,"{15539937,16762403}",tinkoff-1
2024-03-27 09:56:00,telegram,bot-send,{11766391},tinkoff-1
2024-03-27 09:56:00,telegram,social,"{11787181,12343743,25212617}",tinkoff-1
2024-03-27 09:58:00,unisender,email,{5807709},tinkoff-1
2024-03-27 09:59:00,telegram,bot-send,{16531253},tinkoff-1
2024-03-27 10:01:00,telegram,bot-send,{16287433},tinkoff-1
2024-03-27 10:02:00,telegram,social,"{16003401,16776137,19318216}",tinkoff-1
2024-03-27 10:05:00,telegram,bot-send,"{17123865,17560467,18878981}",tinkoff-1
2024-03-27 10:08:00,telegram,bot-send,"{15621747,16768801}",tinkoff-1
2024-03-27 10:35:00,telegram,social,{16270415},tinkoff-1
2024-03-27 10:47:00,unisender,email,"{16561769,17099415}",tinkoff-1
2024-03-27 10:53:00,unisender,email,{16868745},tinkoff-1
2024-03-27 11:53:00,telegram,bot-send,"{15942213,16974953,20010059}",tinkoff-1
2024-03-27 12:13:00,telegram,social,{16762377},tinkoff-1
2024-03-27 12:17:00,telegram,bot-send,{16053929},tinkoff-1
2024-03-27 12:36:00,telegram,bot-send,"{16003159,18616975}",tinkoff-1
2024-03-27 12:39:00,telegram,bot-send,"{16003159,18616975}",tinkoff-1
2024-03-27 14:24:00,telegram,bot-send,"{16078131,19413190}",tinkoff-1
2024-07-16 10:11:00,telegram,social,"{16081745,16601531,17159091,18908721}",КАРЬЕРНЫЙ
2024-10-14 12:12:00,telegram,bot-send,"{16741423,18595441}",web-geo-analyt
2024-11-14 00:13:00,telegram,social,"{17143617,20730839}",web-1211
2024-11-14 00:14:00,telegram,bot-send,"{10421587,12718265,22965161}",web-1211
2024-11-14 00:14:00,bloger,post,"{16259985,16762065,19576502,24830799}",web-1211
2024-11-14 10:21:00,unisender,email,"{16815989,19322542,20014965}",web-1211
2024-11-18 16:05:00,telegram,social,{11789383},HARD-SQL
2024-11-18 16:06:00,telegram,social,"{16762199,18914983,20980525}",HARD-SQL
2024-11-22 10:09:00,telegram,social,{15569323},web-2611
2024-11-25 12:10:00,telegram,bot-send,"{5800233,16764845}",PRODUCT-TEST-START
2024-11-29 09:22:00,telegram,bot-send,"{16762221,16954607}",web-0412
2024-12-04 16:07:00,unisender,email,"{16864161,18675121}",web-0412
2024-12-10 10:57:00,telegram,bot-send,"{17000877,18084425,20490435,22069703,24667759}",web-1112
2024-12-11 12:20:00,telegram,social,{15927495},abc-portfolio
2024-12-11 16:25:00,telegram,social,{11377605},web-1112
2025-01-01 16:55:00,telegram,social,"{2200671,5806435,18084533,20586583}",advent
2025-01-10 11:24:00,telegram,bot-send,"{17038527,17683033}",web-1401
2025-01-10 13:47:00,telegram,social,{16397299},web-1401
2025-01-11 08:35:00,telegram,social,"{17151787,17558471,21456436,21502670,21566010}",web-1401
2025-01-13 08:29:00,telegram,paid-placement,"{16531341,16775575}",web-1401
2025-01-17 12:42:00,telegram,bot-send,"{15995043,16764165,18222859}",web-2101
2025-01-21 16:03:00,telegram,social,"{15930551,23484153}",web-2101
2025-01-21 16:13:00,telegram,social,{16529727},web-2101
2025-01-24 07:14:00,telegram,social,"{5840561,16823375,17195057}",web-2801
2025-01-24 11:05:00,telegram,bot-send,"{15923171,21320212}",web-2801
2025-01-24 12:13:00,telegram,bot-send,"{16669409,24574945}",web-2801
2025-01-24 14:47:00,telegram,bot-send,"{15999363,16775393}",web-2801
2025-01-27 17:04:00,telegram,paid-placement,{10419305},web-2801
2025-01-28 11:22:00,telegram,social,"{15882917,17164025}",HARD-SQL
2025-01-28 12:44:00,telegram,bot-send,{16765561},web-2801
2025-01-28 14:20:00,telegram,bot-send,"{16312435,19011609}",web-2801
2025-01-28 15:37:00,telegram,bot-send,"{15208695,17145269,21719045}",web-2801
2025-01-28 16:12:00,unisender,email,"{15895095,16011643,19032967}",portfolio ideas
2025-01-28 16:26:00,telegram,bot-send,"{16815413,17006383,17006385}",web-2801
2025-01-17 20:20:00,unisender,email,"{16570977,18237375}",advent
2023-12-23 13:36:00,telegram,bot,"{10331397,16761959}",Экскурсия
2023-12-23 16:01:00,instagram,cpa,{17110453},Pandas-v1
2024-01-24 12:29:00,telegram,bot-send,"{16748663,17100103}",Workshop-RFM
2024-03-27 15:19:00,telegram,,{13166349},Кейс-АЦ
2024-03-27 15:58:00,telegram,social,"{15921749,16695207,16773339}",HARD-SQL
2024-03-27 15:59:00,telegram,social,"{15921749,16695207,16773339}",HARD-SQL
2024-03-27 16:00:00,telegram,social,"{15921749,16695207,16773339}",HARD-SQL
2024-03-27 16:14:00,telegram,social,"{15921749,16695207,16773339}",HARD-SQL
2024-03-27 16:39:00,unisender,email,{9832301},tinkoff-1
2024-03-27 16:45:00,unisender,email,"{15889391,16766247,19329846,20771041}",tinkoff-1
2024-03-27 16:46:00,telegram,bot-send,"{15889391,16766247,19329846,20771041}",tinkoff-1
2024-03-27 16:59:00,telegram,bot-send,"{15928337,19015561,19024235}",DA-TEST-START
2024-03-27 17:30:00,unisender,email,{15930551},tinkoff-1
2024-03-27 19:30:00,telegram,social,"{9164281,17166441}",tinkoff-1
2024-03-27 21:16:00,vkontakte,social,{16957229},DA-TEST-START
2024-03-27 23:01:00,telegram,social,"{15557477,16767411}",tinkoff-1
2024-03-28 02:57:00,unisender,email,"{16084821,20106453}",tinkoff-1
2024-03-28 03:28:00,telegram,bot-send,"{16017013,16532045,18912267}",tinkoff-1
2024-03-28 04:55:00,unisender,email,{17177205},tinkoff-1
2024-03-28 06:11:00,telegram,social,"{15924193,17108465,22058459}",tinkoff-1
2024-03-28 06:40:00,instagram,cpa,{11537905},Workshop-RFM
2024-03-28 08:03:00,telegram,social,{16770865},tinkoff-1
2024-03-28 08:09:00,vkontakte,social,"{16059185,19052623}",tinkoff-1
2024-03-28 08:33:00,telegram,social,"{17141409,18672391}",tinkoff-1
2024-03-28 10:51:00,telegram,bot-send,{16561627},tinkoff-1
2024-03-28 16:52:00,unisender,email,{16862903},tinkoff-1
2024-03-28 18:04:00,telegram,bot-send,"{16002315,17136577,18651907,18658731,19040861}",tinkoff-1
2024-03-29 06:28:00,telegram,bot-send,"{5814679,20781819}",tinkoff-1
2024-03-29 07:26:00,telegram,bot-send,{15989583},Студент
2024-03-29 09:34:00,telegram,social,"{16789571,18175055}",tinkoff-1
2024-03-29 09:40:00,telegram,social,{13336155},DA-TEST-START
2024-03-29 10:27:00,telegram,social,"{17220445,17493701}",tinkoff-1
2024-03-29 11:40:00,unisender,email,"{16524625,19066647,20106413}",DA-TEST
2024-03-29 11:46:00,unisender,email,"{15921749,16695207,16773339}",DA-TEST-START
2024-03-29 12:04:00,telegram,bot-send,"{8887233,16766255}",DA-TEST-START
2024-03-29 16:09:00,telegram,bot-send,"{16013985,17154261,19412264,20682793}",DA-TEST-START
2024-03-29 17:22:00,unisender,email,"{16056423,16769383}",DA-TEST
2024-03-31 16:08:00,vkontakte,social,{11074775},tinkoff-1
2024-04-04 11:39:00,telegram,social,"{17064877,17101475}",abc-portfolio
2024-04-05 10:06:00,telegram,bot-send,{13336155},SPEC-DA-TEST-START
2024-04-05 12:04:00,telegram,social,{15930477},SPEC-DA-TEST
2024-04-05 16:22:00,telegram,social,"{12705807,19177727}",SPEC-DA-TEST
2024-04-08 14:01:00,telegram,social,"{15921589,16766225,18451399}",abc-portfolio
2024-04-09 09:15:00,telegram,social,"{15942213,16974953,20010059}",Python-FREE
2024-04-09 13:19:00,telegram,social,"{12718265,18840823,21317974}",Python-FREE
2024-04-09 16:07:00,unisender,email,{11807293},Python-FREE
2024-04-10 03:39:00,telegram,social,"{8597793,15922723,17127455}",Python-FREE
2024-04-10 05:05:00,telegram,bot-send,"{16762199,18914983,20980525}",SPEC-DA-TEST
2024-04-10 08:03:00,unisender,email,{11074775},Python-FREE
2024-04-11 08:47:00,telegram,social,{11377605},ROADMAP
2024-04-11 09:26:00,unisender,email,"{16748663,17100103}",ROADMAP
2024-04-11 15:02:00,telegram,,{5986731},Кейс-АЦ
2024-04-15 12:34:00,,,"{5814679,20781819}",Python-FREE
2024-04-15 13:49:00,unisender,email,{2494413},SPEC-DA-TEST-START
2024-04-15 19:16:00,telegram,bot-send,"{16748663,17100103}",Python-FREE
2024-04-15 22:02:00,Unisender,email,{15930551},DA-TEST
2024-04-16 08:19:00,unisender,email,"{8597793,15922723,17127455}",SQL-16-04-24
2024-04-16 08:21:00,unisender,email,{11989079},SQL-16-04-24
2024-04-16 09:54:00,unisender,email,"{16570977,18237375}",SQL-16-04-24
2024-04-16 09:54:00,unisender,email,"{16570977,18237375}",SQL-16-04-24
2024-04-16 14:12:00,telegram,bot-send,"{16529751,18612143}",SQL-16-04-24
2024-04-16 16:05:00,telegram,social,{12349789},SQL-16-04-24
2024-04-16 16:09:00,unisender,email,"{16691305,16798093}",SQL-16-04-24
2024-04-17 09:13:00,telegram,bot-send,{16788821},Python-FREE
2024-04-17 10:04:00,old-lms,lesson,{17033243},Экскурсия
2024-04-17 14:45:00,unisender,email,"{16815413,17006383,17006385}",Python-FREE
2024-04-17 15:47:00,telegram,social,{15927495},SPEC-DA-TEST
2024-04-18 12:32:00,telegram,social,"{17123865,17560467,18878981}",6 каверз
2024-05-13 10:22:00,telegram,social,{5825207},plan-python
2024-06-11 13:33:00,telegram,bot-send,{16842355},student-project
2024-06-17 12:17:00,telegram,social,"{17123865,17560467,18878981}",КАРЬЕРНЫЙ
2024-06-18 18:52:00,telegram,social,{16397299},SPEC-DA-TEST-START
2024-07-04 18:33:00,partner,itresume,"{15548445,17102057}",6 каверз
2024-10-08 16:16:00,unisender,email,"{16078131,19413190}",web-geo-analyt
2024-11-29 09:37:00,unisender,email,"{16003565,16764873,17290925,17553527,17829067,19544884,19867361,20886197,24161655,24395845}",web-0412
2025-01-24 14:50:00,telegram,bot-send,"{5848071,20887407}",web-2801
2025-01-28 19:16:00,unisender,email,{5807709},advent
2025-01-29 01:00:00,telegram,paid-placement,{17150093},web-2801
2025-01-29 17:23:00,telegram,social,"{16267739,19910637,22930899}",web-2801
2025-01-29 22:26:00,telegram,social,"{17151787,17558471,21456436,21502670,21566010}",web-2801
2025-01-30 09:27:00,telegram,bot-send,{15548917},research
2025-01-31 09:12:00,telegram,social,"{11787181,12343743,25212617}",web-0502
2025-01-31 10:27:00,telegram,social,"{16774955,18347079}",web-0502
2025-01-31 10:45:00,telegram,bot-send,"{10421587,12718265,22965161}",web-0502
2025-01-31 11:22:00,telegram,bot-send,"{15995043,16764165,18222859}",web-0502
2025-01-31 11:58:00,telegram,bot-send,{15588591},web-0502
2025-01-31 12:50:00,telegram,bot-send,"{7710743,14717267}",web-0502
2025-01-31 15:18:00,telegram,bot-send,"{15571275,17145655}",web-0502
2023-12-26 16:58:00,bot,value-sql,"{15916041,18583517}",Sber-Веб
2024-01-01 08:48:00,telegram,bot,"{15548959,16763825,18256737,19434630}",Экскурсия
2024-01-01 11:05:00,youtube,25-12-2023,"{15667785,18847199,19503222}",Pandas-pre
2024-01-05 10:46:00,bot,events-simulative,{5803341},Pandas-v2
2024-04-11 15:02:00,telegram,,{5986731},Кейс-АЦ
2024-04-26 11:09:00,telegram,bot-send,{15417229},20ideas
2024-04-26 14:19:00,telegram,social,"{15924193,17108465,22058459}",abc-portfolio
2024-04-30 19:58:00,old-lms,menu,{16087433},6 каверз
2024-05-03 14:53:00,telegram,bot-send,{15954809},Python-FREE
2024-05-10 09:56:00,telegram,social,{16463705},DA-TEST-START
2024-05-10 14:28:00,telegram,bot,"{17147699,17428973,17428975,18451713}",Заморозка
2024-05-12 02:51:00,telegram,social,"{17147329,17580017,21615360}",DA-TEST-START
2024-05-13 07:28:00,telegram,social,{16529429},ROADMAP
2024-05-13 09:29:00,telegram,social,"{15548959,16763825,18256737,19434630}",plan-python
2024-05-13 09:29:00,telegram,social,"{15548445,17102057}",plan-python
2024-05-13 10:01:00,telegram,social,"{15903385,16766413,18515647}",plan-python
2024-05-13 11:25:00,telegram,social,"{2200671,5806435,18084533,20586583}",plan-python
2024-05-13 11:38:00,telegram,bot-send,"{16059185,19052623}",plan-python
2024-05-13 11:46:00,telegram,bot-send,{5804161},plan-python
2024-05-13 12:14:00,telegram,social,"{11929247,16765787,18772107}",plan-python
2024-05-13 14:11:00,unisender,email,"{16520771,21705141}",plan-python
2024-05-13 15:03:00,unisender,email,{11989079},plan-python
2024-05-13 16:39:00,material,plan-for-learning-python,{11807293},Экскурсия
2024-05-13 16:46:00,vkontakte,social,"{16739833,24522659}",plan-python
2024-05-15 07:32:00,telegram,bot-send,{16996099},plan-python
2024-05-16 08:35:00,telegram,social,{15538843},Select-Materials
2024-05-16 08:37:00,telegram,social,{16287433},Select-Materials
2024-05-16 09:10:00,telegram,social,"{15921589,16766225,18451399}",Select-Materials
2024-05-16 16:02:00,unisender,email,{12022681},Select-Materials
2024-05-16 16:52:00,unisender,email,{11989079},Select-Materials
2024-05-16 17:00:00,unisender,email,"{16066779,16770183}",Select-Materials
2024-05-16 20:17:00,unisender,email,"{15591603,16773121,18378405}",Select-Materials
2024-05-21 08:58:00,telegram,social,{15539831},DA-TEST-START
2024-05-23 11:49:00,telegram,social,"{15549257,17146927,18114357}",20ideas
2024-05-24 09:05:00,telegram,social,"{12718265,18840823,21317974}",20ideas
2024-05-27 08:37:00,telegram,social,"{16769821,16820275,17193675}",Студент
2024-05-30 05:03:00,telegram,social,"{17146035,17191367}",Студент
2024-06-04 18:51:00,telegram,bot-send,"{16775127,16980287}",plan-python
2024-06-06 08:47:00,telegram,social,"{12705807,19177727}",ROADMAP
2024-06-06 11:09:00,telegram,bot-send,"{15549745,16778589}",ROADMAP
2024-06-06 11:10:00,unisender,email,"{15549745,16778589}",ROADMAP
2024-06-08 13:04:00,unisender,email,{5801075},plan-python
2024-06-09 08:20:00,unisender,email,{16788821},web_13_06
2024-06-09 08:56:00,unisender,email,"{15995043,16764165,18222859}",web_13_06
2024-06-09 08:57:00,telegram,bot-send,"{16003565,16764873,17290925,17553527,17829067,19544884,19867361,20886197,24161655,24395845}",web_13_06
2024-06-11 08:17:00,telegram,bot-send,"{16170213,16978525}",student-project
2024-06-11 11:30:00,telegram,bot-send,{5799759},student-project
2024-06-11 11:30:00,telegram,bot-send,{5799759},student-project
2024-06-11 14:18:00,telegram,bot-send,{16529429},web_13_06
2024-06-11 15:17:00,telegram,paid-placement,"{11787181,12343743,25212617}",web_13_06
2024-06-13 10:38:00,telegram,social,"{16766403,17180005,18352763,18371345,18522335}",web_13_06
2024-06-13 16:40:00,telegram,social,"{16765779,18914999}",web_13_06
2024-06-13 17:18:00,telegram,bot-send,"{17146943,18333051,18385799,18908377}",web_13_06
2024-06-13 18:45:00,telegram,social,"{5693721,16690195,18716943}",web_13_06
2024-06-14 14:57:00,telegram,bot-send,{16200535},SPEC-DA-TEST
2024-06-15 09:22:00,unisender,email,{17110453},Python-FREE
2024-06-16 15:27:00,telegram,bot-send,"{16774081,17032641}",web_13_06
2024-06-17 08:33:00,unisender,email,{16191753},КАРЬЕРНЫЙ
2024-06-17 08:44:00,unisender,email,"{17122293,18713659}",КАРЬЕРНЫЙ
2024-06-17 08:46:00,telegram,bot-send,"{15548445,17102057}",КАРЬЕРНЫЙ
2024-06-17 08:46:00,telegram,bot-send,"{8887233,16766255}",КАРЬЕРНЫЙ
2024-06-17 08:47:00,telegram,bot-send,{16529429},КАРЬЕРНЫЙ
2024-06-17 08:48:00,telegram,bot-send,"{16572479,17133213}",КАРЬЕРНЫЙ
2024-06-17 08:49:00,telegram,bot-send,"{16011643,16871171,19092417}",КАРЬЕРНЫЙ
2024-06-17 08:49:00,telegram,bot-send,{16005629},КАРЬЕРНЫЙ
2024-06-17 08:50:00,telegram,bot-send,{11377605},КАРЬЕРНЫЙ
2024-06-17 08:50:00,unisender,email,"{15921793,15927163,17122529}",6 каверз
2024-06-17 08:51:00,telegram,bot-send,"{15903385,16766413,18515647}",КАРЬЕРНЫЙ
2024-06-17 08:57:00,telegram,bot-send,{2205259},КАРЬЕРНЫЙ
2024-06-17 09:02:00,telegram,bot-send,"{15916041,18583517}",КАРЬЕРНЫЙ
2024-06-17 09:03:00,telegram,bot-send,"{16228633,16771429}",КАРЬЕРНЫЙ
2024-06-17 09:10:00,telegram,bot-send,{17060195},КАРЬЕРНЫЙ
2024-06-17 09:21:00,telegram,bot-send,{5803341},предзапись собес
2024-06-17 11:38:00,telegram,social,{6513319},КАРЬЕРНЫЙ
2024-06-17 18:44:00,telegram,bot-send,"{15928337,19015561,19024235}",КАРЬЕРНЫЙ
2024-06-18 09:17:00,telegram,social,"{16003159,18616975}",SPEC-DA-TEST-START
2024-06-18 09:21:00,telegram,social,"{16003159,18616975}",SPEC-DA-TEST
2024-06-18 13:18:00,telegram,social,{16001333},SPEC-DA-TEST
2024-07-05 07:07:00,telegram,social,{5825207},PRODUCT-TEST-START
2024-07-10 11:07:00,,,{15943559},itresume
2024-07-17 12:14:00,telegram,paid-placement,{16814977},ROADMAP
2024-08-06 07:42:00,unisender,email,"{16059185,19052623}",web-resume
2024-08-06 10:35:00,unisender,email,"{17123457,17541177,18678281,21487554}",web-resume
2024-08-06 10:40:00,vk_ads,cpm,"{17163457,18257003,22568895}",Консультация
2024-08-06 16:02:00,telegram,bot-send,{16299591},web-resume
2024-08-09 14:36:00,unisender,email,"{16267739,19910637,22930899}",web-resume
2024-08-20 15:30:00,telegram,social,"{16789437,16819743}",intensive-analyst
2024-08-20 17:48:00,telegram,bot-send,{14728903},intensive-analyst
2024-09-17 17:14:00,telegram,bot-send,"{15946775,16785195,17577077}",become-bi
2025-01-06 16:04:00,telegram,paid-placement,{11989079},autoweb-yandex
2024-01-09 05:22:00,Unisender,email,"{17146035,17191367}",Pandas-VIP
2024-06-11 07:47:00,telegram,bot-send,"{16001545,17165757}",student-project
2024-06-11 07:47:00,telegram,bot-send,"{17149715,19953343,20314445}",student-project
2024-06-17 14:38:00,telegram,bot-send,{17005839},КАРЬЕРНЫЙ
2024-06-17 17:42:00,unisender,email,"{16784957,20490049}",КАРЬЕРНЫЙ
2024-06-18 14:11:00,unisender,email,"{15927075,16695207,17631349,19006309}",SPEC-DA-TEST-START
2024-06-18 20:14:00,vkontakte,social,"{16699695,19653806}",SPEC-DA-TEST-START
2024-06-18 20:21:00,vkontakte,social,"{16699695,19653806}",SPEC-DA-TEST-START
2024-06-18 20:38:00,admitad,,"{16531399,16771081}",Python-FREE
2024-06-18 21:38:00,unisender,email,"{16762569,18846263}",SPEC-DA-TEST-START
2024-06-18 21:44:00,unisender,email,"{16762569,18846263}",SPEC-DA-TEST
2024-06-25 18:25:00,telegram,bot-send,"{10787621,16772781}",Ozon-25-06
2024-07-02 15:30:00,telegram,bot-send,"{17163457,21323678,25588667}",Консультация
2024-07-02 18:56:00,partner,itresume,{15960225},6 каверз
2024-07-03 11:11:00,telegram,social,"{15946775,16785195,17577077}",PRODUCT-TEST-START
2024-07-03 11:17:00,unisender,email,"{16773339,17631349,18418999,23464085}",PRODUCT-TEST-START
2024-07-10 13:58:00,telegram,social,{16529035},Python-FREE
2024-07-17 12:16:00,telegram,paid-placement,{16669409},ROADMAP
2024-07-17 13:23:00,telegram,paid-placement,"{17147699,17428973,17428975,18451713}",ROADMAP
2024-07-18 03:26:00,telegram,paid-placement,"{16013171,16762871}",ROADMAP
2024-07-23 16:55:00,telegram,bot-send,"{15946775,16785195,17577077}",web_23_07
2024-08-06 17:20:00,telegram,paid-placement,{17070179},web-resume
2024-08-08 13:08:00,unisender,email,"{16789437,16819743}",web-resume
2024-08-14 09:13:00,telegram,social,{15924195},intensive-analyst
2024-08-16 21:40:00,telegram,social,"{17147329,17580017,21615360}",intensive-analyst
2024-08-17 07:16:00,vkontakte,social,"{15943891,16773887}",Студент
2024-08-17 11:54:00,telegram,social,{6707403},intensive-analyst
2024-08-17 14:14:00,itresume,top-color-block,{5804161},Python-FREE
2024-08-19 15:50:00,bloger,post,"{15946775,16785195,17577077}",intensive-analyst
2024-08-20 16:57:00,telegram,bot-send,"{16638863,21141338,21960773,25014165}",intensive-analyst
2024-08-20 17:03:00,telegram,bot-send,{14728903},intensive-analyst
2024-08-21 10:31:00,unisender,email,{15556555},plan-python
2024-08-21 10:34:00,telegram,bot-send,{16003369},plan-python
2024-08-21 10:35:00,unisender,email,"{16520771,21705141}",plan-python
2024-08-21 10:37:00,telegram,bot-send,"{16773339,17631349,18418999,23464085}",plan-python
2024-08-21 10:38:00,unisender,email,"{16773339,17631349,18418999,23464085}",plan-python
2024-08-21 10:38:00,telegram,bot-send,"{16003565,16764873,17290925,17553527,17829067,19544884,19867361,20886197,24161655,24395845}",plan-python
2024-08-21 10:39:00,unisender,email,"{17147401,17177859}",plan-python
2024-08-21 10:42:00,telegram,bot-send,{17034101},plan-python
2024-08-21 10:44:00,telegram,bot-send,{16841379},plan-python
2024-08-21 10:54:00,telegram,bot-send,{16051969},plan-python
2024-08-21 10:57:00,telegram,social,"{15560051,16754921}",Студент
2024-08-26 14:19:00,telegram,bot-send,"{17147699,17428973,17428975,18451713}",Консультация
2024-08-26 15:52:00,,,"{16762221,16954607}",Консультация
2024-08-28 08:17:00,,,{16741325},Консультация
2024-09-04 09:00:00,vkontakte,social,{11789383},become-analyst
2024-09-04 09:07:00,unisender,email,"{15560415,16770403}",become-analyst
2024-09-04 09:09:00,telegram,social,{15930477},become-analyst
2024-09-04 09:16:00,telegram,social,{15569323},become-analyst
2024-09-04 09:20:00,telegram,bot-send,"{15927075,16695207,17631349,19006309}",become-analyst
2024-09-04 09:20:00,telegram,bot-send,"{17124341,17323493,18223273}",become-analyst
2024-09-04 09:25:00,telegram,bot-send,{15417229},become-analyst
2024-09-04 09:26:00,telegram,bot-send,{17160145},become-analyst
2024-09-04 09:31:00,telegram,social,"{16769821,16820275,17193675}",become-analyst
2024-09-04 09:31:00,unisender,email,{17177743},become-analyst
2024-09-04 09:58:00,telegram,bot-send,"{15924193,17562089}",become-analyst
2024-09-04 10:13:00,telegram,social,"{15927075,16695207,16773339,17310203,17631349,18418999,23553585}",become-analyst
2024-09-04 10:26:00,telegram,bot-send,{14728903},become-analyst
2024-09-04 12:31:00,telegram,social,"{2200671,5806435,18084533,20586583}",become-analyst
2024-09-04 14:01:00,unisender,email,"{9649707,18908843,24129719}",become-analyst
2024-09-04 17:31:00,unisender,email,"{16784197,17303493}",become-analyst
2024-09-05 00:10:00,telegram,social,"{16084821,20106453}",become-analyst
2024-09-05 05:18:00,telegram,bot-send,"{16003565,17553527,17829067,20886197,22364977,23647487,24161655}",become-analyst
2024-09-17 16:28:00,unisender,email,"{16259985,16762065,19576502,24830799}",become-bi
2024-09-25 15:48:00,bloger,post,"{15924193,17108465,22058459}",Студент
2024-10-15 08:47:00,telegram,bot-send,"{15922169,16767575}",web-power-bi
2024-10-18 10:53:00,telegram,bot-send,{15932451},web-2310
2024-10-18 11:48:00,telegram,social,"{2200671,5806435,18084533,20586583}",web-2310
2024-10-18 12:59:00,unisender,email,{16511641},web-2310
2024-10-18 15:01:00,,,"{17163457,18257003,22568895}",Консультация
2023-12-19 14:16:00,bot,events-simulative,{16847909},Pandas-VIP
2023-12-20 08:29:00,unisender,email,"{5814679,20781819}",Pandas-v1
2023-12-27 09:05:00,bot,events-simulative,"{16013985,17154261,19412264,20682793}",Pandas-pre
2023-12-29 07:20:00,youtube,web-online,"{17146215,17146219,17177795}",Pandas-v2
2024-01-03 08:54:00,,,"{899109,18648001}",Pandas-v2
2024-01-03 10:00:00,unisender,email,{5803341},Pandas-v2
2024-04-15 12:13:00,telegram,social,"{16691305,16798093}",Python-FREE
2024-04-16 05:37:00,unisender,email,"{16815989,19322542,20014965}",Python-FREE
2024-04-17 13:12:00,old-lms,lesson,{17033243},Оплата
2024-06-13 15:58:00,telegram,social,{15930477},web_13_06
2024-06-13 16:03:00,telegram,bot-send,"{16774081,17032641}",web_13_06
2024-06-13 17:43:00,telegram,social,{15538843},web_13_06
2024-06-17 18:17:00,telegram,bot-send,"{16833811,16833813}",КАРЬЕРНЫЙ
2024-06-17 18:46:00,unisender,email,{6707403},КАРЬЕРНЫЙ
2024-06-17 18:46:00,unisender,email,{6707403},КАРЬЕРНЫЙ
2024-06-17 18:46:00,vkontakte,social,{16853135},SPEC-DA-TEST-START
2024-06-17 19:17:00,unisender,email,{15930551},КАРЬЕРНЫЙ
2024-06-17 19:26:00,telegram,bot-send,{16528793},Python-FREE
2024-06-18 07:45:00,unisender,email,{17089011},Python-FREE
2024-06-18 08:29:00,vkontakte,social,{16957229},КАРЬЕРНЫЙ
2024-06-18 08:59:00,instagram,cpa,"{17262125,17262127}",Студент
2024-06-18 09:15:00,telegram,social,{16287433},SPEC-DA-TEST-START
2024-06-18 09:17:00,telegram,social,"{15923171,21320212}",SPEC-DA-TEST-START
2024-06-18 09:21:00,telegram,social,"{15927075,16695207,17631349,19006309}",SPEC-DA-TEST
2024-06-18 09:21:00,telegram,social,"{15923171,21320212}",SPEC-DA-TEST
2024-06-18 09:29:00,itresume,top-color-block,{17060195},Select-Materials
2024-06-18 10:03:00,telegram,social,"{15571275,17145655}",SPEC-DA-TEST-START
2024-06-18 10:11:00,telegram,social,"{15571275,17145655}",SPEC-DA-TEST
2024-07-09 15:57:00,telegram,social,{16529429},web_09_07
2024-08-20 15:29:00,vkontakte,social,"{15943891,16773887}",intensive-analyst
2024-08-21 11:29:00,unisender,email,"{16570977,18237375}",plan-python
2024-08-21 11:33:00,telegram,bot-send,{17005839},plan-python
2024-08-21 11:35:00,unisender,email,"{12089567,16764831,16764843}",plan-python
2024-08-21 11:49:00,unisender,email,{2494413},plan-python
2024-08-21 11:53:00,unisender,email,{11766391},plan-python
2024-08-21 12:05:00,telegram,bot-send,"{15903385,16766413,18515647}",plan-python
2024-08-21 12:20:00,telegram,bot-send,"{16084821,20106453}",plan-python
2024-08-21 12:31:00,telegram,bot-send,"{15895095,16011643,19032967}",plan-python
2024-08-21 13:02:00,unisender,email,{15943559},plan-python
2024-08-21 13:02:00,telegram,social,"{5809673,6441653,19725721,24714571}",intensive-analyst
2024-09-05 13:07:00,yandex,cpc,"{16669409,24574945}",plan-python
2024-09-05 18:48:00,Unisender,email,{11989079},become-analyst
2024-09-06 04:49:00,telegram,paid-placement,{17163457},plan-python
2024-09-06 05:41:00,telegram,social,"{7710743,14717267}",become-analyst
2024-09-06 10:33:00,yandex,cpc,"{17163457,18257003,22568895}",become-analyst
2024-09-11 05:44:00,telegram,bot-send,"{16815989,19322542,20014965}",become-analyst
2024-09-13 08:49:00,telegram,bot-send,{15930477},become-bi
2024-09-20 11:10:00,telegram,bot-send,"{16815413,17006383,17006385}",web-2409
2024-09-20 11:11:00,telegram,bot-send,"{17147401,17177859}",web-2409
2024-09-24 08:31:00,telegram,social,"{8358657,16574417}",web-2409
2024-09-24 15:50:00,telegram,bot-send,"{16815413,17006383,17006385}",web-2409
2024-09-24 16:13:00,telegram,social,{14728903},web-2409
2024-10-15 16:16:00,telegram,paid-placement,"{15922439,19436980,20455897}",web-power-bi
2024-10-21 15:11:00,unisender,email,{6953413},web-2310
2024-11-08 09:13:00,telegram,social,"{17149715,19953343,20314445}",web-1211
2024-11-08 12:57:00,telegram,bot-send,{17070179},web-1211
2024-11-12 15:30:00,telegram,bot-send,"{15970405,16774017}",web-1211
2024-11-13 13:02:00,telegram,bot-send,{16820111},Студент
2024-11-13 23:02:00,telegram,bot-send,{15569467},web-1211
2024-11-13 23:02:00,telegram,social,"{16552793,17148487}",web-1211
2024-11-13 23:03:00,telegram,bot-send,{16238231},web-1211
2024-11-13 23:03:00,telegram,social,"{16163271,16222289}",web-1211
2024-11-14 00:10:00,telegram,paid-placement,"{16312435,19011609}",web-1211
2024-01-24 14:52:00,telegram,pandas-chat,"{17129421,17562213}",Workshop-RFM
2024-01-24 14:52:00,telegram,pandas-chat,"{15943891,16773887}",Workshop-RFM
2024-03-10 08:35:00,telegram,bot-send,"{17162229,17554629,18678053,19001817}",08.03.2024
2024-06-10 12:37:00,telegram,social,{17060195},web_13_06
2024-06-17 17:14:00,telegram,bot-send,{17177205},КАРЬЕРНЫЙ
2024-06-17 17:22:00,telegram,social,"{16267739,19910637,22930899}",КАРЬЕРНЫЙ
2024-06-18 11:00:00,telegram,social,{15927495},SPEC-DA-TEST
2024-06-18 11:05:00,telegram,social,"{15539937,16762403}",SPEC-DA-TEST-START
2024-06-18 11:10:00,telegram,social,"{16561769,17099415}",SPEC-DA-TEST-START
2024-06-18 11:58:00,telegram,bot-send,{16005629},SPEC-DA-TEST-START
2024-06-18 11:59:00,telegram,bot-send,{2205259},SPEC-DA-TEST-START
2024-06-18 11:59:00,telegram,bot-send,{17089011},SPEC-DA-TEST-START
2024-06-18 12:00:00,unisender,email,{16770865},SPEC-DA-TEST-START
2024-06-18 12:06:00,unisender,email,{16770865},SPEC-DA-TEST
2024-06-18 12:08:00,telegram,bot-send,{14728903},SPEC-DA-TEST-START
2024-06-18 12:13:00,telegram,bot-send,"{16744437,20683779,21610186}",SPEC-DA-TEST-START
2024-06-18 12:17:00,telegram,bot-send,"{17000877,18084425,20490435,22069703,24667759}",SPEC-DA-TEST
2024-06-18 12:22:00,telegram,bot-send,{2205259},SPEC-DA-TEST
2024-06-18 12:29:00,telegram,bot-send,"{5802551,18648021}",SPEC-DA-TEST-START
2024-06-18 12:32:00,telegram,paid-placement,{15929783},КАРЬЕРНЫЙ
2024-06-18 12:36:00,telegram,bot-send,"{5802551,18648021}",SPEC-DA-TEST
2024-06-18 12:39:00,telegram,bot-send,{15929783},SPEC-DA-TEST-START
2024-06-18 12:50:00,telegram,bot-send,{15929783},SPEC-DA-TEST
2024-06-18 13:01:00,unisender,email,{17060195},SPEC-DA-TEST
2024-06-18 13:03:00,telegram,bot-send,{14728903},SPEC-DA-TEST
2024-06-18 13:05:00,telegram,bot-send,"{16766369,17160145,17556815}",SPEC-DA-TEST-START
2024-06-18 13:06:00,telegram,bot-send,"{16766369,17160145,17556815}",SPEC-DA-TEST-START
2024-06-18 13:09:00,telegram,bot-send,"{16766369,17160145,17556815}",SPEC-DA-TEST
2024-06-18 19:53:00,unisender,email,{17110453},SPEC-DA-TEST
2024-06-19 04:39:00,telegram,social,"{15916041,18583517}",SPEC-DA-TEST
2024-06-19 05:01:00,telegram,paid-placement,{16996099},КАРЬЕРНЫЙ
2024-06-19 05:57:00,unisender,email,"{16084821,20106453}",SPEC-DA-TEST-START
2024-06-19 06:01:00,unisender,email,"{16084821,20106453}",SPEC-DA-TEST
2024-06-19 06:23:00,,,{16669409},DA-TEST-START
2024-06-19 06:37:00,,,{16669409},DA-TEST-START
2024-06-19 08:38:00,telegram,social,{11989079},SPEC-DA-TEST-START
2024-06-19 08:43:00,telegram,social,{11989079},SPEC-DA-TEST
2024-06-19 10:28:00,unisender,email,{17177743},SPEC-DA-TEST-START
2024-06-19 10:47:00,unisender,email,{17177743},SPEC-DA-TEST
2024-06-19 12:19:00,telegram,social,"{16762199,18914983,20980525}",SPEC-DA-TEST-START
2024-06-19 12:54:00,,,{17163457},DA-TEST-START
2024-06-19 14:44:00,unisender,email,"{15889391,16766247,19329846,20771041}",SPEC-DA-TEST-START
2024-06-19 14:50:00,unisender,email,"{15889391,16766247,19329846,20771041}",SPEC-DA-TEST
2024-06-19 16:35:00,telegram,social,"{15999339,16764375}",SPEC-DA-TEST
2024-06-19 18:25:00,telegram,social,{15960225},SPEC-DA-TEST-START
2024-08-21 10:43:00,telegram,bot-send,"{16059185,19052623}",plan-python
2024-08-21 10:43:00,telegram,bot-send,{15954809},plan-python
2024-09-08 13:35:00,telegram,social,{16765561},become-analyst
2024-09-09 06:27:00,telegram,social,"{15895095,16011643,19032967}",КАРЬЕРНЫЙ
2024-09-17 16:19:00,telegram,bot-send,{17060195},become-bi
2024-09-24 19:39:00,telegram,bot-send,{5801595},web-2409
2024-09-24 20:44:00,bot,vebinar-simulative,{12367367},web-2409
2024-09-25 04:39:00,telegram,social,{13166349},web-2409
2024-10-03 11:27:00,unisender,email,{15943559},web-geo-analyt
2024-10-04 08:55:00,telegram,bot-send,"{16281907,16792385}",web-geo-analyt
2024-10-04 10:13:00,unisender,email,{17162981},web-geo-analyt
2024-10-04 10:21:00,unisender,email,{17162981},lottery
2024-10-04 11:00:00,telegram,bot-send,{16122975},web-geo-analyt
2024-10-04 23:55:00,telegram,bot-send,{16541723},web-geo-analyt
2024-10-05 01:14:00,telegram,social,"{16228633,16771429}",web-geo-analyt
2024-10-05 03:46:00,telegram,social,{16996099},web-geo-analyt
2024-10-05 15:28:00,telegram,bot-send,{17177205},web-geo-analyt
2024-10-05 21:34:00,telegram,social,"{15903385,16766413,18515647}",web-geo-analyt
2024-10-07 13:45:00,telegram,paid-placement,"{11787181,12343743,25212617}",web-geo-analyt
2024-10-07 14:00:00,,,{16669409},Python-FREE
2024-10-08 08:19:00,telegram,paid-placement,"{16531399,16771081}",web-geo-analyt
2024-10-08 15:43:00,unisender,email,{15943559},web-geo-analyt
2024-10-10 10:23:00,unisender,email,"{17038527,17683033}",web-power-bi
2024-10-22 08:32:00,unisender,email,{16463705},web-2310
2024-10-23 08:28:00,unisender,email,{5824941},web-2310
2024-10-23 13:36:00,telegram,social,{11789383},web-2310
2024-11-14 00:11:00,unisender,email,{5807709},web-1211
2024-11-14 00:16:00,telegram,social,"{10654999,17558293}",web-1211
2024-11-26 10:57:00,unisender,email,{17060195},web-2611
2024-11-26 11:15:00,unisender,email,{12481235},web-2611
2024-12-25 11:37:00,telegram,bot-send,{8346889},web-2412
2023-12-19 12:50:00,unisender,email,{16521983},Pandas-v1
2023-12-20 12:46:00,bot,testovoe-ozon,{16257235},Pandas-VIP
2024-01-04 17:04:00,bot,events-simulative,"{11470833,16796217,16796225}",Pandas-pre
2024-03-29 17:13:00,unisender,email,"{16056423,16769383}",DA-TEST-START
2024-05-24 06:27:00,telegram,bot-send,"{15903385,16766413,18515647}",20ideas
2024-06-17 11:39:00,unisender,email,{10419305},КАРЬЕРНЫЙ
2024-06-20 08:48:00,unisender,email,"{5814679,20781819}",МК-Python
2024-06-20 08:48:00,telegram,bot-send,{12488361},SPEC-DA-TEST-START
2024-06-20 08:51:00,unisender,email,{16003201},МК-Python
2024-06-20 08:53:00,unisender,email,"{16815989,19322542,20014965}",МК-Python
2024-06-20 08:53:00,telegram,bot-send,{12488361},SPEC-DA-TEST
2024-06-20 08:54:00,unisender,email,{15556555},МК-Python
2024-06-20 08:54:00,unisender,email,"{17000877,18084425,20490435,22069703,24667759}",МК-Python
2024-06-20 09:08:00,unisender,email,"{11454861,21354740}",МК-Python
2024-06-20 09:34:00,telegram,bot-send,"{11929247,16765787,18772107}",МК-Python
2024-06-20 09:35:00,telegram,bot-send,"{16011643,19950481,20319115}",МК-Python
2024-06-20 09:36:00,telegram,bot-send,{17005839},МК-Python
2024-06-20 09:36:00,telegram,bot-send,{16531253},МК-Python
2024-06-20 09:36:00,telegram,bot-send,"{16003159,18616975}",МК-Python
2024-06-20 09:36:00,telegram,bot-send,{16003203},МК-Python
2024-06-20 09:40:00,telegram,bot-send,{11377605},МК-Python
2024-06-20 09:41:00,telegram,bot-send,{15929783},МК-Python
2024-06-20 09:45:00,telegram,bot-send,{16762377},МК-Python
2024-06-20 09:49:00,vkontakte,social,{17060195},Python-FREE
2024-06-20 09:58:00,telegram,bot-send,{16529429},МК-Python
2024-06-20 10:02:00,telegram,paid-placement,"{15621747,16768801}",КАРЬЕРНЫЙ
2024-06-20 10:09:00,unisender,email,{15960225},МК-Python
2024-06-20 10:15:00,telegram,bot-send,{16529237},МК-Python
2024-06-20 10:15:00,unisender,email,"{16281907,16792385}",МК-Python
2024-06-20 10:17:00,telegram,bot-send,"{15916041,18583517}",МК-Python
2024-06-20 10:55:00,telegram,bot-send,{16842355},МК-Python
2024-06-20 11:20:00,telegram,bot-send,"{16531341,16775575}",student-project
2024-06-20 12:18:00,unisender,email,"{17000877,18084425,20490435,22069703,24667759}",МК-Python
2024-06-20 15:35:00,telegram,bot-send,{5799759},МК-Python
2024-06-20 15:44:00,telegram,bot-send,"{17143617,20730839}",МК-Python
2024-06-20 16:17:00,telegram,bot-send,{16957229},student-project
2024-06-20 16:23:00,telegram,bot-send,{16957229},Python-FREE
2024-06-20 17:27:00,telegram,bot-send,"{15921749,16695207,16773339}",МК-Python
2024-06-20 18:03:00,telegram,bot-send,"{16784957,20490049}",МК-Python
2024-06-20 18:03:00,telegram,bot-send,"{16864161,18675121}",МК-Python
2024-06-20 18:22:00,unisender,email,{9832301},МК-Python
2024-08-21 13:49:00,telegram,social,"{5693721,16690195,18716943}",intensive-analyst
2024-08-21 13:55:00,telegram,social,"{5693721,16690195,18716943}",intensive-analyst
2024-08-22 01:30:00,unisender,email,"{9649707,18908843,24129719}",plan-python
2024-08-22 01:43:00,telegram,bot-send,"{9649707,18908843,24129719}",ROADMAP
2024-08-22 04:24:00,telegram,bot-send,"{15921793,15927163,17122529}",plan-python
2024-08-22 09:22:00,telegram,bot-send,{16003203},plan-python
2024-08-22 11:31:00,telegram,bot-send,"{15938237,16761965}",plan-python
2024-08-22 13:15:00,bloger,post,{16764267},web_23_07
2024-08-22 13:38:00,telegram,bot-send,"{15916041,18583517}",plan-python
2024-08-22 13:58:00,telegram,bot-send,"{15916041,18583517}",КАРЬЕРНЫЙ
2024-08-22 21:18:00,telegram,bot-send,{15932451},plan-python
2024-08-23 09:00:00,bloger,post,"{15969863,18953713}",intensive-analyst
2024-09-10 08:15:00,telegram,bot-send,{14712829},become-analyst
2024-09-10 08:16:00,telegram,bot-send,"{15969863,18953713}",web_23_07
2024-09-10 08:24:00,telegram,social,{16370861},become-analyst
2024-09-10 08:31:00,telegram,bot-send,"{16003159,18616975}",plan-python
2024-09-10 08:41:00,unisender,email,"{16287273,16767225}",become-analyst
2024-09-10 08:51:00,Unisender,email,{16370861},become-analyst
2024-09-10 08:53:00,telegram,social,"{17146215,17146219,17177795}",become-analyst
2024-09-10 08:57:00,unisender,email,{17124297},become-analyst
2024-09-10 09:03:00,unisender,email,{17098575},become-analyst
2024-09-10 09:04:00,bloger,post,"{16056423,16769383}",become-analyst
2024-09-10 09:05:00,bloger,post,"{17147329,17580017,21615360}",become-analyst
2024-09-10 09:06:00,bloger,post,"{16003401,16776137,19318216}",become-analyst
2024-09-10 09:08:00,bloger,post,{16743397},become-analyst
2024-09-10 09:16:00,bloger,post,"{15539937,16762403}",become-analyst
2024-09-10 09:18:00,telegram,bot-send,{16051969},become-analyst
2024-09-10 09:28:00,bloger,post,{16104917},become-analyst
2024-09-10 09:28:00,telegram,social,"{5800343,16767323}",become-analyst
2024-09-10 10:39:00,unisender,email,{11264135},become-analyst
2024-09-10 10:41:00,vkontakte,social,{11074775},become-analyst
2024-09-10 11:53:00,bloger,post,{16292997},become-analyst
2024-09-10 13:05:00,telegram,social,{5799759},become-analyst
2024-09-10 13:14:00,bloger,post,{16842355},become-analyst
2024-09-10 13:25:00,telegram,social,"{11787181,12343743,25212617}",Студент
2024-09-10 14:39:00,telegram,paid-placement,"{2200671,5806435,18084533,20586583}",become-analyst
2024-09-10 14:49:00,bloger,post,{17150061},become-analyst
2024-09-10 15:05:00,bloger,post,{17150061},become-analyst
2024-09-10 15:57:00,telegram,bot-send,{16051969},become-analyst
2024-09-10 15:57:00,telegram,bot-send,"{16267739,19910637,22930899}",become-analyst
2024-09-10 15:58:00,bloger,post,{17150061},become-analyst
2024-09-10 16:02:00,Unisender,email,{11989079},become-analyst
2024-09-10 16:02:00,bloger,post,"{15539937,16762403}",become-analyst
2024-09-10 16:02:00,telegram,paid-placement,{15943559},become-analyst
2024-09-10 16:03:00,bloger,post,"{15539937,16762403}",become-analyst
2024-09-10 16:05:00,telegram,social,"{15950709,16529323,16770067}",become-analyst
2024-09-10 16:20:00,telegram,social,{6513319},become-analyst
2024-09-10 16:25:00,telegram,bot-send,"{16638863,21141338,21960773,25014165}",become-analyst
2024-10-08 08:35:00,telegram,bot-send,"{15921793,15927163,17122529}",web-geo-analyt
2024-10-08 09:05:00,telegram,bot-send,"{16638863,21141338,21960773,25014165}",web-geo-analyt
2024-10-08 09:07:00,telegram,social,{17105135},web-geo-analyt
2024-10-08 09:14:00,telegram,social,"{15923171,21320212}",web-geo-analyt
2024-10-08 09:39:00,telegram,social,"{16003565,16764873,17290925,17553527,17829067,19544884,19867361,20886197,24161655,24395845}",web-geo-analyt
2024-10-08 11:02:00,telegram,social,"{16765779,18914999}",web-geo-analyt
2024-10-08 13:13:00,telegram,bot-send,{16003203},web-geo-analyt
2024-10-08 13:13:00,unisender,email,"{5983741,16765093}",web-geo-analyt
2024-10-08 13:15:00,telegram,bot-send,{17034101},web-geo-analyt
2024-10-08 13:39:00,telegram,bot-send,{15564527},web-geo-analyt
2024-10-08 14:04:00,telegram,bot-send,"{16684485,18689443}",web-geo-analyt
2024-10-08 14:59:00,telegram,bot-send,"{10787621,16772781}",web-geo-analyt
2024-10-08 15:02:00,unisender,email,"{16762011,16816349}",web-geo-analyt
2024-10-08 15:03:00,unisender,email,"{16762011,16816349}",web-geo-analyt
2024-10-08 15:35:00,telegram,bot-send,"{16684485,18689443}",web-geo-analyt
2024-10-08 15:37:00,telegram,bot-send,"{16020473,16771993}",web-geo-analyt
2024-10-08 15:54:00,telegram,social,"{5848071,20887407}",web-geo-analyt
2024-10-08 15:54:00,telegram,bot-send,"{15922169,16767575}",web-geo-analyt
2024-10-08 15:55:00,telegram,social,"{17151209,19295911,21692221}",web-geo-analyt
2024-10-08 16:01:00,unisender,email,{11989079},web-geo-analyt
2024-10-08 16:01:00,telegram,social,"{16552793,17148487}",web-geo-analyt
2024-10-08 16:01:00,telegram,social,"{17146035,17191367}",web-geo-analyt
2024-10-08 16:04:00,telegram,social,{16529429},web-geo-analyt
2024-10-08 16:04:00,unisender,email,"{5983741,16765093}",web-geo-analyt
2024-10-08 16:08:00,telegram,social,"{9164281,17166441}",web-geo-analyt
2024-10-08 16:09:00,telegram,social,"{15921589,16766225,18451399}",web-geo-analyt
2024-10-08 16:11:00,telegram,social,"{2200671,5806435,18084533,20586583}",web-geo-analyt
2024-10-23 15:50:00,unisender,email,{16510153},web-2310
2024-10-23 15:55:00,telegram,social,"{17151209,19295911,21692221}",web-2310
2024-10-23 16:02:00,telegram,social,{15538843},web-2310
2024-10-29 16:39:00,telegram,bot-send,{16104917},web-2910
2024-11-14 00:01:00,telegram,bot-send,{16256923},web-1211
2024-11-14 00:37:00,telegram,bot-send,{15536401},web-1211
2024-12-04 08:05:00,unisender,email,"{16864161,18675121}",web-0412
2024-12-04 09:02:00,telegram,bot-send,"{16741423,18595441}",web-0412
2024-12-14 17:02:00,telegram,social,"{16784197,17303493}",web-1712
2024-12-16 07:30:00,telegram,paid-placement,{17070179},web-1712
2024-12-17 15:57:00,telegram,social,"{15943891,16773887}",web-1712
2024-12-24 17:21:00,,,"{15995043,16764165,18222859}",web-2412
2025-01-08 19:50:00,telegram,bot,"{17146579,24244743}",advent
2025-01-14 16:22:00,telegram,bot-send,{16816881},web-1401
2025-01-23 09:21:00,unisender,email,{12262075},portfolio ideas
2023-12-15 11:45:00,telegram,,"{16770865,19301406}",Pandas
2023-12-20 11:11:00,bot,events-simulative,{17005839},Pandas-pre
2023-12-20 14:18:00,bot,events-simulative,{16764267},Pandas-v1
2023-12-22 09:08:00,unisender,email,{16740831},Pandas-v1
2023-12-25 18:33:00,,,"{16163271,16222289}",Оплата
2023-12-30 10:43:00,telegram,bot,"{17146035,17191367}",Экскурсия
2024-03-07 07:54:00,unisender,email,{17130693},LTV-Веб
2024-03-07 09:35:00,telegram,social,"{16003401,16776137,19318216}",ROADMAP
2024-03-08 08:11:00,telegram,bot-send,"{17147329,17580017,21615360}",08.03.2024
2024-06-20 20:53:00,unisender,email,{5807709},МК-Python
2024-06-21 02:53:00,telegram,bot-send,"{16784957,20490049}",МК-Python
2024-06-21 05:53:00,unisender,email,"{16059185,19052623}",МК-Python
2024-06-21 06:27:00,telegram,paid-placement,{16531725},КАРЬЕРНЫЙ
2024-06-21 08:20:00,telegram,bot-send,{14728903},МК-Python
2024-06-21 08:56:00,telegram,bot-send,"{16003335,16767837}",МК-Python
2024-06-21 09:06:00,unisender,email,{5804501},МК-Python
2024-06-21 10:45:00,telegram,bot-send,{12367367},МК-Python
2024-06-21 10:57:00,telegram,bot-send,"{15895095,16011643,19032967}",КАРЬЕРНЫЙ
2024-06-21 12:21:00,telegram,bot-send,"{16001125,16761823}",Студент
2024-06-21 14:33:00,telegram,bot-send,"{16066779,16770183}",МК-Python
2024-06-21 16:20:00,telegram,bot-send,"{16691305,16798093}",МК-Python
2024-06-21 16:56:00,unisender,email,{15930551},SPEC-DA-TEST-START
2024-06-21 17:00:00,unisender,email,"{9649707,18908843,24129719}",МК-Python
2024-06-21 17:02:00,unisender,email,{15930551},SPEC-DA-TEST
2024-06-22 19:42:00,unisender,email,"{16784957,20490049}",SPEC-DA-TEST-START
2024-06-22 19:49:00,unisender,email,"{16784957,20490049}",Python-FREE
2024-06-23 03:28:00,telegram,social,"{16084991,16977925,18659265}",SPEC-DA-TEST-START
2024-06-23 03:48:00,telegram,social,"{16084991,16977925,18659265}",SPEC-DA-TEST
2024-06-23 08:20:00,unisender,email,"{16003335,16767837}",Ozon-25-06
2024-06-23 08:31:00,unisender,email,{15960225},Ozon-25-06
2024-06-23 08:41:00,telegram,bot-send,"{15549257,17146927,18114357}",Ozon-25-06
2024-06-23 08:42:00,telegram,bot-send,{16489279},Ozon-25-06
2024-06-23 08:43:00,telegram,bot-send,{11807293},МК-Python
2024-07-04 09:25:00,,,"{17163457,18257003,22568895}",autoweb-PM
2024-08-19 08:12:00,telegram,paid-placement,"{11787181,12343743,25212617}",intensive-analyst
2024-08-30 15:28:00,partner,itresume,"{15924193,17562089}",6 каверз
2024-09-10 16:49:00,telegram,social,{16287433},become-analyst
2024-09-10 16:55:00,telegram,social,{15569323},become-analyst
2024-09-10 17:56:00,telegram,bot-send,{16442961},become-analyst
2024-09-10 18:44:00,unisender,email,"{16524625,19066647,20106413}",become-analyst
2024-09-10 19:11:00,telegram,social,{5825207},become-analyst
2024-09-10 19:12:00,telegram,social,{5825207},become-analyst
2024-09-10 19:14:00,telegram,social,{5825207},become-analyst
2024-09-11 04:28:00,vkontakte,social,"{15943891,16773887}",Студент
2024-09-12 12:01:00,telegram,social,{5844181},DA-TEST-START
2024-09-13 07:12:00,telegram,paid-placement,{16669409},plan-python
2024-09-13 08:39:00,telegram,bot-send,{14728903},become-bi
2024-09-13 08:40:00,telegram,bot-send,{5801595},become-bi
2024-09-13 08:41:00,telegram,bot-send,"{9164281,17166441}",become-bi
2024-09-13 08:41:00,telegram,bot-send,{15538843},become-bi
2024-09-13 08:57:00,telegram,bot-send,{16238231},become-bi
2024-09-13 09:02:00,telegram,paid-placement,"{5983741,16765093}",become-bi
2024-09-13 09:07:00,telegram,social,{15960225},become-bi
2024-09-14 06:08:00,unisender,email,{5824941},become-bi
2024-09-14 09:29:00,telegram,paid-placement,"{17163457,18257003,22568895}",plan-python
2024-09-16 09:25:00,bloger,post,"{16013171,16762871}",become-bi
2024-09-17 17:15:00,unisender,email,"{16259985,16762065,19576502,24830799}",become-bi
2024-09-20 12:51:00,unisender,email,"{11418857,20595651}",web-2409
2024-09-20 12:53:00,unisender,email,"{15921749,16695207,16773339}",web-2409
2024-09-20 13:07:00,unisender,email,{5820699},web-2409
2024-09-20 13:11:00,telegram,social,"{17151787,17558471,21456436,21502670,21566010}",web-2409
2024-09-20 13:15:00,telegram,social,{16741325},web-2409
2024-09-22 20:25:00,telegram,bot-send,"{16003565,17553527,17829067,20886197,22364977,23647487,24161655}",web-2409
2024-09-25 08:57:00,telegram,bot-send,{17034101},web-2409
2024-10-03 06:38:00,unisender,email,{15929467},lottery
2024-10-24 17:33:00,telegram,social,{6953413},Студент
2024-11-02 09:14:00,telegram,bot-send,"{15922169,16767575}",web-0611
2024-11-02 09:14:00,telegram,bot-send,"{17147699,17428973,17428975,18451713}",web-0611
2024-11-02 09:14:00,telegram,bot-send,{11766391},web-0611
2024-11-02 09:14:00,telegram,bot-send,"{17064189,21629325}",web-0611
2024-11-02 09:16:00,telegram,bot-send,"{16775127,16980287}",web-0611
2024-11-06 09:08:00,telegram,bot-send,{16489279},web-0611
2024-11-06 17:07:00,webinar,livedigital,{17089011},DA-TEST-START
2024-11-13 23:33:00,unisender,email,{17212651},web-1211
2024-11-20 13:01:00,telegram,bot-send,"{17064189,21629325}",Кейс-АЦ
2024-11-20 13:02:00,telegram,bot-send,"{17146943,18333051,18385799,18908377}",Кейс-АЦ
2024-11-20 13:03:00,telegram,bot-send,"{5800233,16764845}",Кейс-АЦ
2024-12-04 16:01:00,telegram,paid-placement,"{11787181,12343743,25212617}",web-0412
2024-12-04 16:02:00,telegram,bot-send,"{16081745,16601531,17159091,18908721}",web-0412
2025-01-14 10:54:00,itresume,block,{16841379},Python-FREE
2025-01-23 09:30:00,telegram,bot-send,"{16864161,18675121}",portfolio ideas
2025-01-23 10:22:00,unisender,email,"{16669409,24574945}",portfolio ideas
2025-01-23 10:40:00,telegram,bot-send,"{16669409,24574945}",portfolio ideas
2025-01-28 16:15:00,telegram,social,"{5840561,16823375,17195057}",web-2801
2025-01-31 12:44:00,unisender,email,{17175813},web-0502
2024-01-04 11:21:00,Unisender,email,{17198039},Pandas-v2
2024-02-07 13:33:00,instagram,cpa,"{11470833,16796217,16796225}",Workshop-RFM
2024-02-07 13:52:00,unisender,email,{11264135},6 каверз
2024-03-08 08:29:00,telegram,bot-send,"{16003335,16767837}",08.03.2024
2024-06-21 07:38:00,bot,testovoe-ozon,"{16978917,16978919}",МК-Python
2024-06-23 08:44:00,unisender,email,{17177743},Ozon-25-06
2024-06-23 08:47:00,telegram,social,{11789383},SPEC-DA-TEST-START
2024-06-23 08:47:00,unisender,email,{11989079},Ozon-25-06
2024-06-23 08:54:00,telegram,bot-send,"{16784957,20490049}",Ozon-25-06
2024-06-23 08:55:00,telegram,social,{11789383},SPEC-DA-TEST
2024-06-23 09:01:00,telegram,bot-send,{15929783},Ozon-25-06
2024-06-23 09:03:00,unisender,email,{16788821},Ozon-25-06
2024-06-23 09:13:00,telegram,bot-send,{17060195},Ozon-25-06
2024-06-23 09:21:00,telegram,bot-send,"{15708039,16764909,23523293}",Ozon-25-06
2024-06-23 09:40:00,telegram,bot-send,"{16013985,17154261,19412264,20682793}",Ozon-25-06
2024-06-23 10:14:00,telegram,bot-send,{16191753},Ozon-25-06
2024-09-21 16:42:00,unisender,email,{16003203},web-2409
2024-09-23 15:07:00,telegram,social,{16529035},web-2409
2024-09-23 16:01:00,telegram,paid-placement,"{17146067,20598005}",web-2409
2024-09-24 16:14:00,telegram,bot-send,"{17039433,17039435}",web-2409
2024-09-24 16:33:00,telegram,bot-send,"{17039433,17039435}",web-2409
2024-09-24 16:33:00,telegram,paid-placement,"{11787181,12343743,25212617}",web-2409
2024-09-24 17:19:00,telegram,bot-send,"{15895095,21196294,21339476}",web-2409
2024-09-24 17:49:00,vk_ads,cpm,{11789383},intensive-analyst
2024-09-25 08:58:00,telegram,bot-send,{2494413},web-2409
2024-09-27 15:11:00,vk,cpc,"{17163457,18257003,22568895}",Консультация
2024-09-27 18:08:00,telegram,bot-send,"{9164281,17166441}",Студент
2024-09-27 19:29:00,vk_ads,cpm,{11789383},20ideas
2024-09-27 19:31:00,,,{11789383},plan-python
2024-09-27 19:33:00,,,{11789383},abc-portfolio
2024-10-01 02:08:00,unisender,email,"{9649707,18908843,24129719}",Экскурсия
2024-10-02 16:15:00,telegram,social,"{2200671,5806435,18084533,20586583}",lottery
2024-10-02 16:33:00,telegram,bot-send,"{16684485,18689443}",lottery
2024-10-02 17:02:00,telegram,social,"{15999793,17100049,18568773}",student-project
2024-10-02 18:51:00,unisender,email,"{16013171,16762871}",lottery
2024-10-03 05:58:00,unisender,email,{12022681},lottery
2024-10-03 06:36:00,unisender,email,"{12578989,18222813}",lottery
2024-10-03 06:50:00,telegram,bot-send,"{17262125,17262127}",lottery
2024-10-03 11:49:00,unisender,email,"{15924235,17743009}",web-geo-analyt
2024-10-03 11:57:00,unisender,email,"{15950709,16529323,16770067}",web-geo-analyt
2024-10-03 12:03:00,unisender,email,"{9347081,17154923}",web-geo-analyt
2024-10-03 12:04:00,unisender,email,"{9347081,17154923}",web-geo-analyt
2024-10-03 12:21:00,unisender,email,"{16775127,16980287}",web-geo-analyt
2024-10-03 12:35:00,telegram,social,{15930477},web-geo-analyt
2024-10-03 12:45:00,telegram,social,"{15969863,18953713}",web-geo-analyt
2024-10-03 12:46:00,telegram,social,"{17151209,19295911,21692221}",web-geo-analyt
2024-10-03 12:50:00,telegram,social,"{16267739,19910637,22930899}",web-geo-analyt
2024-10-03 13:15:00,telegram,social,"{16017013,16532045,18912267}",web-geo-analyt
2024-10-03 14:10:00,telegram,social,"{15921589,16766225,18451399}",web-geo-analyt
2024-10-03 15:04:00,telegram,social,"{17146035,17191367}",web-geo-analyt
2024-10-03 15:50:00,telegram,bot-send,"{16773339,17163457,18418999}",lottery
2024-10-03 15:59:00,telegram,social,{16741325},web-geo-analyt
2024-10-03 16:25:00,unisender,email,"{15889391,16766247,19329846,20771041}",web-geo-analyt
2024-10-03 16:36:00,unisender,email,"{16762011,16816349}",web-geo-analyt
2024-10-03 16:47:00,unisender,email,{15536401},lottery
2024-10-03 16:55:00,telegram,social,{15924195},web-geo-analyt
2024-10-03 20:05:00,telegram,social,{2494413},web-geo-analyt
2024-10-04 04:05:00,unisender,email,"{16287273,16767225}",web-geo-analyt
2024-10-04 05:43:00,telegram,social,"{16084821,20106453}",web-geo-analyt
2024-10-04 07:17:00,telegram,bot-send,"{9343497,22856197,25323757}",web-geo-analyt
2024-10-04 07:17:00,telegram,bot-send,"{15581307,18895045,25753591}",web-geo-analyt
2024-10-04 07:18:00,telegram,bot-send,{15923167},web-geo-analyt
2024-10-04 07:29:00,telegram,bot-send,{15922359},web-geo-analyt
2024-10-04 07:33:00,telegram,bot-send,{15954809},web-geo-analyt
2024-10-04 08:02:00,telegram,bot-send,{5807709},web-geo-analyt
2024-10-04 08:29:00,telegram,social,{13166349},web-geo-analyt
2024-10-18 09:29:00,telegram,bot-send,"{11787181,12343743,25212617}",web-2310
2024-10-18 09:33:00,telegram,bot-send,"{16570977,18237375}",web-2310
2024-10-23 15:54:00,telegram,social,{15538843},web-2310
2024-10-24 22:42:00,unisender,email,{11989079},20ideas
2024-10-28 18:39:00,telegram,social,"{8853445,19554774}",web-2910
2024-10-29 11:33:00,unisender,email,{12022681},web-2910
2024-10-29 15:34:00,telegram,bot-send,"{10787621,16772781}",web-2910
2024-10-29 16:05:00,telegram,bot-send,"{16763135,17560101}",web-2910
2024-10-29 16:06:00,telegram,bot-send,{16842355},web-2910
2024-11-02 09:03:00,telegram,social,{15930477},web-0611
2024-11-02 09:22:00,telegram,bot-send,{16003201},web-power-bi
2024-11-02 09:23:00,telegram,bot-send,"{16011643,16871171,19092417}",web-0611
2024-11-02 09:42:00,vlontakte,social,"{16003565,16764873,17290925,17553527,17829067,19544884,19867361,20886197,24161655,24395845}",web-0611
2024-11-02 17:28:00,telegram,bot-send,"{16531399,16771081}",web-0611
2024-11-04 08:15:00,telegram,bot-send,"{16772541,20843231}",web-0611
2024-11-05 13:17:00,telegram,social,{16104917},web-0611
2024-11-05 20:19:00,telegram,bot-send,"{16259985,16762065,19576502,24830799}",web-0611
2024-11-06 08:45:00,telegram,social,{16769049},web-0611
2024-11-06 09:03:00,telegram,social,"{15969863,18953713}",web-0611
2024-11-06 16:13:00,telegram,bot-send,{5804161},web-0611
2024-11-06 17:07:00,telegram,social,{11989079},web-0611
2024-11-20 13:03:00,telegram,bot-send,"{5800233,16764845}",Кейс-АЦ
2025-01-04 11:21:00,telegram,social,"{899109,18648001}",advent
2025-01-10 10:58:00,telegram,social,{16788821},web-1401
2024-03-08 12:25:00,telegram,bot-send,"{17123865,17560467,18878981}",08.03.2024
2024-03-09 05:54:00,vkontakte,social,"{16699695,19653806}",ROADMAP
2024-03-09 05:54:00,vkontakte,social,"{16699695,19653806}",ROADMAP
2024-03-09 07:45:00,telegram,social,"{899109,18648001}",08.03.2024
2024-03-20 10:03:00,telegram,bot-send,"{15548959,16763825,18256737,19434630}",Ads-metrics
2024-05-10 06:45:00,unisender,email,{17212651},Студент
2024-05-11 20:21:00,telegram,bot-send,{17178355},Студент
2024-05-13 11:24:00,telegram,social,{13336155},plan-python
2024-05-13 14:08:00,unisender,email,"{9649707,18908843,24129719}",plan-python
2024-06-06 09:17:00,unisender,email,{8346889},ROADMAP
2024-06-13 07:34:00,unisender,email,"{17000877,18084425,20490435,22069703,24667759}",web_13_06
2024-06-13 16:03:00,telegram,social,{16104917},web_13_06
2024-06-13 16:34:00,telegram,social,"{16765779,18914999}",web_13_06
2024-06-17 08:50:00,telegram,bot-send,{16764267},КАРЬЕРНЫЙ
2024-06-17 12:16:00,telegram,bot-send,{5804161},КАРЬЕРНЫЙ
2024-09-05 10:27:00,yandex,cpc,"{16699695,19653806}",plan-python
2024-09-05 17:07:00,unisender,email,"{11454861,21354740}",become-analyst
2024-09-22 10:10:00,unisender,email,{15378039},web-2409
2024-09-24 15:32:00,Unisender,email,{5804161},web-2409
2024-09-24 16:04:00,telegram,bot-send,"{16638863,21141338,21960773,25014165}",web-2409
2024-10-22 14:12:00,telegram,paid-placement,"{17104677,17569777}",web-2310
2024-11-02 10:24:00,telegram,bot-send,"{16002555,16784777}",web-0611
2024-11-02 10:24:00,telegram,bot-send,{13166349},web-0611
2024-11-02 10:33:00,telegram,bot-send,{15924195},web-0611
2024-11-02 10:52:00,unisender,email,"{15921589,16766225,18451399}",web-0611
2024-11-02 10:57:00,unisender,email,{11980183},web-0611
2024-11-06 09:11:00,telegram,bot-send,"{16773339,17163457,18418999}",web-0611
2024-11-06 15:28:00,telegram,bot-send,{7366116},web-0611
2024-11-06 16:02:00,telegram,bot-send,{9327543},web-0611
2024-11-06 16:20:00,telegram,social,{13904427},web-0611
2024-11-06 17:12:00,unisender,email,"{15928337,19015561,19024235}",web-0611
2024-11-06 17:15:00,telegram,social,{11989079},web-0611
2024-11-06 19:38:00,telegram,bot-send,{17177205},web-0611
2024-11-08 08:34:00,telegram,bot-send,{15922359},web-1211
2024-11-08 12:13:00,telegram,bot-send,"{15999363,16775393}",web-1211
2024-11-09 03:16:00,telegram,social,"{7710743,14717267}",web-1211
2024-11-09 10:10:00,unisender,email,{11264135},web-1211
2024-11-11 17:15:00,telegram,social,"{11787181,12343743,25212617}",SPEC-DA-TEST-START
2024-11-11 17:26:00,telegram,social,{16397299},SPEC-DA-TEST-START
2024-11-11 17:31:00,telegram,social,{16397299},SPEC-DA-TEST
2024-11-11 17:44:00,telegram,social,"{8358657,16574417}",SPEC-DA-TEST-START
2024-11-11 17:51:00,telegram,social,"{8358657,16574417}",SPEC-DA-TEST
2024-11-11 17:54:00,telegram,bot-send,{15538843},web-1211
2024-11-11 18:05:00,telegram,social,"{16743379,19453462,21000955}",web-0611
2024-11-12 07:45:00,bloger,post,{15922633},web-1211
2024-11-12 15:44:00,telegram,bot-send,{16292997},web-1211
2024-11-12 16:10:00,telegram,bot-send,{15569467},web-1211
2024-11-13 13:48:00,unisender,email,"{16815989,19322542,20014965}",web-1211
2024-11-13 14:23:00,telegram,bot-send,"{17146035,17191367}",web-1211
2024-11-13 23:20:00,telegram,paid-placement,{15922897},web-1211
2024-11-13 23:21:00,telegram,social,"{7710743,14717267}",web-1211
2024-11-26 17:04:00,unisender,email,"{15927075,16695207,16773339,17310203,17631349,18418999,23553585}",web-2611
2024-11-26 17:34:00,telegram,bot-send,{17177205},web-2611
2024-11-27 12:23:00,telegram,paid-placement,"{15895095,16011643,19032967}",Кейс-АЦ
2024-11-29 08:52:00,unisender,email,{5825307},web-0412
2024-11-29 09:15:00,telegram,bot-send,{15536401},web-0412
2024-11-29 10:39:00,unisender,email,{13904427},web-0412
2024-12-02 09:51:00,unisender,email,"{16833811,16833813}",6 каверз
2024-12-02 10:15:00,unisender,email,"{17038527,17683033}",6 каверз
2024-12-02 10:43:00,telegram,bot-send,"{17104677,17569777}",6 каверз
2024-12-02 14:15:00,telegram,bot-send,{16531253},6 каверз
2024-12-03 05:30:00,telegram,social,{16743397},6 каверз
2024-12-04 15:03:00,telegram,social,"{16552793,17148487}",web-0412
2024-12-04 15:47:00,unisender,email,"{17146799,17328989}",6 каверз
2024-12-04 16:11:00,telegram,bot-send,"{15621747,16768801}",web-0412
2025-01-10 19:25:00,unisender,email,"{16002965,18672699}",web-1401
2025-01-23 11:15:00,telegram,bot-send,"{16170213,16978525}",portfolio ideas
2025-01-23 11:16:00,telegram,bot-send,{832697},portfolio ideas
2025-01-23 11:32:00,telegram,bot-send,"{17039433,17039435}",portfolio ideas
2025-01-23 13:10:00,telegram,bot-send,{16529035},portfolio ideas
2025-01-23 13:21:00,vkontakte,social,"{5809673,6441653,19725721,24714571}",web-2101
2023-12-19 11:44:00,telegram,,"{15916041,18583517}",Pandas-v1
2023-12-20 05:45:00,unisender,email,{16582491},Pandas-v1
2023-12-20 05:45:00,unisender,email,{16582491},Pandas-v1
2024-02-07 13:54:00,unisender,email,{15569323},6 каверз
2024-02-07 14:04:00,unisender,email,{5825207},6 каверз
2024-02-07 14:05:00,unisender,email,{5825207},6 каверз
2024-02-08 20:31:00,livedigital,video,"{15943891,16773887}",Студент
2024-03-16 18:53:00,telegram,bot-send,"{3817811,12210285,18900811,19630602}",08.03.2024
2024-03-23 14:52:00,instagram,cpa,{11537905},Workshop-RFM
2024-03-29 16:23:00,telegram,social,{15959625},DA-TEST
2024-09-14 09:57:00,unisender,email,{7366116},become-bi
2024-10-10 10:46:00,unisender,email,"{16275885,17101289}",web-power-bi
2024-10-26 07:33:00,unisender,email,"{16287273,16767225}",web-2910
2024-11-02 11:07:00,unisender,email,"{15950709,16529323,16770067}",web-0611
2024-11-02 11:09:00,telegram,social,{15935273},web-0611
2024-11-02 11:10:00,telegram,bot-send,"{15995043,16764165,18222859}",web-0611
2024-11-02 11:17:00,unisender,email,{16582491},web-0611
2024-11-02 11:41:00,unisender,email,"{15999339,16764375}",web-0611
2024-11-02 11:42:00,unisender,email,{17089011},web-0611
2024-11-02 12:00:00,telegram,social,"{5693721,16690195,18716943}",web-0611
2024-11-02 12:01:00,unisender,email,{16788821},web-0611
2024-11-02 12:10:00,telegram,bot-send,{7366116},web-0611
2024-11-02 13:02:00,telegram,bot-send,"{16531399,16771081}",web-0611
2024-11-02 13:07:00,telegram,social,{12481235},web-0611
2024-11-02 13:12:00,manager,,{15996447},web-0611
2024-11-02 13:40:00,unisender,email,"{15922681,16560611}",web-0611
2024-11-02 15:02:00,unisender,email,"{16531341,16775575}",web-0611
2024-11-02 15:02:00,unisender,email,"{16833811,16833813}",web-0611
2024-11-02 16:44:00,telegram,bot-send,{15922359},web-0611
2024-11-02 19:05:00,unisender,email,{15932451},web-0611
2024-11-02 19:57:00,telegram,bot-send,"{15549745,16778589}",web-0611
2024-11-02 22:02:00,telegram,bot-send,{5803341},web-0611
2024-11-02 22:03:00,telegram,bot-send,{5803341},web-power-bi
2024-11-02 22:06:00,telegram,bot-send,{5803341},web-2409
2024-11-02 22:47:00,unisender,email,{16078217},web-0611
2024-11-03 01:26:00,unisender,email,{16924767},web-0611
2024-11-03 01:53:00,unisender,email,{16547969},web-0611
2024-11-03 05:02:00,telegram,social,{16572265},web-0611
2024-11-03 07:52:00,unisender,email,"{5814679,20781819}",web-0611
2024-11-03 08:39:00,unisender,email,"{16784957,20490049}",web-0611
2024-11-03 09:08:00,unisender,email,{16743397},web-0611
2024-11-03 11:40:00,telegram,bot-send,{16542771},web-0611
2024-11-03 12:09:00,telegram,bot-send,"{15970405,16774017}",web-0611
2024-11-03 12:54:00,telegram,bot-send,{5801075},web-0611
2024-11-03 14:14:00,unisender,email,{2494413},web-0611
2024-11-03 21:40:00,telegram,bot-send,{16238231},web-0611
2024-11-04 04:19:00,telegram,bot-send,{14728903},web-0611
2024-11-04 08:54:00,telegram,bot-send,"{17064877,17101475}",web-0611
2024-11-04 09:41:00,telegram,social,{12367367},web-0611
2024-11-04 21:48:00,unisender,email,{9832301},web-0611
2024-11-05 11:09:00,telegram,bot-send,"{15208695,17145269,21719045}",web-0611
2024-11-05 13:21:00,unisender,email,"{15895095,16011643,19032967}",web-0611
2024-11-05 13:53:00,telegram,bot-send,{15538843},web-0611
2024-11-06 16:47:00,telegram,social,{16078217},web-0611
2024-11-06 17:22:00,telegram,social,"{17151787,17558471,21456436,21502670,21566010}",web-0611
2024-11-06 17:23:00,telegram,social,{11989079},web-0611
2024-11-06 17:33:00,telegram,bot-send,{17034101},web-0611
2024-11-08 08:21:00,telegram,bot-send,"{15943891,16773887}",web-1211
2024-11-12 16:00:00,telegram,social,{17118163},web-1211
2024-12-06 12:41:00,unisender,email,"{15208695,17145269,21719045}",web-1112
2024-12-11 08:08:00,telegram,bot-send,{16077105},web-1112
2024-12-11 16:01:00,telegram,paid-placement,{5804161},web-1112
2024-12-11 16:02:00,telegram,bot-send,{16016135},web-1112
2024-12-11 16:09:00,telegram,bot-send,"{9825095,23710543}",web-1112
2024-12-11 16:12:00,telegram,social,{17162981},web-1112
2024-12-11 16:13:00,telegram,social,{17162981},web-1112
2024-12-11 16:28:00,telegram,bot-send,"{5840561,16823375,17195057}",web-1112
2024-12-11 16:28:00,telegram,social,{11989079},web-1112
2024-12-11 16:28:00,unisender,email,{15744043},web-1112
2024-12-11 16:29:00,unisender,email,{15744043},web-1112
2024-12-11 16:29:00,unisender,email,"{15889391,16766247,19329846,20771041}",web-1112
2024-12-11 16:29:00,unisender,email,"{15889391,16766247,19329846,20771041}",web-1112
2024-12-11 16:32:00,telegram,social,{16765561},web-1112
2024-12-11 16:41:00,telegram,paid-placement,{16669409},web-1112
2024-12-11 16:45:00,unisender,email,{5807709},web-1112
2024-12-11 16:56:00,unisender,email,{15569323},web-1112
2024-12-11 16:56:00,unisender,email,{15569323},web-1112
2024-12-11 16:59:00,telegram,bot-send,"{17262125,17262127}",web-1112
2024-12-11 17:05:00,telegram,social,{11989079},web-1112
2024-12-11 17:35:00,telegram,social,"{7710743,14717267}",web-1112
2024-12-11 17:41:00,telegram,bot-send,"{15921749,16695207,16773339}",web-1112
2024-12-11 17:42:00,telegram,bot-send,{5799759},web-0412
2024-12-11 17:48:00,telegram,social,{11980183},abc-portfolio
2024-12-11 17:59:00,telegram,bot-send,{15538843},web-1112
2024-12-11 18:00:00,telegram,social,{15538843},web-1112
2024-12-11 18:00:00,telegram,social,{15538843},web-1112
2024-07-09 16:03:00,telegram,social,{15378039},web_09_07
2024-12-11 18:25:00,telegram,social,{17177205},abc-portfolio
2024-12-11 18:49:00,telegram,social,"{2200671,5806435,18084533,20586583}",abc-portfolio
2024-12-11 19:00:00,telegram,social,{16057487},abc-portfolio
2024-12-11 20:46:00,telegram,social,"{17156637,20605369,20764479}",web-1112
2024-12-11 22:29:00,telegram,bot-send,"{15927075,16695207,17631349,19006309}",web-1112
2024-12-11 23:14:00,telegram,social,"{16773339,17631349,18418999,23464085}",ROADMAP
2024-07-10 16:57:00,telegram,social,"{9164281,17166441}",Python-FREE
2024-12-12 07:27:00,telegram,social,{15569323},abc-portfolio
2024-12-12 08:07:00,telegram,bot-send,"{16561367,16766579,16864685,19270727}",web-1112
2024-12-12 08:10:00,unisender,email,"{12385357,24083235}",6 каверз
2024-08-18 09:05:00,unisender,email,"{16084991,16977925,18659265}",intensive-analyst
2024-12-12 12:23:00,telegram,social,"{16017013,16532045,18912267}",abc-portfolio
2024-12-13 18:58:00,telegram,bot-send,{16002315},web-1712
2024-08-18 09:06:00,unisender,email,"{16084991,16977925,18659265}",intensive-analyst
2024-12-17 16:11:00,,,"{17146903,20603317}",web-1712
2025-01-14 16:03:00,unisender,email,"{17146579,24244743}",web-1401
2025-01-14 18:57:00,telegram,bot-send,{15538843},web-1401
2025-01-14 18:57:00,telegram,bot-send,{15538843},web-1401
2025-01-14 19:10:00,telegram,bot-send,{16078217},DA-TEST-START
2025-01-14 19:17:00,telegram,bot-send,"{16312435,19011609}",web-1401
2024-09-17 16:17:00,telegram,bot-send,{15569467},become-bi
2024-09-20 11:32:00,telegram,bot-send,{15924401},web-2409
2025-01-23 15:42:00,telegram,paid-placement,"{11787181,12343743,25212617}",autoweb-yandex
2025-01-23 16:03:00,telegram,paid-placement,{15922897},autoweb-yandex
2024-02-07 14:07:00,unisender,email,"{15889391,16766247,19329846,20771041}",6 каверз
2024-02-07 14:48:00,unisender,email,"{17000877,18084425,20490435,22069703,24667759}",6 каверз
2024-05-06 20:56:00,telegram,bot,{15378039},Экскурсия
2024-05-06 20:58:00,telegram,bot,{15378039},Оплата
2024-05-06 22:16:00,unisender,email,{16765561},Python-FREE
2024-05-06 22:30:00,telegram,bot-send,"{17123447,19839367}",DA-TEST-START
2024-07-05 08:15:00,unisender,email,{11989079},web_09_07
2024-07-05 08:16:00,unisender,email,"{16572479,17133213}",web_09_07
2024-07-05 08:17:00,unisender,email,"{16815989,19322542,20014965}",web_09_07
2024-07-05 08:17:00,unisender,email,"{5983741,16765093}",web_09_07
2024-07-05 08:17:00,unisender,email,"{16815989,19322542,20014965}",web_09_07
2024-07-05 08:19:00,unisender,email,"{15950709,16529323,16770067}",web_09_07
2024-07-05 08:29:00,unisender,email,"{16013985,17154261,19412264,20682793}",web_09_07
2024-10-14 12:07:00,telegram,bot-send,"{16011643,16871171,19092417}",Консультация
2024-07-05 08:41:00,telegram,bot-send,{16542771},web_09_07
2024-07-05 08:43:00,telegram,social,"{11787181,12343743,25212617}",web_09_07
2024-07-05 08:44:00,telegram,social,"{16275885,17101289}",web_09_07
2024-07-05 08:44:00,telegram,bot-send,{15922359},web_09_07
2024-07-05 08:47:00,unisender,email,"{17156637,20605369,20764479}",web_09_07
2024-07-05 08:48:00,telegram,bot-send,"{16784957,20490049}",web_09_07
2024-07-05 08:52:00,unisender,email,"{15928337,19015561,19024235}",web_09_07
2024-07-05 08:54:00,telegram,bot-send,{16191753},web_09_07
2024-07-05 09:07:00,telegram,bot-send,"{15621747,16768801}",web_09_07
2024-07-05 09:10:00,telegram,bot-send,{15960225},web_09_07
2024-07-05 09:11:00,telegram,bot-send,{15588591},web_09_07
2024-07-05 09:19:00,telegram,bot-send,"{15946775,16785195,17577077}",web_09_07
2024-07-05 09:58:00,unisender,email,"{16003565,16764873,17290925,17553527,17829067,19544884,19867361,20886197,24161655,24395845}",web_09_07
2024-07-05 10:13:00,unisender,email,"{15895095,16011643,19032967}",web_09_07
2024-07-05 10:31:00,unisender,email,{16816361},web_09_07
2024-07-05 11:44:00,telegram,bot-send,"{16531399,16771081}",МК-Python
2024-07-05 11:53:00,telegram,social,{16463705},PRODUCT-TEST-START
2024-07-05 12:07:00,telegram,social,{16762377},web_09_07
2024-07-05 12:49:00,telegram,bot-send,"{16762199,18914983,20980525}",web_09_07
2024-08-20 16:03:00,telegram,social,"{17123457,17541177,18678281,21487554}",intensive-analyst
2024-11-06 09:59:00,telegram,bot-send,"{15922439,19436980,20455897}",web-0611
2024-11-06 10:28:00,telegram,bot-send,{16528793},web-0611
2024-11-06 14:31:00,telegram,social,"{17143617,20730839}",web-0611
2024-11-06 14:31:00,telegram,social,"{5848071,20887407}",web-0611
2024-11-06 14:58:00,telegram,social,"{16743379,19453462,21000955}",web-0611
2024-10-15 15:57:00,telegram,bot-send,{16051969},web-power-bi
2024-11-06 15:10:00,telegram,social,"{17143617,20730839}",web-0611
2024-11-06 15:11:00,unisender,email,{16003203},web-0611
2024-11-06 15:18:00,telegram,bot-send,{16238231},web-0611
2024-11-06 15:50:00,vkontakte,social,"{15539937,16762403}",web-0611
2024-11-06 15:52:00,unisender,email,"{16815989,19322542,20014965}",web-0611
2024-11-06 15:54:00,telegram,social,{16529429},web-0611
2024-11-06 15:56:00,telegram,bot-send,{16003201},web-power-bi
2024-11-06 15:56:00,telegram,social,{11789383},web-0611
2024-11-06 15:57:00,telegram,bot-send,{16528793},web-0611
2024-11-06 15:58:00,unisender,email,"{15928337,19015561,19024235}",web-0611
2024-11-06 15:58:00,telegram,social,{5801595},web-0611
2024-11-06 15:59:00,unisender,email,"{15928337,19015561,19024235}",web-0611
2024-11-06 15:59:00,telegram,bot-send,{16764879},web-0611
2024-11-06 16:01:00,telegram,bot-send,"{16763135,17560101}",web-0611
2024-11-06 16:01:00,telegram,social,"{17151209,19295911,21692221}",web-0611
2024-11-06 16:01:00,unisender,email,"{15921749,16695207,16773339}",web-0611
2024-11-06 16:02:00,unisender,email,{15556555},web-0611
2024-11-06 16:02:00,unisender,email,{16924767},web-0611
2024-11-06 16:03:00,telegram,bot-send,{9327543},web-0611
2024-11-06 16:03:00,telegram,bot-send,{17034101},web-0611
2024-11-06 16:04:00,telegram,bot-send,{17034101},web-0611
2024-11-06 16:04:00,telegram,social,{11789383},web-0611
2024-11-06 16:04:00,unisender,email,"{15921589,16766225,18451399}",web-0611
2024-11-06 16:05:00,telegram,bot-send,{16299591},web-0611
2024-11-06 16:05:00,unisender,email,"{9343497,22856197,25323757}",web-0611
2024-11-06 16:06:00,telegram,bot-send,{16299591},web-0611
2024-11-06 16:07:00,unisender,email,"{15928337,19015561,19024235}",web-0611
2024-11-06 16:09:00,telegram,bot-send,"{11787181,12343743,25212617}",web-0611
2024-11-06 16:10:00,telegram,social,"{17143617,20730839}",web-0611
2024-11-06 16:13:00,telegram,social,{13904427},web-0611
2024-11-06 16:13:00,unisender,email,"{15895095,16011643,19032967}",web-0611
2024-11-06 16:15:00,unisender,email,"{9343497,22856197,25323757}",web-0611
2024-11-06 16:16:00,telegram,bot-send,{9327543},web-0611
2024-11-06 17:42:00,telegram,bot-send,{15538843},web-0611
2024-11-08 09:45:00,unisender,email,"{16669409,24574945}",web-1211
2024-11-08 16:28:00,telegram,social,"{15933065,16754539}",web-1211
2024-11-08 19:41:00,unisender,email,"{8853445,19554774}",web-1211
2024-11-11 10:04:00,,,"{15708039,16764909,23523293}",Студент
2024-11-12 09:21:00,unisender,email,{13904427},web-1211
2024-11-12 09:22:00,telegram,social,{17118163},web-1211
2024-11-12 09:46:00,unisender,email,"{16529705,17157253}",web-1211
2024-11-12 15:57:00,unisender,email,{17212651},web-1211
2024-12-11 16:28:00,telegram,social,{11377605},web-1112
2024-12-11 16:28:00,telegram,social,{11377605},web-1112
2024-12-12 13:35:00,telegram,social,{15922633},web-1112
2024-12-12 17:35:00,telegram,paid-placement,{16077105},web-1112
2024-12-12 18:59:00,telegram,bot-send,{5825307},web-1112
2024-12-24 15:18:00,unisender,email,{16037581},web-2412
2025-01-09 12:30:00,telegram,social,"{15908653,16763405}",advent
2025-01-09 14:26:00,telegram,bot-send,{5801075},advent
2025-01-09 15:17:00,telegram,paid-placement,{16002315},autoweb-yandex
2025-01-09 16:15:00,site,,{16820111},DA-TEST-START
2025-01-15 07:03:00,telegram,bot-send,"{1460603,23961501}",web-1401
2025-01-15 14:12:00,telegram,bot-send,"{17099545,17756329,18078281}",Ads-metrics
2025-01-23 09:19:00,telegram,bot-send,{17005839},portfolio ideas
2023-12-30 05:14:00,Unisender,email,"{17000877,18084425,20490435,22069703,24667759}",Pandas-v2
2025-01-24 08:25:00,telegram,bot-send,{16238231},web-2801
2025-01-24 08:32:00,telegram,bot-send,{16292997},web-2801
2025-01-24 08:35:00,telegram,bot-send,{16001333},web-2801
2025-01-17 16:23:00,telegram,bot-send,{15922837},web-2101
2024-01-03 20:15:00,bot,free-course-pandas,{15954809},Pandas-v2
2024-01-03 20:28:00,unisender,email,{15930551},Pandas-v2
2024-04-16 08:19:00,unisender,email,"{15921793,15927163,17122529}",SQL-16-04-24
2024-04-17 08:11:00,telegram,social,{17033243},Оплата
2024-04-18 16:26:00,telegram,social,"{15999793,17100049,18568773}",ROADMAP
2024-04-19 06:57:00,,,"{16739833,24522659}",Оплата
2024-04-19 07:03:00,,,"{16739833,24522659}",Оплата
2024-04-21 11:17:00,Unisender,email,"{16084821,20106453}",SPEC-DA-TEST-START
2024-05-23 10:28:00,unisender,email,"{15946741,16764241,20152897}",20ideas
2024-07-06 08:56:00,telegram,bot-send,"{16013171,16762871}",web_09_07
2024-07-06 09:17:00,telegram,bot-send,{16531725},web_09_07
2024-07-06 13:14:00,unisender,email,"{16011643,16871171,19092417}",web_09_07
2024-07-06 13:16:00,unisender,email,{17098575},web_09_07
2024-07-06 15:49:00,telegram,social,{16087433},PRODUCT-TEST-START
2024-07-06 16:05:00,telegram,bot-send,{17177743},web_09_07
2024-07-06 16:22:00,telegram,social,{13166349},tinkoff-1
2024-07-06 17:12:00,unisender,email,{15929783},web_09_07
2024-07-06 17:36:00,telegram,social,"{16561641,17151733}",20ideas
2024-07-07 04:12:00,unisender,email,{15960225},web_09_07
2024-07-07 07:55:00,telegram,bot-send,"{16773339,17310203}",web_09_07
2024-07-07 13:33:00,telegram,social,{5825207},PRODUCT-TEST-START
2024-07-07 13:34:00,telegram,social,{5825207},PRODUCT-TEST
2024-07-07 14:27:00,admitad,,"{16762199,18914983,20980525}",Python-FREE
2024-07-07 16:37:00,telegram,social,"{9164281,17166441}",web_09_07
2024-07-08 06:22:00,unisender,email,{17162981},PRODUCT-TEST-START
2024-07-08 07:42:00,,,"{16774081,17032641}",PRODUCT-TEST
2024-07-08 09:15:00,unisender,email,"{16002965,18672699}",web_09_07
2024-07-08 09:20:00,telegram,social,"{16762199,18914983,20980525}",Python-FREE
2024-07-08 12:06:00,telegram,social,{16978579},web_09_07
2024-01-03 21:28:00,bot,events-simulative,"{15948581,16764269}",Pandas-pre
2024-07-08 14:17:00,telegram,bot-send,"{16531341,16775575}",web_09_07
2024-07-08 15:16:00,telegram,paid-placement,"{17150165,18698663}",web_09_07
2024-07-08 15:20:00,telegram,paid-placement,"{15908653,16763405}",web_09_07
2024-01-03 21:29:00,bot,events-simulative,"{15948581,16764269}",Pandas-v2
2024-01-03 21:29:00,bot,events-simulative,"{15948581,16764269}",Pandas-v2
2024-07-08 16:15:00,telegram,paid-placement,"{17122293,18713659}",web_09_07
2024-07-08 16:32:00,unisender,email,"{8358657,16574417}",PRODUCT-TEST-START
2024-07-08 16:42:00,unisender,email,"{8358657,16574417}",PRODUCT-TEST
2024-07-08 17:11:00,telegram,paid-placement,"{15999363,16775393}",web_09_07
2024-07-08 17:41:00,telegram,social,{16087433},PRODUCT-TEST-START
2024-07-08 18:06:00,telegram,social,{16087433},PRODUCT-TEST
2024-07-09 07:41:00,telegram,paid-placement,{16292997},web_09_07
2024-07-09 07:55:00,telegram,social,{17130693},web_09_07
2024-07-09 07:55:00,vkontakte,social,{12481235},web_09_07
2024-07-09 08:21:00,telegram,social,{16762351},web_09_07
2024-07-09 08:23:00,telegram,bot-send,{16842355},web_09_07
2024-07-09 08:23:00,telegram,bot-send,"{16003159,18616975}",PRODUCT-TEST-START
2024-07-09 08:23:00,telegram,bot-send,"{17000877,18084425,20490435,22069703,24667759}",web_09_07
2024-07-09 08:25:00,telegram,social,"{16003335,16767837}",web_09_07
2024-07-09 08:32:00,telegram,bot-send,"{16003159,18616975}",PRODUCT-TEST
2024-07-09 08:39:00,telegram,bot-send,{16003201},web_09_07
2024-07-09 08:39:00,telegram,bot-send,{15564527},web_09_07
2024-07-09 09:05:00,telegram,bot-send,"{16815413,17006383,17006385}",web_09_07
2024-07-09 09:06:00,telegram,bot-send,"{16815413,17006383,17006385}",web_09_07
2024-07-09 09:06:00,telegram,social,{5801595},PRODUCT-TEST-START
2024-07-09 09:10:00,telegram,bot-send,"{11792445,16764207}",web_09_07
2024-07-09 11:01:00,telegram,social,{16528805},web_09_07
2025-01-17 16:32:00,telegram,bot-send,"{7710743,14717267}",web-2101
2024-07-09 15:29:00,telegram,social,"{15948581,16764269}",web_09_07
2024-08-27 05:23:00,unisender,email,"{7710743,14717267}",Консультация
2024-09-24 16:03:00,telegram,social,"{15927075,16695207,16773339,17310203,17631349,18418999,23553585}",web-2409
2024-09-24 16:03:00,telegram,bot-send,{2494413},web-2409
2024-09-24 16:04:00,telegram,social,"{15924193,17562089}",web-2409
2024-11-06 17:48:00,telegram,bot-send,{5803341},web-2409
2024-11-06 18:45:00,telegram,bot-send,"{10787621,16772781}",web-0611
2024-11-06 20:51:00,telegram,social,"{5809673,6441653,19725721,24714571}",web-0611
2024-11-07 04:41:00,telegram,social,{16370861},Студент
2024-11-07 09:33:00,telegram,social,"{16017013,16532045,18912267}",web-0611
2024-11-07 11:41:00,vkontakte,social,{11377605},ROADMAP
2024-11-07 12:28:00,unisender,email,"{16570977,18237375}",plan-python
2024-11-07 12:55:00,telegram,bot-send,"{15922169,16767575}",web-0611
2024-11-07 13:32:00,telegram,social,"{5693721,16690195,18716943}",web-0611
2024-11-07 13:34:00,telegram,social,"{5693721,16690195,18716943}",web-0611
2024-11-07 16:05:00,telegram,bot-send,{12349789},web-0611
2024-11-08 07:15:00,telegram,paid-placement,"{11787181,12343743,25212617}",web-1211
2024-11-08 07:15:00,telegram,paid-placement,"{11787181,12343743,25212617}",web-1211
2024-11-11 11:45:00,telegram,social,"{15922169,16767575}",web-1211
2024-11-13 23:32:00,bloger,post,"{15921749,16695207,16773339}",web-1211
2024-11-14 00:10:00,unisender,email,"{5983741,16765093}",web-1211
2024-11-14 00:27:00,telegram,paid-placement,"{16013171,16762871}",web-1211
2024-11-14 00:28:00,unisender,email,"{15889391,16766247,19329846,20771041}",web-1211
2024-11-14 00:28:00,telegram,social,"{7710743,14717267}",web-1211
2024-11-14 00:29:00,telegram,social,"{7710743,14717267}",web-1211
2024-11-14 00:29:00,telegram,social,"{7710743,14717267}",web-1211
2024-11-14 00:30:00,telegram,social,"{7710743,14717267}",web-1211
2024-11-14 00:30:00,telegram,bot-send,{16256923},web-1211
2024-11-14 00:30:00,unisender,email,"{15922681,16560611}",web-1211
2024-11-29 09:08:00,telegram,bot-send,{15588591},web-0412
2024-01-03 23:45:00,unisender,email,{9327543},Pandas-pre
2025-01-23 09:05:00,telegram,bot-send,{16770865},portfolio ideas
2024-10-15 16:01:00,telegram,social,"{15208695,17145269,21719045}",web-power-bi
2024-02-07 17:13:00,unisender,email,{15556555},6 каверз
2024-05-23 10:33:00,telegram,social,"{17123457,17541177,18678281,21487554}",20ideas
2024-05-23 13:34:00,telegram,bot-send,{17005839},20ideas
2024-05-23 13:34:00,telegram,bot-send,"{8887233,16766255}",20ideas
2024-05-23 13:36:00,telegram,bot-send,"{8887233,16766255}",abc-portfolio
2024-05-23 13:51:00,telegram,bot-send,{2205259},20ideas
2024-05-23 13:59:00,telegram,bot-send,{15539831},20ideas
2024-05-23 14:05:00,unisender,email,"{15570281,16770335}",20ideas
2024-05-23 15:14:00,,,"{5814679,20781819}",20ideas
2024-05-23 15:19:00,telegram,bot-send,"{15548959,16763825,18256737,19434630}",20ideas
2024-05-23 15:24:00,telegram,bot-send,"{16773339,17631349,18418999,23464085}",20ideas
2024-05-23 17:51:00,telegram,bot-send,{15930551},20ideas
2024-05-23 17:52:00,telegram,bot-send,{15930551},20ideas
2024-05-23 18:58:00,telegram,bot-send,{15270129},20ideas
2024-05-23 19:03:00,vk_ads,cpm,"{16003565,16764873,17290925,17553527,17829067,19544884,19867361,20886197,24161655,24395845}",Workshop-RFM
2024-05-24 04:27:00,telegram,bot-send,"{16744437,20683779,21610186}",20ideas
2024-05-24 09:05:00,telegram,social,"{12718265,18840823,21317974}",20ideas
2024-05-24 09:05:00,telegram,social,"{12718265,18840823,21317974}",20ideas
2024-05-25 04:18:00,telegram,bot-send,{15929783},20ideas
2024-05-25 04:33:00,old-lms,menu,{16572265},СОБЕС-ДЕМО
2024-05-25 06:48:00,telegram,social,"{16552793,17148487}",20ideas
2024-05-25 09:10:00,telegram,bot-send,"{9649707,18908843,24129719}",20ideas
2024-05-25 13:55:00,telegram,bot-send,"{16084821,20106453}",20ideas
2024-05-25 16:41:00,amo,email,"{16003565,16764873,17290925,17553527,17829067,19544884,19867361,20886197,24161655,24395845}",Заморозка
2024-05-26 06:23:00,telegram,bot-send,"{11792445,16764207}",20ideas
2024-05-26 12:42:00,,,{9041779},DA-TEST-START
2024-05-27 07:03:00,telegram,social,{12488361},20ideas
2024-05-27 07:39:00,telegram,social,"{15999339,16764375}",Экскурсия
2024-05-27 14:02:00,telegram,bot-send,{13166349},Предзапись DA
2024-05-28 07:23:00,unisender,email,"{16561641,17151733}",DA-TEST-START
2024-01-16 14:06:00,unisender,email,{12143247},Pandas-v3
2024-09-24 16:09:00,telegram,bot-send,"{16084991,16977925,18659265}",web-2409
2024-09-24 16:10:00,telegram,bot-send,{17034101},web-2409
2024-09-24 16:12:00,telegram,bot-send,"{15931977,16764213}",web-2409
2024-09-24 20:36:00,unisender,email,{5801075},web-2409
2024-09-25 02:00:00,unisender,email,"{16784957,20490049}",web-2409
2024-09-25 02:32:00,vk_ads,cpm,{11789383},intensive-analyst
2024-03-05 11:12:00,telegram,social,{15927495},ROADMAP
2025-01-17 17:07:00,unisender,email,"{17146943,18333051,18385799,18908377}",web-2101
2024-03-08 09:34:00,telegram,social,{16008929},08.03.2024
2024-11-05 15:05:00,telegram,paid-placement,"{15943993,16768259}",web-0611
2024-11-05 16:22:00,telegram,social,{16191753},DA-TEST
2024-11-08 07:29:00,telegram,paid-placement,"{899109,18648001}",web-1211
2024-11-08 07:32:00,telegram,paid-placement,"{17147401,17177859}",web-1211
2024-11-08 07:46:00,telegram,paid-placement,"{16572479,17133213}",web-1211
2024-11-08 07:46:00,telegram,paid-placement,{15569323},web-1211
2024-03-12 11:01:00,,,{13166349},ROADMAP
2024-03-12 13:04:00,telegram,social,"{15555667,16762071}",20ideas
2024-11-08 08:02:00,unisender,email,{15943559},web-1211
2024-11-08 08:06:00,telegram,social,{16769049},web-1211
2024-03-12 13:53:00,unisender,email,"{15921589,16766225,18451399}",20ideas
2024-11-13 23:52:00,telegram,bot-send,{17033243},web-1211
2024-11-14 00:32:00,unisender,email,"{2200671,5806435,18084533,20586583}",web-1211
2024-11-14 00:33:00,telegram,bot-send,{16529429},web-1211
2024-11-14 00:34:00,unisender,email,"{15927075,16695207,16773339,17310203,17631349,18418999,23553585}",web-1211
2024-11-14 00:34:00,telegram,bot-send,"{5840561,16823375,17195057}",web-1211
2024-11-14 00:34:00,telegram,bot-send,"{17123447,19839367}",web-1211
2024-11-14 00:34:00,telegram,bot-send,"{16570977,18237375}",web-1211
2024-11-14 00:35:00,telegram,social,{17034101},web-1211
2024-11-14 00:36:00,telegram,bot-send,{16256923},web-1211
2024-11-14 00:38:00,telegram,social,"{16570977,18237375}",web-0611
2024-11-20 11:28:00,telegram,social,"{16002965,18672699}",HARD-SQL
2024-11-20 13:06:00,unisender,email,"{15895095,16011643,19032967}",Кейс-АЦ
2024-11-24 06:26:00,telegram,social,"{16228633,16771429}",web-2611
2024-11-29 10:25:00,telegram,bot-send,"{16763135,17560101}",web-0412
2024-03-30 19:31:00,unisender,email,{5807709},DA-TEST
2024-12-07 17:33:00,telegram,bot-send,{11264135},web-1112
2024-12-14 11:29:00,telegram,social,"{17151209,19295911,21692221}",web-1712
2024-12-17 07:42:00,telegram,social,{9832301},web-1712
2024-12-17 08:01:00,telegram,bot-send,{16769049},web-1712
2025-01-03 12:22:00,,,{12262075},HARD-SQL
2025-01-10 11:12:00,telegram,bot-send,{15924195},web-1401
2024-04-03 10:34:00,instagram,cpa,{9041779},Workshop-RFM
2025-01-14 10:31:00,telegram,bot-send,{16078217},web-1401
2025-01-14 12:43:00,telegram,bot-send,"{8853445,19554774}",web-1401
2025-01-14 16:06:00,telegram,bot-send,{16037581},web-1401
2025-01-22 10:04:00,telegram,paid-placement,{15922897},autoweb-yandex
2024-04-05 16:18:00,telegram,social,"{12705807,19177727}",SPEC-DA-TEST-START
2024-04-06 03:28:00,telegram,social,{16743397},SPEC-DA-TEST-START
2024-04-07 05:22:00,telegram,bot-send,{16820111},SPEC-DA-TEST
2024-04-07 06:12:00,telegram,bot-send,"{16549177,20634357}",SPEC-DA-TEST-START
2024-04-07 06:19:00,telegram,bot-send,"{16549177,20634357}",SPEC-DA-TEST
2024-10-15 15:58:00,telegram,social,"{5848071,20887407}",web-power-bi
2024-10-15 15:58:00,telegram,bot-send,{16051969},web-power-bi
2024-02-26 12:02:00,telegram,bot-send,"{15928337,19015561,19024235}",HARD-SQL
2024-02-26 15:40:00,telegram,bot-send,{7366116},HARD-SQL
2024-02-27 15:09:00,telegram,social,"{16766595,17554027}",HARD-SQL
2024-10-15 15:58:00,telegram,bot-send,{16104917},web-power-bi
2024-03-05 09:35:00,unisender,email,{2494413},ROADMAP
2024-03-05 10:11:00,unisender,email,"{16059185,19052623}",ROADMAP
2024-03-05 10:51:00,unisender,email,{17264537},ROADMAP
2024-03-05 12:13:00,telegram,social,"{16011643,19950481,20319115}",ROADMAP
2024-03-05 14:25:00,telegram,social,"{17146035,17191367}",ROADMAP
2024-03-05 16:46:00,unisender,email,"{16766403,17180005,18352763,18371345,18522335}",ROADMAP
2024-03-06 12:12:00,telegram,bot-send,"{17151345,17232163,19399386}",ROADMAP
2024-03-08 08:05:00,unisender,email,{15960225},08.03.2024
2024-03-08 19:17:00,telegram,social,"{15924193,17108465,22058459}",08.03.2024
2024-03-09 08:51:00,telegram,social,"{14972525,16762689,16816411,18568901}",08.03.2024
2024-03-09 11:35:00,telegram,social,{11980183},08.03.2024
2024-03-09 11:42:00,telegram,bot-send,{16003201},08.03.2024
2024-03-09 11:47:00,telegram,bot-send,{11789383},08.03.2024
2024-03-09 12:27:00,unisender,email,{5801075},08.03.2024
2024-03-09 12:41:00,telegram,bot-send,"{16101859,19417870}",08.03.2024
2024-03-09 14:41:00,telegram,social,"{15895095,21196294,21339476}",08.03.2024
2024-05-12 09:25:00,vkontakte,social,"{16011643,16871171,19092417}",СОБЕС-ДЕМО
2024-05-28 18:20:00,,,"{16978917,16978919}",DA-TEST
2024-05-28 20:57:00,telegram,social,{17032093},DA-TEST-START
2024-05-31 07:34:00,instagram,cpa,{17163457},Workshop-RFM
2024-05-31 08:31:00,telegram,bot-send,"{15923171,21320212}",Python-FREE
2024-05-31 08:35:00,telegram,social,{15999087},Python-FREE
2024-05-31 08:43:00,telegram,social,{15922451},Python-FREE
2024-05-31 15:17:00,telegram,social,"{16743379,19453462,21000955}",Python-FREE
2024-05-31 18:52:00,unisender,email,"{11999701,16767673}",plan-python
2024-06-01 05:31:00,telegram,bot-send,"{9649707,18908843,24129719}",plan-python
2024-06-01 20:13:00,telegram,bot-send,{15989583},Python-FREE
2024-10-15 16:01:00,telegram,social,"{15903385,16766413,18515647}",web-power-bi
2024-06-04 11:41:00,telegram,social,"{17123865,17560467,18878981}",plan-python
2024-06-04 12:10:00,vkontakte,social,"{16011643,16871171,19092417}",plan-python
2024-06-04 13:30:00,vkontakte,social,{16957229},plan-python
2024-06-04 13:33:00,material,plan-for-learning-python,{16957229},Python-FREE
2024-06-04 14:03:00,telegram,bot-send,"{16011643,16871171,19092417}",Python-FREE
2024-06-04 14:17:00,unisender,email,"{8358657,16574417}",plan-python
2024-10-15 16:02:00,unisender,email,{11989079},web-power-bi
2024-06-04 14:36:00,telegram,bot-send,"{8887233,16766255}",plan-python
2024-06-04 14:37:00,telegram,bot-send,{16788821},plan-python
2024-06-04 14:38:00,material,plan-for-learning-python,{16788821},Python-FREE
2024-10-15 16:02:00,telegram,social,{16582491},web-power-bi
2024-06-04 14:40:00,telegram,bot-send,{16572265},plan-python
2024-06-04 14:47:00,unisender,email,{11989079},plan-python
2024-06-04 14:49:00,telegram,bot-send,{17005839},plan-python
2024-06-04 14:56:00,telegram,bot-send,{15927361},plan-python
2024-06-04 14:58:00,telegram,bot-send,{15564527},plan-python
2024-06-04 14:59:00,telegram,bot-send,"{16762199,18914983,20980525}",plan-python
2024-06-04 15:03:00,telegram,bot-send,"{16773339,17631349,18418999,23464085}",plan-python
2024-06-04 15:14:00,telegram,bot-send,"{15922439,19436980,20455897}",plan-python
2024-10-15 16:02:00,telegram,bot-send,{17150971},web-power-bi
2024-10-15 16:02:00,telegram,social,"{5848071,20887407}",web-power-bi
2024-06-04 17:20:00,unisender,email,"{15591603,16773121,18378405}",plan-python
2024-06-20 10:15:00,material,plan-for-learning-python,{17060195},Python-FREE
2024-06-20 15:49:00,telegram,bot-send,"{11787181,12343743,25212617}",МК-Python
2024-06-20 16:34:00,unisender,email,"{16287273,16767225}",МК-Python
2024-08-05 02:32:00,,,{16442961},itresume
2025-01-10 11:58:00,unisender,email,{16045707},web-1401
2025-01-14 11:36:00,telegram,bot-send,{16045707},web-1401
2025-01-24 20:29:00,unisender,email,{17162981},web-2801
2025-01-25 12:05:00,telegram,bot-send,{16763245},web-2801
2024-10-15 16:03:00,telegram,bot-send,{16104917},web-power-bi
2023-12-13 18:20:00,youtube,ltv-sql-13-12,"{16769821,16820275,17193675}",Экскурсия
2024-10-15 16:05:00,telegram,bot-send,{16051969},web-power-bi
2025-01-17 17:24:00,unisender,email,"{15591603,16773121,18378405}",web-2101
2023-12-28 07:49:00,telegram,,"{16684485,18689443}",Pandas-pre
2023-12-30 08:44:00,telegram,bot,{16463705},Экскурсия
2024-01-11 11:22:00,bot,testovoe-ozon,{16003915},Pandas-pre
2024-01-11 11:22:00,bot,testovoe-ozon,{16003915},Pandas-v3
2024-01-11 11:22:00,bot,testovoe-ozon,{16003915},Pandas-v3
2024-01-11 14:45:00,,,{17105135},Pandas-pre
2024-01-11 14:45:00,,,{17105135},Pandas-v3
2024-01-11 18:01:00,bot,marafon-interview,{15922423},Pandas-v3
2024-01-11 18:53:00,bot,testovoe-ozon,{15922423},Pandas-v3
2024-10-15 16:09:00,unisender,email,"{15928337,19015561,19024235}",web-power-bi
2024-01-12 22:39:00,,,{16816361},Pandas-v3
2024-02-08 00:30:00,unisender,email,{17098575},6 каверз
2024-03-09 09:56:00,telegram,social,"{15908653,16763405}",08.03.2024
2024-03-16 08:31:00,telegram,bot-send,{17178355},Студент
2024-03-17 16:18:00,telegram,social,{16087433},20ideas
2024-03-25 19:46:00,telegram,,{16978579},ROADMAP
2024-04-25 16:44:00,telegram,social,"{15903385,16766413,18515647}",Оплата
2024-05-10 08:57:00,telegram,bot-send,"{16081745,16601531,17159091,18908721}",СОБЕС-ДЕМО
2024-05-10 10:04:00,,,{16463705},DA-TEST-START
2024-06-04 15:46:00,unisender,email,"{9649707,18908843,24129719}",plan-python
2024-06-04 15:57:00,unisender,email,"{16520771,21705141}",plan-python
2024-06-04 17:40:00,telegram,bot-send,"{16003159,18616975}",plan-python
2024-06-04 17:53:00,telegram,social,"{16003159,18616975}",plan-python
2024-06-04 21:40:00,telegram,social,{16031367},plan-python
2024-06-04 23:46:00,unisender,email,{15930551},plan-python
2024-10-15 16:10:00,unisender,email,"{15927075,16695207,16773339,17310203,17631349,18418999,23553585}",web-power-bi
2024-06-05 04:38:00,Unisender,email,"{8887233,16766255}",SPEC-DA-TEST
2024-06-05 06:01:00,unisender,email,"{12578989,18222813}",plan-python
2024-06-05 06:46:00,telegram,bot-send,{15924401},plan-python
2024-06-05 09:31:00,unisender,email,{16930131},plan-python
2024-06-05 10:01:00,,,{16463705},Студент
2024-06-05 15:42:00,telegram,bot-send,"{16001545,17165757}",abc-portfolio
2024-06-05 21:12:00,telegram,social,"{17146035,17191367}",plan-python
2024-06-06 07:07:00,unisender,email,"{15927075,16695207,16773339,17310203,17631349,18418999,23553585}",plan-python
2024-06-06 08:22:00,unisender,email,{5845449},ROADMAP
2024-06-06 08:25:00,unisender,email,"{16784957,20490049}",ROADMAP
2024-06-06 08:25:00,unisender,email,{11989079},ROADMAP
2024-06-06 08:45:00,telegram,social,{11789383},ROADMAP
2024-06-06 08:45:00,telegram,bot-send,{16051969},ROADMAP
2024-06-06 08:45:00,telegram,bot-send,"{5802551,18648021}",ROADMAP
2024-06-06 08:46:00,telegram,social,{16572265},ROADMAP
2024-06-06 08:55:00,telegram,social,"{16762221,16954607}",ROADMAP
2024-06-06 08:57:00,telegram,bot-send,{15927361},ROADMAP
2024-06-06 08:58:00,telegram,social,{16763245},ROADMAP
2024-06-06 09:36:00,unisender,email,{16930131},ROADMAP
2024-06-06 09:43:00,unisender,email,{16510153},ROADMAP
2024-06-06 09:59:00,telegram,bot-send,{17060195},ROADMAP
2024-06-06 10:04:00,telegram,bot-send,{12488361},ROADMAP
2024-06-06 10:06:00,telegram,bot-send,"{16281907,16792385}",ROADMAP
2024-06-06 10:36:00,unisender,email,{15930551},ROADMAP
2024-06-06 10:50:00,unisender,email,"{17147401,17177859}",ROADMAP
2024-06-06 15:08:00,telegram,social,"{17163457,21323678,25588667}",ROADMAP
2024-06-09 15:36:00,unisender,email,"{16549177,20634357}",web_13_06
2024-06-10 08:13:00,,,"{15927075,16695207,17631349,19006309}",50%discount
2024-06-10 08:57:00,vkontakte,,"{15943891,16773887}",Студент
2024-06-10 18:57:00,unisender,email,"{15921793,15927163,17122529}",web_13_06
2024-06-23 10:10:00,telegram,bot-send,{15923167},Ozon-25-06
2024-06-23 10:11:00,unisender,email,"{11014471,18361379}",Ozon-25-06
2024-07-05 08:16:00,unisender,email,"{17122293,18713659}",web_09_07
2024-09-17 16:05:00,unisender,email,{7366116},become-bi
2024-09-20 16:39:00,telegram,bot-send,"{16084991,16977925,18659265}",web-2409
2024-09-23 16:01:00,telegram,paid-placement,"{17146067,20598005}",web-2409
2024-09-24 08:55:00,telegram,social,{15930477},web-2409
2024-09-24 08:57:00,telegram,bot-send,"{16772541,20843231}",web-2409
2024-09-24 09:13:00,telegram,social,{17034101},web-2409
2024-09-24 10:15:00,telegram,social,"{16017013,16532045,18912267}",web-2409
2024-09-24 15:31:00,telegram,social,{5804161},web-2409
2024-09-24 15:57:00,unisender,email,"{16741423,18595441}",web-2409
2024-11-26 15:46:00,telegram,social,{5825207},web-2611
2024-12-06 09:23:00,telegram,social,"{10331397,16761959}",web-1112
2024-10-15 16:15:00,telegram,bot-send,"{16684485,18689443}",web-power-bi
2024-10-15 16:15:00,telegram,social,{11789383},web-power-bi
2024-10-15 16:16:00,unisender,email,{13904427},web-power-bi
2024-10-15 16:16:00,telegram,bot-send,{15924251},web-power-bi
2024-10-15 16:18:00,unisender,email,"{15560415,16770403}",web-power-bi
2025-01-17 18:12:00,telegram,social,"{2200671,5806435,18084533,20586583}",web-2101
2024-01-14 09:39:00,telegram,,{15960225},Pandas-v3
2024-06-07 08:39:00,telegram,social,{15929783},ROADMAP
2024-06-07 19:06:00,telegram,social,{17163457},Python-FREE
2024-06-08 07:29:00,telegram,bot-send,"{15921749,16695207,16773339}",ROADMAP
2024-06-09 08:15:00,unisender,email,{11989079},web_13_06
2024-06-09 08:16:00,unisender,email,{16862903},web_13_06
2024-06-09 08:40:00,unisender,email,{5807709},web_13_06
2024-06-09 08:48:00,telegram,bot-send,"{16011643,16871171,19092417}",web_13_06
2024-06-09 08:50:00,telegram,bot-send,"{15921749,16695207,16773339}",web_13_06
2024-06-09 08:53:00,telegram,bot-send,{16996099},web_13_06
2024-06-09 09:00:00,unisender,email,{5803341},web_13_06
2024-06-09 09:00:00,telegram,bot-send,"{16013985,17154261,19412264,20682793}",web_13_06
2024-06-09 09:01:00,telegram,bot-send,{6513319},web_13_06
2024-06-09 09:01:00,telegram,bot-send,{16531725},web_13_06
2024-06-09 09:01:00,telegram,bot-send,"{16013985,17154261,19412264,20682793}",web_13_06
2024-06-09 09:01:00,telegram,social,"{12718265,18840823,21317974}",web_13_06
2024-06-09 09:03:00,telegram,social,{16770865},web_13_06
2024-06-09 09:04:00,telegram,social,{15539831},web_13_06
2024-06-09 09:04:00,telegram,social,"{15999339,16764375}",web_13_06
2024-06-09 09:15:00,telegram,bot-send,"{16001125,16761823}",web_13_06
2024-06-09 09:20:00,telegram,social,"{16275885,17101289}",web_13_06
2024-06-09 09:31:00,telegram,bot-send,"{15928337,19015561,19024235}",ROADMAP
2024-06-09 09:31:00,telegram,bot-send,{17060195},web_13_06
2024-06-09 09:31:00,telegram,bot-send,"{15928337,19015561,19024235}",web_13_06
2024-06-09 10:01:00,unisender,email,{15999087},web_13_06
2024-06-11 07:23:00,telegram,bot-send,{16091907},student-project
2024-06-11 15:24:00,telegram,paid-placement,{17145927},web_13_06
2024-06-16 14:06:00,telegram,bot-send,{13166349},web_13_06
2024-06-17 08:24:00,unisender,email,"{16013985,17154261,19412264,20682793}",КАРЬЕРНЫЙ
2024-06-17 08:30:00,unisender,email,"{15921793,15927163,17122529}",КАРЬЕРНЫЙ
2024-06-17 13:29:00,,,{17060195},itresume
2024-06-18 12:00:00,telegram,bot-send,{16788821},web_13_06
2024-06-19 04:33:00,telegram,social,"{15916041,18583517}",SPEC-DA-TEST-START
2024-06-20 15:40:00,unisender,email,{15960225},МК-Python
2024-06-21 09:07:00,telegram,bot-send,{16764267},МК-Python
2024-06-23 11:18:00,unisender,email,{16547969},Ozon-25-06
2024-06-23 20:33:00,telegram,social,{17034101},Python-FREE
2024-06-24 08:24:00,telegram,social,{12488361},Ozon-25-06
2024-06-24 09:03:00,telegram,social,"{16228633,16771429}",Ozon-25-06
2024-06-25 16:41:00,unisender,email,{16489279},Ozon-25-06
2024-07-05 11:50:00,telegram,social,"{15895095,21196294,21339476}",web_09_07
2024-07-09 16:50:00,telegram,social,"{16765779,18914999}",web_09_07
2024-07-13 15:39:00,telegram,social,{13166349},DA-TEST
2024-07-15 13:50:00,telegram,social,{17005839},abc-portfolio
2024-07-16 10:01:00,telegram,social,"{11418857,20595651}",КАРЬЕРНЫЙ
2024-07-16 10:02:00,telegram,bot-send,{16748657},КАРЬЕРНЫЙ
2024-07-16 10:16:00,telegram,social,"{15970405,16774017}",КАРЬЕРНЫЙ
2024-07-16 13:57:00,telegram,social,{16978579},КАРЬЕРНЫЙ
2024-07-23 16:06:00,telegram,bot-send,{17034101},web_23_07
2024-07-23 16:54:00,telegram,bot-send,"{17122293,18713659}",web_23_07
2024-07-23 17:17:00,telegram,social,{15929783},web_23_07
2024-07-23 17:37:00,telegram,bot-send,{14728903},web_23_07
2024-08-19 14:08:00,telegram,social,"{15950709,16529323,16770067}",intensive-analyst
2024-08-20 16:07:00,bloger,post,"{15942213,16974953,20010059}",intensive-analyst
2024-09-10 09:43:00,bloger,post,{16031367},become-analyst
2024-09-24 09:27:00,unisender,email,{12262075},web-2409
2024-09-24 16:01:00,unisender,email,"{9347081,17154923}",web-2409
2024-09-24 16:16:00,telegram,social,{14728903},web-2409
2024-09-24 16:16:00,telegram,bot-send,{17034101},web-2409
2024-09-24 16:16:00,webinar,livedigital,"{17039433,17039435}",web-2409
2024-09-24 16:16:00,telegram,social,"{7710743,14717267}",web-2409
2024-09-24 16:19:00,telegram,bot-send,{17034101},web-2409
2024-09-24 16:20:00,telegram,social,{14728903},web-2409
2024-10-02 09:31:00,telegram,social,{16054019},lottery
2024-10-07 16:23:00,telegram,paid-placement,{2494413},web-geo-analyt
2024-10-08 16:16:00,telegram,bot-send,{16489279},web-geo-analyt
2024-10-11 09:09:00,telegram,social,{12367367},web-power-bi
2024-10-11 11:22:00,telegram,bot-send,"{17064189,21629325}",web-power-bi
2024-10-18 09:29:00,telegram,bot-send,"{16060763,22961007}",web-2310
2024-10-21 06:36:00,unisender,email,{16764879},web-2310
2024-08-15 06:53:00,telegram,bot-send,{11074775},intensive-analyst
2024-10-22 15:33:00,telegram,paid-placement,"{8853445,19554774}",web-2310
2024-10-22 17:49:00,telegram,paid-placement,{17105135},web-2310
2024-10-23 17:16:00,telegram,bot-send,{16238231},web-2310
2024-11-02 09:01:00,telegram,social,"{16570977,18237375}",web-0611
2024-11-02 09:01:00,unisender,email,"{15545853,20697223}",web-0611
2024-11-02 09:01:00,unisender,email,{16816361},web-0611
2024-11-02 09:02:00,telegram,social,"{15927075,16695207,17631349,19006309}",web-0611
2024-11-02 09:02:00,unisender,email,{16770865},web-0611
2024-11-02 09:03:00,telegram,social,{17150061},web-0611
2024-11-08 08:25:00,telegram,bot-send,{11989079},web-1211
2024-11-08 08:26:00,telegram,bot-send,"{16761837,21782923}",web-1211
2024-11-08 08:26:00,telegram,bot-send,{15922837},web-1211
2024-11-08 08:29:00,telegram,paid-placement,"{5809177,16767187,16767203}",web-1211
2024-11-08 08:31:00,telegram,bot-send,{17033243},web-1211
2024-11-14 00:07:00,telegram,bot-send,{16256923},web-1211
2024-11-25 12:01:00,telegram,social,{11766391},PRODUCT-TEST-START
2024-12-11 15:52:00,telegram,bot-send,{5801595},web-1112
2024-12-11 16:01:00,telegram,social,{12349789},web-1112
2024-12-11 16:16:00,telegram,social,"{7710743,14717267}",web-1112
2024-12-11 17:41:00,telegram,bot-send,"{15921749,16695207,16773339}",web-1112
2024-12-11 18:13:00,unisender,email,{15566497},web-1112
2024-12-11 19:03:00,vkontakte,social,{16957229},abc-portfolio
2024-10-15 16:19:00,unisender,email,"{15927075,16695207,16773339,17310203,17631349,18418999,23553585}",web-power-bi
2024-08-16 07:42:00,telegram,bot-send,"{15948581,16764269}",intensive-analyst
2024-01-03 09:30:00,unisender,email,"{5814679,20781819}",Pandas-pre
2024-01-05 14:02:00,unisender,email,{16489279},Pandas-v2
2024-01-05 14:44:00,unisender,email,"{12089567,16764831,16764843}",Pandas-v2
2024-01-05 14:44:00,unisender,email,"{12089567,16764831,16764843}",Pandas-v2
2024-01-05 17:01:00,bot,events-simulative,"{15970405,16774017}",Pandas-pre
2024-01-05 17:01:00,bot,events-simulative,"{15970405,16774017}",Pandas-v2
2024-01-05 17:01:00,bot,events-simulative,"{15970405,16774017}",Pandas-v2
2024-01-05 17:04:00,bot,events-simulative,"{15970405,16774017}",Pandas-v2
2024-01-05 17:05:00,unisender,email,"{15921749,16695207,16773339}",Pandas-VIP
2024-01-05 22:57:00,bot,analytics-pandas-python,{16816881},Pandas-pre
2024-01-05 22:57:00,bot,analytics-pandas-python,{16816881},Pandas-v2
2024-01-06 07:55:00,bot,events-simulative,{7366116},Студент
2024-01-06 09:41:00,,,{15999087},Pandas-v2
2024-01-06 09:41:00,,,{15999087},Pandas-v2
2024-01-06 09:41:00,telegram,bot,{12488361},Экскурсия
2024-01-06 09:42:00,Unisender,email,{15999087},Pandas-v2
2024-01-06 14:51:00,Unisender,email,{16287433},Pandas-v2
2024-01-06 20:57:00,bot,events-simulative,{16057487},НГ-Оплата
2024-01-07 05:12:00,unisender,email,{15744043},Pandas-pre
2024-01-07 11:18:00,bot,events-simulative,{17130693},Pandas-pre
2024-01-07 12:32:00,bot,events-simulative,"{15667785,18847199,19503222}",Заморозка
2024-01-07 13:08:00,bot,free-course-pandas,"{15570281,16770335}",Pandas-pre
2024-01-08 09:41:00,unisender,email,{15539831},Студент
2024-11-25 18:45:00,telegram,bot-send,{5844181},PRODUCT-TEST
2024-01-08 14:08:00,unisender,email,{5803341},Pandas-v3
2024-01-08 17:53:00,bot,free-course-pandas,{16087433},Студент
2024-01-09 05:22:00,Unisender,email,"{17146035,17191367}",Pandas-v3
2024-01-09 10:09:00,bot,free-course-pandas,"{12089567,16764831,16764843}",Pandas-v3
2024-01-09 10:09:00,bot,free-course-pandas,"{12089567,16764831,16764843}",Pandas-pre
2024-01-09 10:09:00,bot,free-course-pandas,"{12089567,16764831,16764843}",Pandas-v3
2024-01-09 12:10:00,unisender,email,{17212651},НГ-Консультация
2023-12-18 18:03:00,vkontakte,cpc,{16957229},Pandas
2024-01-09 21:58:00,bot,analytics-pandas-python,"{15557477,16767411}",Pandas-v3
2024-01-09 21:58:00,bot,analytics-pandas-python,"{15557477,16767411}",Pandas-v3
2023-12-18 18:03:00,vkontakte,cpc,{16957229},Pandas
2024-01-14 13:21:00,bot,testovoe-ozon,{16001333},Кейс-АЦ
2023-12-18 19:23:00,telegram,,"{16003565,16764873,17290925,17553527,17829067,19544884,19867361,20886197,24161655,24395845}",Pandas
2024-01-16 11:33:00,telegram,bot-send,"{16003565,16764873,17290925,17553527,17829067,19544884,19867361,20886197,24161655,24395845}",Pandas-v3
2024-01-16 11:51:00,unisender,email,"{17150867,17177837}",Pandas-pre
2024-01-17 11:00:00,,,{17264537},Pandas-v3
2024-02-20 14:08:00,unisender,email,{9832301},Workshop-RFM
2024-03-09 08:04:00,telegram,social,{16770865},08.03.2024
2024-06-09 08:16:00,unisender,email,"{5809177,16767187,16767203}",web_13_06
2024-06-11 17:50:00,,,"{17146903,20603317}",web_13_06
2024-06-23 09:01:00,unisender,email,{15921957},Ozon-25-06
2024-07-03 11:43:00,telegram,social,{16031367},PRODUCT-TEST-START
2024-07-22 09:12:00,telegram,social,{11789383},web_23_07
2024-10-23 16:10:00,telegram,paid-placement,{16996099},web-2310
2024-11-08 08:37:00,telegram,paid-placement,{16742527},web-1211
2024-11-08 08:37:00,unisender,email,"{2200671,5806435,18084533,20586583}",web-1211
2024-11-08 08:37:00,telegram,bot-send,{15569467},web-1211
2024-11-08 08:41:00,unisender,email,"{15545853,20697223}",web-1211
2024-11-02 09:17:00,telegram,bot-send,{16077105},web-0611
2024-11-14 00:14:00,telegram,bot-send,"{10421587,12718265,22965161}",web-1211
2024-11-14 00:14:00,telegram,social,"{17143617,20730839}",web-1211
2024-11-18 16:49:00,telegram,social,"{15924193,17108465,22058459}",HARD-SQL
2024-11-18 16:49:00,telegram,social,"{15924193,17108465,22058459}",HARD-SQL
2024-11-18 17:01:00,telegram,social,"{16228633,16771429}",HARD-SQL
2024-11-18 17:01:00,telegram,social,"{16228633,16771429}",HARD-SQL
2024-11-18 17:01:00,telegram,social,"{16228633,16771429}",HARD-SQL
2024-11-22 10:52:00,telegram,social,{10945781},web-2611
2024-12-26 20:37:00,telegram,bot-send,{16541723},web-2412
2024-11-02 09:47:00,telegram,bot-send,"{16549177,20634357}",web-0611
2025-01-01 15:22:00,telegram,social,"{9349901,18448353}",Python-FREE
2025-01-02 09:44:00,advent,article,{16820111},6 каверз
2025-01-16 22:14:00,telegram,bot,"{9343497,22856197,25323757}",Demo
2024-11-08 08:44:00,telegram,bot-send,{16003203},web-1211
2024-11-08 08:45:00,telegram,bot-send,{16054019},web-1211
2024-11-14 00:19:00,telegram,social,"{16281907,16792385}",web-1211
2024-11-14 00:35:00,unisender,email,"{9343497,22856197,25323757}",web-1211
2024-03-07 05:25:00,telegram,social,"{17064877,17101475}",HARD-SQL
2024-03-27 12:55:00,unisender,email,{11264135},tinkoff-1
2024-04-03 07:48:00,bloger,post,"{16762221,16954607}",Оплата
2024-04-04 11:53:00,unisender,email,"{9349901,18448353}",abc-portfolio
2024-04-05 07:09:00,vk_ads,cpm,"{16766403,17180005,18352763,18371345,18522335}",Workshop-RFM
2024-04-06 00:57:00,unisender,email,"{16570977,18237375}",SPEC-DA-TEST
2024-04-16 08:21:00,unisender,email,"{5809177,16767187,16767203}",SQL-16-04-24
2024-11-26 16:50:00,unisender,email,"{16784957,20490049}",web-2611
2024-04-26 11:11:00,telegram,bot-send,{15417229},SPEC-DA-TEST-START
2024-04-26 11:17:00,telegram,bot-send,{15417229},SPEC-DA-TEST-START
2024-04-26 13:57:00,instagram,cpa,"{11792445,16764207}",Workshop-RFM
2024-05-03 15:26:00,devsp,,{15569323},Workshop-RFM
2024-05-16 09:25:00,telegram,social,{16238231},Select-Materials
2024-06-05 10:30:00,telegram,bot-send,"{15969863,18953713}",plan-python
2024-06-09 09:19:00,telegram,social,"{16275885,17101289}",web_13_06
2024-06-09 10:12:00,unisender,email,"{17147401,17177859}",web_13_06
2024-06-09 10:45:00,telegram,social,"{16002965,18672699}",web_13_06
2024-06-09 10:45:00,telegram,social,"{16002965,18672699}",web_13_06
2024-06-09 10:58:00,telegram,bot-send,"{16561367,16766579,16864685,19270727}",web_13_06
2024-06-09 11:09:00,telegram,bot-send,"{10331397,16761959}",web_13_06
2024-06-09 11:25:00,telegram,social,{16766665},web_13_06
2024-06-09 12:45:00,telegram,social,"{15938237,16761965}",web_13_06
2024-06-09 14:19:00,telegram,bot-send,{16200535},web_13_06
2024-06-09 14:19:00,telegram,bot-send,{16200535},web_13_06
2024-06-09 14:19:00,telegram,bot-send,{16200535},web_13_06
2024-12-21 18:05:00,telegram,bot-send,{17034101},web-2412
2024-06-09 14:58:00,telegram,bot-send,"{15667785,18847199,19503222}",web_13_06
2024-06-09 14:59:00,telegram,bot-send,"{15667785,18847199,19503222}",web_13_06
2024-06-09 15:46:00,telegram,bot-send,{12488361},web_13_06
2024-06-09 16:26:00,unisender,email,{5986731},web_13_06
2024-06-09 17:36:00,telegram,social,{12349789},web_13_06
2024-06-09 17:50:00,telegram,social,{16104917},DA-TEST-START
2024-06-09 17:53:00,unisender,email,"{16520771,21705141}",Блог
2024-06-09 17:54:00,,,"{16520771,21705141}",Материалы
2024-06-09 18:27:00,telegram,social,{16104917},DA-TEST
2024-06-09 18:56:00,unisender,email,"{16002315,17136577,18651907,18658731,19040861}",web_13_06
2024-06-09 18:58:00,telegram,social,{16104917},6 каверз
2024-06-09 19:10:00,unisender,email,"{16013171,16762871}",web_13_06
2024-06-09 19:11:00,telegram,bot-send,{13166349},web_13_06
2024-06-09 20:47:00,telegram,bot-send,{17173405},web_13_06
2024-06-10 01:03:00,telegram,social,{12367367},web_13_06
2024-06-10 02:33:00,unisender,email,"{16815989,19322542,20014965}",web_13_06
2024-06-10 02:40:00,telegram,social,"{16815989,19322542,20014965}",plan-python
2024-06-10 02:41:00,telegram,bot-send,"{16815989,19322542,20014965}",plan-python
2024-06-10 05:22:00,telegram,social,"{16228633,16771429}",web_13_06
2024-06-10 05:22:00,telegram,social,"{16228633,16771429}",web_13_06
2025-01-17 19:08:00,telegram,bot-send,{10419305},web-2101
2024-06-10 07:59:00,telegram,bot-send,"{16084821,20106453}",web_13_06
2024-06-10 08:18:00,unisender,email,"{17123457,17541177,18678281,21487554}",Python-FREE
2024-06-10 08:19:00,telegram,bot-send,"{17123457,17541177,18678281,21487554}",web_13_06
2024-06-10 08:35:00,telegram,bot-send,"{8597793,15922723,17127455}",Python-FREE
2024-06-10 08:40:00,telegram,bot-send,{11807293},Экскурсия
2024-06-10 08:57:00,telegram,bot-send,"{16531341,16775575}",web_13_06
2024-06-10 11:22:00,unisender,email,{16816361},20ideas
2024-06-10 12:14:00,telegram,social,"{8358657,16574417}",Python-FREE
2024-06-10 12:36:00,telegram,social,"{5693721,16690195,18716943}",web_13_06
2024-06-10 13:10:00,telegram,social,"{17064877,17101475}",Студент
2024-06-10 16:38:00,telegram,social,{15378039},ROADMAP
2024-06-10 16:40:00,telegram,social,{15378039},plan-python
2024-06-10 17:37:00,unisender,email,{15577061},Python-FREE
2024-06-11 06:46:00,unisender,email,{16529727},student-project
2024-06-11 06:46:00,unisender,email,{15577061},student-project
2024-06-11 06:46:00,unisender,email,{16784739},student-project
2024-06-11 06:48:00,unisender,email,"{5809177,16767187,16767203}",student-project
2024-06-11 06:49:00,unisender,email,"{17123457,17541177,18678281,21487554}",student-project
2024-06-11 07:07:00,unisender,email,{17005839},student-project
2024-06-11 07:14:00,unisender,email,{5825207},student-project
2024-06-11 07:24:00,telegram,bot-send,{16091907},student-project
2024-06-11 07:24:00,telegram,bot-send,"{16743379,19453462,21000955}",student-project
2024-06-11 07:25:00,telegram,bot-send,"{16011643,16871171,19092417}",student-project
2024-06-11 07:26:00,telegram,bot-send,{15556555},student-project
2024-06-11 07:27:00,telegram,bot-send,"{16003159,18616975}",web_13_06
2024-06-11 07:28:00,telegram,bot-send,{17130693},student-project
2024-06-11 07:28:00,telegram,bot-send,{17130693},student-project
2024-06-11 07:29:00,unisender,email,"{16561769,17099415}",student-project
2024-06-11 07:29:00,telegram,bot-send,{16857289},student-project
2024-06-11 07:33:00,telegram,bot-send,"{15356727,17100247}",student-project
2024-06-11 07:44:00,telegram,bot-send,"{2200671,5806435,18084533,20586583}",student-project
2024-06-11 07:51:00,unisender,email,{832697},student-project
2024-06-11 08:28:00,telegram,bot-send,"{15931977,16764213}",student-project
2024-06-11 14:47:00,telegram,bot-send,{15922359},web_13_06
2024-06-12 20:52:00,telegram,paid-placement,{16853135},web_13_06
2024-06-13 05:40:00,unisender,email,{12022681},student-project
2024-10-15 15:55:00,unisender,email,"{16775127,16980287}",web-power-bi
2025-01-13 16:21:00,telegram,paid-placement,{10419305},web-1401
2023-12-19 16:03:00,unisender,email,"{15889391,16766247,19329846,20771041}",Pandas-pre
2025-01-14 15:03:00,telegram,social,"{16789571,18175055}",web-1401
2023-12-19 16:15:00,bot,free-course-pandas,{16463705},Pandas-v1
2025-01-14 17:11:00,telegram,paid-placement,"{17146579,24244743}",web-2412
2025-01-23 09:23:00,telegram,bot-send,{15588591},portfolio ideas
2025-01-23 16:03:00,telegram,paid-placement,{15922897},autoweb-yandex
2025-01-28 15:56:00,unisender,email,"{10331397,16761959}",web-2801
2024-02-08 06:58:00,unisender,email,{16740831},6 каверз
2024-04-16 09:37:00,unisender,email,{6953413},Python-FREE
2024-06-13 16:04:00,telegram,bot-send,"{8597793,15922723,17127455}",web_13_06
2024-06-13 16:31:00,unisender,email,{16740831},web_13_06
2024-06-14 04:29:00,telegram,bot-send,{13166349},web_13_06
2024-06-17 12:29:00,unisender,email,{9832301},КАРЬЕРНЫЙ
2024-06-17 12:31:00,telegram,paid-placement,"{16572479,17133213}",КАРЬЕРНЫЙ
2024-06-17 12:32:00,telegram,paid-placement,{2494413},КАРЬЕРНЫЙ
2024-06-17 12:35:00,telegram,paid-placement,"{15621747,16768801}",КАРЬЕРНЫЙ
2024-06-17 12:39:00,telegram,paid-placement,{16003161},КАРЬЕРНЫЙ
2024-06-17 13:03:00,telegram,bot-send,"{15581307,18895045,25753591}",КАРЬЕРНЫЙ
2024-06-23 08:44:00,telegram,bot-send,"{15950709,16529323,16770067}",Ozon-25-06
2024-06-25 11:07:00,unisender,email,"{15928337,19015561,19024235}",Ozon-25-06
2024-06-25 15:59:00,unisender,email,"{16003335,16767837}",Ozon-25-06
2024-06-25 18:02:00,youtube,webinar,{16788821},Оплата
2024-07-09 15:57:00,telegram,social,{15930477},web_09_07
2024-07-09 15:57:00,unisender,email,"{5983741,16765093}",web_09_07
2024-07-09 16:01:00,unisender,email,{11989079},web_09_07
2024-07-09 16:01:00,telegram,bot-send,{16531725},web_09_07
2024-07-09 16:02:00,telegram,bot-send,{16003201},web_09_07
2024-07-09 16:03:00,telegram,social,{15378039},web_09_07
2024-07-09 16:05:00,telegram,bot-send,{15929783},web_09_07
2024-07-09 16:41:00,telegram,bot-send,"{16281907,16792385}",web_09_07
2024-07-09 17:08:00,telegram,bot-send,"{16784957,20490049}",web_09_07
2024-07-09 17:10:00,telegram,bot-send,{16489279},web_09_07
2024-07-09 17:11:00,telegram,social,"{15916041,18583517}",web_09_07
2024-07-09 17:25:00,telegram,bot-send,"{16784957,20490049}",web_09_07
2024-07-09 18:08:00,telegram,social,"{15924193,17108465,22058459}",web_09_07
2024-07-10 13:13:00,telegram,social,{11766391},Python-FREE
2024-07-10 13:15:00,telegram,social,"{8358657,16574417}",Python-FREE
2024-07-10 13:16:00,vkontakte,social,{11074775},Python-FREE
2024-07-10 14:11:00,telegram,social,{14763967},Python-FREE
2024-07-10 15:46:00,telegram,social,"{16003565,17553527,17829067,20886197,22364977,23647487,24161655}",Python-FREE
2024-07-11 13:24:00,unisender,email,{16749391},PRODUCT-TEST-START
2024-07-11 16:07:00,telegram,social,{9327543},Python-FREE
2024-07-12 07:39:00,admitad,,{13166349},Python-FREE
2024-07-12 13:27:00,telegram,social,"{17146035,17191367}",Python-FREE
2024-07-15 13:55:00,telegram,social,{17005839},abc-portfolio
2024-07-16 19:09:00,telegram,social,"{17151787,17558471,21456436,21502670,21566010}",Python-FREE
2024-07-19 12:50:00,telegram,bot-send,{16122975},web_23_07
2024-07-22 04:58:00,telegram,bot-send,"{16001545,17165757}",web_23_07
2024-07-22 15:50:00,telegram,paid-placement,{15569323},web_23_07
2024-07-23 07:03:00,unisender,email,"{15948581,16764269}",web_23_07
2024-08-05 11:45:00,unisender,email,{5824941},web-resume
2024-08-05 16:45:00,telegram,social,"{17146215,17146219,17177795}",Студент
2024-08-06 16:03:00,unisender,email,{12349789},web-resume
2024-08-06 16:32:00,telegram,social,"{17064877,17101475}",web-resume
2024-08-06 17:33:00,unisender,email,{16765561},web-resume
2024-08-18 13:59:00,unisender,email,{16561627},intensive-analyst
2024-08-20 16:23:00,telegram,social,"{9164281,17166441}",intensive-analyst
2024-08-20 16:26:00,telegram,social,"{16789437,16819743}",intensive-analyst
2024-08-20 16:41:00,telegram,bot-send,"{15995043,16764165,18222859}",intensive-analyst
2024-08-20 16:50:00,telegram,paid-placement,{17070179},intensive-analyst
2024-08-21 11:43:00,telegram,bot-send,{15417229},plan-python
2024-08-21 13:49:00,unisender,email,"{17146799,17328989}",plan-python
2024-08-24 14:31:00,bloger,post,"{16570977,18237375}",intensive-analyst
2024-08-26 14:21:00,unisender,email,"{17154281,18638507}",Консультация
2024-09-10 18:04:00,bloger,post,"{15539937,16762403}",become-analyst
2024-09-13 09:09:00,telegram,social,{2494413},become-bi
2024-09-13 14:46:00,unisender,email,"{11418857,20595651}",become-bi
2024-09-13 16:53:00,Unisender,email,"{16775127,16980287}",become-bi
2024-09-13 18:41:00,unisender,email,{5801075},become-bi
2024-09-13 22:31:00,telegram,bot-send,"{16267739,19910637,22930899}",Студент
2024-09-16 17:53:00,bloger,post,{17150061},become-bi
2023-12-19 16:31:00,bot,testovoe-ozon,"{5802551,18648021}",Pandas-pre
2024-09-24 08:02:00,telegram,bot-send,{11989079},web-2409
2024-10-09 04:16:00,telegram,social,"{5848071,20887407}",web-geo-analyt
2024-10-10 10:58:00,unisender,email,"{15539937,16762403}",web-power-bi
2024-10-10 15:47:00,telegram,bot-send,"{15933065,16754539}",web-power-bi
2024-10-10 20:00:00,telegram,bot-send,"{16552793,17148487}",web-power-bi
2024-10-19 05:38:00,telegram,paid-placement,"{16002965,18672699}",web-power-bi
2024-10-21 15:29:00,unisender,email,{7366116},web-2310
2024-10-23 10:59:00,telegram,bot-send,{16864421},web-2310
2024-10-24 16:23:00,telegram,social,{6953413},Консультация
2024-10-29 16:07:00,telegram,bot-send,"{16013171,16762871}",web-2910
2024-11-02 09:01:00,telegram,social,{13904427},web-0611
2024-11-02 17:39:00,telegram,social,"{16003159,18616975}",web-0611
2024-11-08 08:43:00,telegram,bot-send,"{5840561,16823375,17195057}",web-1211
2024-11-08 08:48:00,telegram,bot-send,{2494413},web-1211
2024-11-08 16:06:00,telegram,social,"{16281907,16792385}",web-1211
2024-11-08 16:06:00,telegram,social,"{16281907,16792385}",web-1211
2024-11-08 16:06:00,unisender,email,"{11088915,12130285}",web-1211
2024-11-09 09:47:00,telegram,paid-placement,{6513319},web-1211
2024-11-13 23:02:00,telegram,social,"{16552793,17148487}",web-1211
2024-11-14 00:15:00,telegram,bot-send,{15959983},web-1211
2024-11-14 00:15:00,telegram,social,"{15208695,17145269,21719045}",web-1211
2024-11-14 00:17:00,telegram,bot-send,"{10421587,12718265,22965161}",web-1211
2024-11-14 00:17:00,telegram,social,"{7710743,14717267}",web-1211
2024-11-14 00:18:00,telegram,social,"{7710743,14717267}",web-1211
2024-11-14 00:18:00,telegram,social,"{7710743,14717267}",web-1211
2024-11-14 00:18:00,bloger,post,"{17064877,17101475}",web-1211
2024-11-14 00:19:00,bloger,post,"{16259985,16762065,19576502,24830799}",web-1211
2024-11-14 00:21:00,telegram,social,"{16017013,16532045,18912267}",web-1211
2024-11-20 13:01:00,telegram,bot-send,"{17150165,18698663}",Кейс-АЦ
2024-11-26 16:38:00,telegram,bot-send,{5807709},web-2611
2024-12-14 09:01:00,telegram,social,"{2200671,5806435,18084533,20586583}",web-1712
2024-12-20 18:29:00,unisender,email,"{15927075,16695207,16773339,17310203,17631349,18418999,23553585}",web-2412
2024-12-24 17:24:00,telegram,social,{15538843},web-2412
2024-02-08 08:01:00,telegram,social,{12367367},6 каверз
2024-08-20 17:16:00,bloger,post,"{16259985,16762065,19576502,24830799}",intensive-analyst
2024-08-20 17:19:00,webinar,livedigital,{16397299},intensive-analyst
2024-08-20 17:22:00,telegram,bot-send,{16442961},intensive-analyst
2024-08-20 17:49:00,telegram,bot-send,{14728903},intensive-analyst
2024-08-20 17:53:00,bloger,post,"{5848071,20887407}",intensive-analyst
2024-08-20 17:54:00,bloger,post,"{17154281,18638507}",intensive-analyst
2024-08-20 17:58:00,telegram,bot-send,{14728903},intensive-analyst
2024-08-20 17:59:00,telegram,bot-send,{14728903},intensive-analyst
2024-09-06 13:52:00,telegram,social,"{3817811,12210285,18900811,19630602}",become-analyst
2024-09-13 23:16:00,unisender,email,{15930551},become-bi
2024-09-14 19:28:00,telegram,paid-placement,{17163457},plan-python
2024-09-17 06:18:00,unisender,email,{16769049},become-bi
2024-09-17 07:38:00,telegram,social,{15996447},plan-python
2024-09-17 10:40:00,unisender,email,"{16552793,17148487}",become-bi
2024-09-17 11:55:00,bloger,post,{12367367},become-bi
2024-10-29 16:04:00,telegram,social,"{17151209,19295911,21692221}",web-2910
2024-11-02 09:05:00,unisender,email,"{16784197,17303493}",web-0611
2024-11-05 14:50:00,unisender,email,"{5814679,20781819}",web-0611
2024-11-08 16:34:00,telegram,paid-placement,"{16002315,17136577,18651907,18658731,19040861}",web-1211
2024-11-08 16:43:00,telegram,paid-placement,"{16003791,16767769}",web-1211
2024-11-08 16:43:00,telegram,paid-placement,"{16003791,16767769}",web-1211
2024-11-13 22:55:00,telegram,bot-send,"{16011643,19950481,20319115}",web-1211
2024-11-13 23:45:00,telegram,bot-send,{16256923},web-1211
2024-11-13 23:55:00,telegram,bot-send,"{15621747,16768801}",web-1211
2024-11-14 12:15:00,unisender,email,{12262075},Консультация
2024-12-04 16:19:00,telegram,bot-send,{16257235},web-0412
2024-12-24 16:06:00,telegram,social,"{15950709,16529323,16770067}",web-2412
2025-01-13 14:55:00,telegram,bot-send,"{17123865,17560467,18878981}",web-1401
2025-01-14 16:02:00,telegram,bot-send,{17177205},web-1401
2025-01-14 16:09:00,telegram,bot-send,{16045707},web-1401
2025-01-16 15:57:00,telegram,social,"{9343497,22856197,25323757}",Ads-metrics
2025-01-16 16:27:00,telegram,bot,{17150971},advent
2025-01-24 05:26:00,unisender,email,{12262075},portfolio ideas
2025-01-24 08:18:00,telegram,bot-send,{16764879},web-2801
2025-01-24 08:28:00,telegram,bot-send,"{15995043,16764165,18222859}",web-2801
2025-01-24 08:28:00,telegram,social,{15922633},portfolio ideas
2025-01-24 08:29:00,unisender,email,{5807709},web-2801
2025-01-24 08:29:00,unisender,email,{5807709},web-2801
2025-01-24 08:33:00,unisender,email,"{15667785,18847199,19503222}",web-1401
2025-01-24 08:34:00,unisender,email,"{15667785,18847199,19503222}",web-1401
2025-01-24 09:48:00,telegram,bot-send,{16788821},web-2801
2023-12-20 12:06:00,unisender,email,{16527467},Pandas-pre
2023-12-20 16:30:00,telegram,,"{16774081,17032641}",Pandas-v1
2023-12-22 14:13:00,unisender,email,{15744043},Pandas-v1
2024-01-04 06:28:00,bot,events-simulative,{16842355},Pandas-v2
2024-01-04 06:28:00,bot,events-simulative,{16842355},Pandas-v2
2024-01-16 11:15:00,telegram,bot-send,{15959625},Pandas-v3
2024-01-16 11:33:00,telegram,bot-send,"{16003565,16764873,17290925,17553527,17829067,19544884,19867361,20886197,24161655,24395845}",Pandas-v3
2024-01-24 11:52:00,telegram,bot-send,"{16003791,16767769}",Workshop-RFM
2024-06-24 13:04:00,telegram,social,"{15916041,18583517}",Ozon-25-06
2024-09-15 08:48:00,telegram,bot-send,"{15545853,20697223}",become-bi
2024-09-15 10:41:00,telegram,paid-placement,{17163457},plan-python
2024-09-15 19:27:00,yandex,cpc,"{17104677,17569777}",plan-python
2024-09-16 07:37:00,yandex,cpc,{15959983},plan-python
2024-09-17 14:40:00,telegram,social,{5799759},become-bi
2024-09-17 14:55:00,telegram,bot-send,"{10787621,16772781}",become-bi
2024-09-17 15:53:00,telegram,bot-send,{16397299},become-bi
2024-09-17 15:59:00,telegram,social,{11989079},become-bi
2024-09-17 16:01:00,bloger,post,{16741325},become-bi
2024-09-17 16:01:00,telegram,bot-send,"{11787181,12343743,25212617}",become-bi
2024-09-17 16:03:00,telegram,social,{16238231},become-bi
2024-09-17 16:04:00,telegram,bot-send,{17060195},become-bi
2024-09-17 16:05:00,unisender,email,"{17154281,18638507}",become-bi
2024-09-17 16:06:00,Unisender,email,"{16775127,16980287}",become-bi
2024-09-17 16:06:00,telegram,bot-send,"{16056423,16769383}",become-bi
2024-09-17 16:06:00,telegram,bot-send,{17150093},become-bi
2024-09-17 16:07:00,telegram,social,{16442961},become-bi
2024-09-17 16:09:00,unisender,email,"{16002965,18672699}",become-bi
2024-09-17 16:09:00,bloger,post,"{15916041,18583517}",become-bi
2024-09-17 16:10:00,bloger,post,"{15916041,18583517}",become-bi
2024-09-17 16:13:00,telegram,social,"{7710743,14717267}",become-bi
2024-09-17 16:14:00,bloger,post,"{15916041,18583517}",become-bi
2024-09-17 16:19:00,telegram,social,"{17151209,19295911,21692221}",become-bi
2024-09-17 16:20:00,telegram,bot-send,"{9164281,17166441}",become-bi
2024-09-17 16:24:00,unisender,email,"{16259985,16762065,19576502,24830799}",become-bi
2024-09-17 16:26:00,telegram,bot-send,"{16784957,20490049}",become-bi
2024-09-17 16:28:00,telegram,bot-send,{5801595},become-bi
2024-09-17 16:36:00,unisender,email,"{16259985,16762065,19576502,24830799}",become-bi
2024-09-17 16:45:00,webinar,livedigital,"{17151209,19295911,21692221}",become-bi
2024-09-17 16:46:00,unisender,email,"{16259985,16762065,19576502,24830799}",become-bi
2024-09-17 16:46:00,telegram,bot-send,"{15946775,16785195,17577077}",become-bi
2024-09-17 16:51:00,unisender,email,"{15889391,16766247,19329846,20771041}",become-bi
2024-09-17 16:51:00,bloger,post,"{16561641,17151733}",become-bi
2024-09-17 16:55:00,unisender,email,"{16259985,16762065,19576502,24830799}",become-bi
2024-09-24 09:29:00,telegram,bot-send,"{15931977,16764213}",web-2409
2024-10-04 14:25:00,telegram,bot-send,"{15895095,21196294,21339476}",lottery
2024-10-04 15:14:00,telegram,bot-send,"{15895095,16011643,19032967}",web-geo-analyt
2024-10-15 15:54:00,telegram,bot-send,"{16741423,18595441}",web-geo-analyt
2024-10-16 00:57:00,telegram,bot-send,"{15942213,16974953,20010059}",web-power-bi
2024-10-16 04:02:00,unisender,email,"{7710743,14717267}",Консультация
2024-04-12 18:28:00,,,{15932451},Python-FREE
2024-10-16 08:52:00,telegram,social,{16769049},web-power-bi
2024-11-14 00:04:00,unisender,email,{5807709},web-1211
2025-01-03 14:40:00,site,,"{7710743,14717267}",DA-TEST-START
2024-01-04 07:55:00,bot,events-simulative,"{12578989,18222813}",Pandas-pre
2025-01-05 11:20:00,telegram,bot-send,{6953413},advent
2025-01-28 16:05:00,telegram,social,{16008929},web-2801
2024-01-04 07:55:00,bot,events-simulative,"{12578989,18222813}",Pandas-v2
2024-01-04 07:56:00,bot,events-simulative,"{12578989,18222813}",Pandas-v2
2024-01-04 07:58:00,unisender,email,"{15948581,16764269}",Pandas-v2
2024-01-04 08:19:00,unisender,email,{16740831},Pandas-pre
2024-01-04 08:20:00,unisender,email,{16740831},Pandas-v2
2024-01-04 08:40:00,unisender,email,{5801075},Pandas-pre
2024-01-04 08:40:00,unisender,email,{5801075},Pandas-v2
2024-01-03 12:11:00,bot,free-course-pandas,{15989583},Pandas-v2
2024-01-04 08:57:00,Unisender,email,"{16748663,17100103}",Pandas-v2
2024-01-04 09:00:00,bot,events-simulative,{5804501},Pandas-pre
2024-02-08 08:15:00,telegram,social,{16511641},6 каверз
2024-02-08 08:20:00,telegram,social,"{17220445,17493701}",6 каверз
2024-02-08 08:23:00,telegram,social,"{17220445,17493701}",6 каверз
2024-03-19 10:36:00,telegram,social,"{16002555,16784777}",Ads-metrics
2024-04-04 18:50:00,,,{15932451},abc-portfolio
2024-06-24 08:06:00,telegram,social,{15539831},Ozon-25-06
2024-07-17 13:55:00,telegram,paid-placement,"{17147699,17428973,17428975,18451713}",ROADMAP
2024-07-17 14:07:00,telegram,paid-placement,"{15548445,17102057}",ROADMAP
2024-08-20 18:00:00,webinar,livedigital,{16397299},intensive-analyst
2024-08-20 18:01:00,unisender,email,{11989079},intensive-analyst
2024-01-04 09:13:00,,,"{16748663,17100103}",Pandas-v2
2024-08-20 18:18:00,telegram,bot-send,"{16785101,17610155}",web_09_07
2024-08-20 18:22:00,bloger,post,{15943559},intensive-analyst
2024-08-20 19:02:00,telegram,bot-send,{9832301},intensive-analyst
2024-08-20 19:40:00,telegram,bot-send,{9832301},intensive-analyst
2024-08-20 19:45:00,telegram,bot-send,{9832301},intensive-analyst
2024-08-20 19:50:00,telegram,bot-send,{9832301},intensive-analyst
2024-08-20 22:17:00,telegram,social,{12367367},intensive-analyst
2024-09-10 08:09:00,telegram,bot-send,"{16815989,19322542,20014965}",become-analyst
2024-09-16 09:33:00,bloger,post,"{15922439,19436980,20455897}",become-bi
2024-09-16 09:35:00,unisender,email,{9327543},become-bi
2024-09-16 10:07:00,bloger,post,"{15927075,16695207,16773339,17310203,17631349,18418999,23553585}",become-bi
2024-09-16 10:49:00,bloger,post,{15930477},become-bi
2024-09-16 11:37:00,bloger,post,"{16531399,16771081}",become-bi
2024-09-16 13:08:00,bloger,post,"{15916041,18583517}",become-bi
2024-01-04 09:37:00,unisender,email,"{16520771,21705141}",Pandas-pre
2024-09-17 17:19:00,bloger,post,{5825207},become-bi
2024-09-17 17:21:00,webinar,livedigital,{16442961},become-bi
2024-09-17 17:34:00,bloger,post,"{16013171,16762871}",become-bi
2024-09-17 17:57:00,unisender,email,{10945781},become-bi
2024-01-04 09:37:00,unisender,email,"{16520771,21705141}",Pandas-v2
2024-10-16 18:23:00,yandex,cpc,{11789383},20ideas
2024-10-17 16:28:00,telegram,bot-send,{15932451},web-power-bi
2024-01-04 10:06:00,unisender,email,"{5802551,18648021}",Pandas-pre
2024-01-04 10:06:00,unisender,email,"{5802551,18648021}",Pandas-v2
2025-01-17 12:45:00,telegram,bot-send,{11587469},web-2101
2025-01-21 13:02:00,unisender,email,{16816361},web-2101
2025-01-24 07:15:00,telegram,social,{16008929},web-2801
2025-01-24 12:23:00,telegram,bot-send,{17060195},web-2801
2024-04-11 08:50:00,telegram,social,{15923745},ROADMAP
2024-04-11 18:58:00,unisender,email,"{11088915,12130285}",ROADMAP
2024-04-14 11:07:00,unisender,email,"{17151345,17232163,19399386}",Python-FREE
2024-04-14 11:08:00,unisender,email,"{17151345,17232163,19399386}",ROADMAP
2024-04-14 17:59:00,instagram,cpa,"{16773339,17310203}",Workshop-RFM
2024-04-14 18:38:00,partner,itresume,"{5693721,16690195,18716943}",Workshop-RFM
2024-04-14 19:00:00,unisender,email,"{16766403,17180005,18381355}",ROADMAP
2024-04-14 19:02:00,unisender,email,"{16170213,16978525}",Python-FREE
2024-04-15 13:02:00,unisender,email,{5801075},Python-FREE
2024-04-16 09:28:00,telegram,bot-send,"{16011643,16871171,19092417}",SQL-16-04-24
2024-04-16 09:56:00,telegram,bot-send,{14712829},SQL-16-04-24
2023-12-19 12:19:00,unisender,email,"{15948581,16764269}",Pandas-v1
2023-12-19 12:20:00,unisender,email,"{15549745,16778589}",Pandas-v1
2023-12-19 12:21:00,unisender,email,"{15549745,16778589}",Pandas-v1
2023-12-19 12:27:00,unisender,email,"{11014471,18361379}",Pandas-pre
2023-12-19 12:27:00,unisender,email,"{11014471,18361379}",Pandas-v1
2023-12-19 12:28:00,telegram,,{16033989},Pandas-pre
2023-12-19 14:24:00,bot,events-simulative,"{16893085,18609873,19990099}",Pandas-pre
2023-12-19 14:24:00,bot,events-simulative,"{16893085,18609873,19990099}",Pandas-v1
2023-12-19 14:25:00,unisender,email,{16769049},Pandas-v1
2023-12-19 14:25:00,bot,events-simulative,{16847909},Pandas-VIP
2023-12-19 14:38:00,bot,testovoe-ozon,"{16775127,16980287}",Pandas-v1
2023-12-19 14:44:00,bot,events-simulative,{16762351},Pandas-v1
2023-12-19 14:44:00,bot,events-simulative,{15378039},Pandas-v1
2023-12-19 16:03:00,unisender,email,"{15889391,16766247,19329846,20771041}",Pandas-v1
2023-12-25 11:10:00,bot,testovoe-ozon,"{16691305,16798093}",Sber-Веб
2024-04-16 14:55:00,telegram,social,"{15942213,16974953,20010059}",SQL-16-04-24
2023-12-31 16:18:00,bot,testovoe-ozon,{16057487},НГ-Оплата
2023-12-31 17:06:00,telegram,bot,{17167117},Экскурсия
2024-01-05 07:04:00,unisender,email,"{16228633,16771429}",Pandas-v2
2024-01-24 11:55:00,telegram,bot-send,{17167117},Workshop-RFM
2024-01-24 11:56:00,telegram,bot-send,{17167117},Workshop-RFM
2024-01-24 13:33:00,telegram,social,{5825207},Workshop-RFM
2024-02-19 14:46:00,telegram,bot-send,"{16002315,17136577,18651907,18658731,19040861}",Workshop-RFM
2024-02-21 09:22:00,vkontakte,social,"{15938237,16761965}",HARD-SQL
2024-03-05 12:12:00,telegram,bot-send,{16764267},ROADMAP
2024-03-05 16:42:00,telegram,bot-send,{17150093},ROADMAP
2024-03-12 09:48:00,telegram,social,{17099405},20ideas
2024-03-12 09:57:00,unisender,email,"{17141409,18672391}",20ideas
2024-04-05 14:04:00,telegram,social,{15927495},SPEC-DA-TEST-START
2024-04-17 14:07:00,unisender,email,"{17151209,19295911,21692221}",SQL-16-04-24
2024-04-17 15:44:00,telegram,social,{15927495},SPEC-DA-TEST-START
2024-04-11 10:57:00,unisender,email,{16769049},ROADMAP
2024-04-18 17:28:00,,,"{16739833,24522659}",DA-TEST
2024-04-19 09:07:00,Unisender,email,{17167117},SPEC-DA-TEST-START
2024-05-09 13:22:00,instagram,cpa,{17130693},Workshop-RFM
2024-04-19 09:22:00,Unisender,email,{16005629},SPEC-DA-TEST
2024-04-19 09:31:00,Unisender,email,"{5809177,16767187,16767203}",SPEC-DA-TEST-START
2024-05-10 08:35:00,telegram,bot-send,"{8597793,15922723,17127455}",СОБЕС-ДЕМО
2024-05-10 09:31:00,telegram,social,"{16531341,16775575}",СОБЕС-ДЕМО
2024-04-19 09:34:00,Unisender,email,"{5809177,16767187,16767203}",SPEC-DA-TEST
2024-05-10 11:45:00,telegram,social,"{17064877,17101475}",Студент
2024-06-09 08:01:00,vkontakte,social,{17177743},web_13_06
2024-09-04 09:02:00,telegram,social,"{15950709,16529323,16770067}",become-analyst
2024-09-04 10:05:00,unisender,email,"{17147401,17177859}",become-analyst
2024-09-04 10:48:00,telegram,social,"{17151209,19295911,21692221}",become-analyst
2024-03-08 11:45:00,telegram,bot-send,"{15548959,16763825,18256737,19434630}",08.03.2024
2024-09-19 16:20:00,unisender,email,{5801075},web_23_07
2024-09-19 17:12:00,unisender,email,{16463705},CAREERCONS
2024-10-18 09:31:00,telegram,bot-send,{16077105},web-2310
2024-10-18 09:31:00,telegram,bot-send,{15588591},web-2310
2024-10-18 09:34:00,telegram,social,{10419305},Select-Materials
2024-10-18 09:35:00,telegram,social,"{16275885,17101289}",web-2310
2024-10-18 09:36:00,telegram,bot-send,{10419305},plan-python
2024-06-21 18:31:00,telegram,bot-send,{17060195},МК-Python
2024-10-18 09:37:00,telegram,bot-send,{16238231},web-2310
2024-10-18 09:37:00,telegram,social,{17150061},web-2310
2024-10-18 09:40:00,telegram,bot-send,{15538843},web-2310
2024-10-18 09:42:00,telegram,bot-send,{11989079},web-2310
2024-10-18 09:45:00,telegram,social,{5804501},web-2310
2024-10-18 09:47:00,telegram,bot-send,{15569467},web-2310
2024-10-18 09:48:00,telegram,bot-send,{15548917},web-2310
2024-10-18 10:20:00,telegram,bot-send,{15930477},web-2310
2024-10-18 10:25:00,telegram,social,"{16003159,18616975}",web-2310
2024-10-18 10:35:00,telegram,social,{16370861},web-2310
2024-10-18 10:35:00,unisender,email,"{11418857,20595651}",web-2310
2024-10-18 10:35:00,telegram,social,{16370861},web-2310
2024-10-18 10:35:00,unisender,email,"{11418857,20595651}",web-2310
2024-10-18 10:45:00,unisender,email,{17145927},web-2310
2024-10-18 11:22:00,telegram,bot-send,{16561627},web-2310
2024-10-18 12:44:00,telegram,bot-send,"{16001545,17165757}",web-2310
2024-06-25 16:54:00,telegram,bot-send,{16784739},Ozon-25-06
2024-10-18 13:04:00,unisender,email,"{16669409,24574945}",web-2310
2024-10-18 16:33:00,,,"{17146903,20603317}",web-2310
2024-06-25 16:55:00,telegram,paid-placement,"{16572479,17133213}",Ozon-25-06
2024-10-18 19:35:00,unisender,email,"{15889391,16766247,19329846,20771041}",web-2310
2024-10-19 10:02:00,telegram,bot-send,"{15560415,16770403}",web-2310
2024-06-25 17:03:00,telegram,social,{16788821},Ozon-25-06
2024-06-25 17:04:00,telegram,bot-send,"{16081745,16601531,17159091,18908721}",Ozon-25-06
2024-06-25 18:13:00,telegram,social,{17034101},Ozon-25-06
2024-06-25 19:42:00,telegram,social,"{5809673,6441653,19725721,24714571}",Ozon-25-06
2024-06-26 21:17:00,telegram,social,"{9164281,17166441}",Студент
2024-03-09 08:55:00,telegram,bot-send,{16979047},08.03.2024
2024-07-03 19:59:00,telegram,social,{17060195},PRODUCT-TEST
2025-01-17 20:09:00,telegram,social,{5804501},Ads-metrics
2025-01-17 20:16:00,unisender,email,"{16570977,18237375}",web-2101
2024-10-15 16:29:00,telegram,social,"{11787181,12343743,25212617}",web-power-bi
2024-02-08 08:39:00,telegram,social,"{15938237,16761965}",6 каверз
2024-02-21 12:21:00,telegram,social,"{15999793,17100049,18568773}",HARD-SQL
2024-10-15 16:33:00,unisender,email,"{17038527,17683033}",web-power-bi
2024-04-18 16:27:00,telegram,social,"{15999793,17100049,18568773}",ROADMAP
2024-04-18 17:17:00,,,"{16739833,24522659}",DA-TEST-START
2024-05-12 03:30:00,telegram,social,"{17147329,17580017,21615360}",DA-TEST
2024-05-12 09:04:00,telegram,bot-send,{14712829},Экскурсия
2024-03-13 18:17:00,telegram,social,{15930477},ROADMAP
2024-05-13 02:17:00,telegram,social,"{16017013,16532045,18912267}",DA-TEST-START
2024-05-13 03:29:00,telegram,social,"{16017013,16532045,18912267}",DA-TEST
2024-05-13 09:19:00,telegram,social,"{17123865,17560467,18878981}",plan-python
2024-05-13 09:20:00,telegram,social,{12481235},plan-python
2024-05-13 09:21:00,telegram,social,"{17099545,17756329,18078281}",plan-python
2024-05-13 09:21:00,telegram,social,{16529429},DA-TEST
2024-05-13 09:22:00,telegram,social,{11377605},plan-python
2024-05-13 09:23:00,telegram,social,{15930477},plan-python
2024-05-13 09:32:00,telegram,social,"{16003565,16764873,17290925,17553527,17829067,19544884,19867361,20886197,24161655,24395845}",plan-python
2024-05-13 09:40:00,telegram,social,"{15621747,16768801}",plan-python
2024-05-13 09:42:00,telegram,social,{10419305},plan-python
2024-05-13 09:58:00,telegram,social,"{16003159,18616975}",plan-python
2024-05-13 09:59:00,telegram,social,"{16570977,18237375}",plan-python
2024-05-13 11:01:00,vkontakte,social,"{12089567,16764831,16764843}",plan-python
2024-05-13 11:02:00,telegram,social,"{15999793,17100049,18568773}",plan-python
2024-05-13 11:25:00,unisender,email,"{16773339,17631349,18418999,23464085}",plan-python
2024-05-13 11:34:00,unisender,email,"{16002965,18672699}",DA-TEST
2024-05-13 11:36:00,telegram,bot-send,"{16762199,18914983,20980525}",plan-python
2024-05-13 11:36:00,telegram,bot-send,{15588591},plan-python
2024-05-13 11:39:00,unisender,email,"{16001739,19950265}",plan-python
2024-05-13 11:46:00,telegram,bot-send,{13166349},plan-python
2024-05-13 11:49:00,telegram,bot-send,"{16864161,18675121}",plan-python
2024-05-13 12:13:00,telegram,bot-send,"{17149715,19953343,20314445}",plan-python
2024-05-13 12:14:00,telegram,bot-send,"{16013985,17154261,19412264,20682793}",plan-python
2024-05-13 12:42:00,telegram,social,"{12084195,16975267}",plan-python
2024-05-13 12:45:00,material,plan-for-learning-python,{11807293},Python-FREE
2024-05-13 12:54:00,unisender,email,"{17123457,17541177,18678281,21487554}",plan-python
2024-05-13 13:01:00,unisender,email,{17264537},plan-python
2024-05-13 13:04:00,telegram,bot-send,{15920135},plan-python
2024-05-13 13:07:00,telegram,bot-send,{16741325},plan-python
2024-05-13 18:38:00,,,"{17141895,18859951,22029899}",plan-python
2024-05-14 11:08:00,unisender,email,{16930131},plan-python
2024-09-20 11:02:00,telegram,bot-send,"{16572045,22960543}",web-2409
2024-09-20 11:06:00,telegram,bot-send,{16788821},web-2409
2024-09-20 11:07:00,telegram,bot-send,"{5983741,16765093}",web-2409
2024-09-20 11:10:00,telegram,bot-send,"{16815989,19322542,20014965}",web-2409
2024-09-20 11:11:00,telegram,bot-send,{11989079},web-2409
2024-09-20 11:12:00,telegram,bot-send,{11693353},web-2409
2024-09-20 11:14:00,telegram,bot-send,"{15895095,16011643,19032967}",web-2409
2024-09-20 11:23:00,telegram,bot-send,"{16003159,18616975}",web-2409
2024-09-20 11:34:00,telegram,bot-send,{15569323},web-2409
2024-09-20 11:36:00,telegram,bot-send,"{17156637,20605369,20764479}",web-2409
2024-09-20 11:49:00,unisender,email,"{16784197,17303493}",web-2409
2024-09-20 12:04:00,telegram,social,"{16762221,16954607}",web-2409
2024-09-20 12:13:00,telegram,social,"{16552793,17148487}",web-2409
2024-09-20 12:21:00,telegram,bot-send,{2494413},web-2409
2024-09-20 12:22:00,telegram,bot-send,"{11792445,16764207}",web-2409
2024-09-20 12:27:00,telegram,bot-send,"{15545853,20697223}",web-2409
2024-09-20 12:27:00,telegram,bot-send,{15569467},web-2409
2024-09-20 14:13:00,telegram,bot-send,{16784739},web-2409
2024-09-24 15:43:00,telegram,social,"{7710743,14717267}",web-2409
2024-09-24 17:16:00,telegram,social,"{16056423,16769383}",web-2409
2024-09-26 11:45:00,vkontakte,social,"{15943891,16773887}",Студент
2024-09-26 13:58:00,telegram,bot-send,"{16764091,16764093}",student-project
2024-09-26 14:02:00,telegram,bot-send,"{16764091,16764093}",МК-Python
2024-09-26 14:13:00,,,"{9347081,17154923}",Экскурсия
2024-10-02 09:20:00,unisender,email,{15930477},lottery
2024-10-08 09:29:00,telegram,social,"{15942213,16974953,20010059}",web-geo-analyt
2024-10-15 16:49:00,telegram,social,{15996447},web-power-bi
2024-10-08 16:10:00,unisender,email,"{15922681,16560611}",web-geo-analyt
2024-10-08 16:10:00,telegram,bot-send,{15922359},web-geo-analyt
2024-10-08 16:19:00,unisender,email,"{15922681,16560611}",web-geo-analyt
2024-10-21 08:49:00,yandex,cpc,{16299591},Python-FREE
2024-10-21 08:50:00,telegram,bot-send,{11074775},web-2310
2024-10-15 16:49:00,telegram,social,{15996447},web-power-bi
2024-10-15 16:49:00,telegram,social,"{7710743,14717267}",web-power-bi
2024-10-15 16:49:00,telegram,social,"{7710743,14717267}",web-power-bi
2024-10-15 16:50:00,telegram,social,{16582491},web-power-bi
2024-10-15 16:52:00,telegram,social,{16582491},web-power-bi
2024-10-21 21:07:00,telegram,social,"{17163457,21323678,25588667}",web-2310
2024-10-22 04:44:00,telegram,bot-send,"{11088915,12130285}",web-2310
2024-10-22 07:55:00,telegram,bot-send,"{16084821,20106453}",web-2310
2024-11-12 09:10:00,unisender,email,{16037581},web-1211
2024-11-13 23:02:00,telegram,bot-send,{16256923},web-1211
2024-11-20 13:06:00,telegram,bot-send,"{8358657,16574417}",Кейс-АЦ
2024-11-23 21:50:00,telegram,bot-send,{16531725},web-2611
2024-11-25 17:51:00,telegram,bot-send,"{11088915,12130285}",web-2611
2024-10-15 17:03:00,telegram,bot-send,{7366116},web-power-bi
2025-01-17 20:19:00,unisender,email,"{16570977,18237375}",web-1401
2024-10-15 17:13:00,telegram,bot-send,"{16638863,21141338,21960773,25014165}",web-power-bi
2024-01-03 09:30:00,unisender,email,"{5814679,20781819}",Pandas-v2
2024-01-03 10:11:00,bot,testovoe-ozon,"{16784197,17303493}",Pandas-pre
2024-01-03 10:25:00,bot,events-simulative,{16541723},Pandas-pre
2024-01-24 12:30:00,unisender,email,"{16748663,17100103}",Workshop-RFM
2024-01-24 12:35:00,telegram,bot-send,"{16770865,19301406}",Workshop-RFM
2024-01-28 14:00:00,,,{15564527},Pandas-pre
2024-02-26 11:35:00,telegram,bot-send,"{15621747,16768801}",HARD-SQL
2024-03-05 10:50:00,telegram,social,"{12447353,24254221}",ROADMAP
2024-03-05 10:58:00,unisender,email,"{16762569,18846263}",ROADMAP
2024-03-05 12:37:00,telegram,social,{16816361},ROADMAP
2024-04-15 11:31:00,unisender,email,"{17146799,17328989}",Python-FREE
2024-04-16 14:24:00,telegram,bot-send,"{15938237,16761965}",SQL-16-04-24
2024-04-16 14:42:00,telegram,social,"{15882917,17164025}",SQL-16-04-24
2024-05-13 14:05:00,telegram,bot-send,"{15931977,16764213}",plan-python
2024-05-13 14:47:00,telegram,bot-send,{15927361},plan-python
2024-05-13 14:48:00,telegram,bot-send,{15927361},plan-python
2024-05-13 14:57:00,telegram,bot-send,"{15927075,16695207,16773339,17310203,17631349,18418999,23553585}",plan-python
2024-05-13 17:20:00,telegram,social,{16572265},plan-python
2024-05-13 19:56:00,telegram,social,{15960225},plan-python
2024-05-13 21:39:00,instagram,cpa,{16686601},Workshop-RFM
2024-05-14 04:36:00,unisender,email,"{16561769,17099415}",plan-python
2024-05-14 06:11:00,unisender,email,"{16228633,16771429}",plan-python
2024-05-14 06:32:00,telegram,bot-send,{16528793},plan-python
2024-05-14 08:52:00,telegram,social,{17167845},plan-python
2024-05-14 16:34:00,telegram,social,"{17146799,17328989}",plan-python
2024-05-14 17:14:00,telegram,social,{15929783},plan-python
2024-05-15 06:42:00,unisender,email,{832697},СОБЕС-ДЕМО
2024-05-16 03:19:00,unisender,email,"{5809673,6441653,19725721,24714571}",plan-python
2024-05-16 08:31:00,vkontakte,social,{11377605},Select-Materials
2024-05-16 08:35:00,telegram,social,{15960225},Select-Materials
2024-05-16 08:35:00,telegram,social,"{11787181,12343743,25212617}",Select-Materials
2024-05-16 08:36:00,telegram,social,"{16570977,18237375}",Select-Materials
2024-05-16 08:36:00,telegram,social,"{16766595,17554027}",Select-Materials
2024-05-16 08:36:00,telegram,social,"{16762221,16954607}",Select-Materials
2024-05-16 08:36:00,telegram,social,{16529429},Select-Materials
2024-05-16 08:36:00,telegram,social,"{17123865,17560467,18878981}",Select-Materials
2024-05-16 08:37:00,telegram,social,"{12718265,18840823,21317974}",Select-Materials
2024-10-15 17:26:00,telegram,social,"{7710743,14717267}",web-power-bi
2024-10-15 17:27:00,telegram,social,"{7710743,14717267}",web-power-bi
2024-05-30 06:49:00,telegram,bot-send,"{15946741,16764241,20152897}",20ideas
2024-05-31 08:25:00,telegram,bot-send,"{16011643,16871171,19092417}",Python-FREE
2024-06-04 11:44:00,telegram,social,{11807293},plan-python
2024-10-10 10:24:00,unisender,email,"{15903385,16766413,18515647}",web-power-bi
2024-10-10 12:57:00,telegram,bot-send,{16769049},web-power-bi
2024-10-10 19:13:00,unisender,email,"{16228633,16771429}",web-power-bi
2024-10-11 09:10:00,telegram,social,"{15903385,16766413,18515647}",web-power-bi
2024-10-11 12:46:00,telegram,social,"{17064189,21629325}",web-geo-analyt
2024-10-18 09:29:00,telegram,bot-send,{15924195},web-2310
2024-10-19 18:40:00,telegram,bot-send,{16397299},web-2310
2024-10-21 21:11:00,telegram,bot-send,{16741325},web-2310
2024-10-15 17:43:00,unisender,email,{16749391},web-power-bi
2024-10-15 17:44:00,unisender,email,"{15889391,16766247,19329846,20771041}",web-power-bi
2024-10-22 14:10:00,telegram,paid-placement,"{11787181,12343743,25212617}",web-2310
2024-10-22 16:36:00,telegram,bot-send,{16238231},web-2310
2024-10-22 17:02:00,,,{16669409},SPEC-DA-TEST-START
2024-10-22 17:07:00,,,{16669409},SPEC-DA-TEST
2024-10-23 07:31:00,unisender,email,{16788821},web-2310
2024-10-23 07:38:00,unisender,email,"{17038527,17683033}",web-2310
2024-10-23 07:55:00,telegram,bot-send,{5804161},web-2310
2024-10-23 08:09:00,telegram,bot-send,{17034101},web-2310
2024-10-23 08:14:00,telegram,bot-send,{16104917},web-2310
2024-10-23 08:22:00,telegram,bot-send,"{5848071,20887407}",web-2310
2024-10-23 08:53:00,unisender,email,{16847909},web-2310
2024-10-23 10:52:00,telegram,bot-send,"{15895095,21196294,21339476}",web-2310
2024-10-23 12:52:00,telegram,bot-send,{17177205},web-2310
2024-10-23 13:23:00,telegram,paid-placement,"{8853445,19554774}",web-2310
2024-10-23 13:31:00,telegram,social,"{15549257,17146927,18114357}",web-2310
2024-10-15 18:19:00,telegram,bot-send,{16489279},web-power-bi
2024-10-23 16:25:00,telegram,social,"{15208695,17145269,21719045}",web-2310
2024-10-24 12:52:00,telegram,social,"{8853445,19554774}",Python-FREE
2024-11-09 06:43:00,telegram,bot-send,"{16572045,22960543}",web-1211
2024-11-13 23:03:00,telegram,bot-send,{15959983},web-1211
2024-11-13 23:04:00,telegram,bot-send,"{16259985,16762065,19576502,24830799}",web-1211
2024-11-13 23:04:00,telegram,social,"{15208695,17145269,21719045}",web-1211
2024-11-13 23:04:00,telegram,social,{15538843},web-1211
2024-11-13 23:04:00,telegram,social,"{17147699,17428973,17428975,18451713}",web-1211
2024-11-13 23:10:00,telegram,social,"{16163271,16222289}",web-1211
2024-11-14 00:14:00,telegram,social,"{16552793,17148487}",web-1211
2024-11-14 00:27:00,bloger,post,"{16774955,18347079}",web-1211
2024-11-25 09:30:00,telegram,paid-placement,{16069723},web-2611
2024-11-25 10:51:00,telegram,paid-placement,"{15208695,17145269,21719045}",web-2611
2024-11-25 12:23:00,telegram,bot-send,{16741325},web-2611
2024-12-02 10:50:00,telegram,bot-send,{15959983},6 каверз
2024-11-02 07:55:00,telegram,social,"{17146035,17191367}",web-2910
2024-10-26 13:34:00,admitad,,{17177743},Python-FREE
2024-02-08 09:01:00,telegram,social,"{17150867,17177837}",6 каверз
2024-02-08 09:03:00,telegram,social,"{17150867,17177837}",6 каверз
2024-05-16 10:23:00,telegram,social,"{16561769,17099415}",Select-Materials
2024-05-16 10:33:00,unisender,email,{8346889},plan-python
2024-05-16 12:05:00,telegram,social,{15924251},Select-Materials
2024-05-16 14:13:00,instagram,cpa,{11537905},Workshop-RFM
2024-11-06 15:50:00,telegram,bot-send,"{11787181,12343743,25212617}",web-0611
2024-05-16 14:38:00,telegram,bot-send,"{11999701,16767673}",plan-python
2024-04-24 05:37:00,,,"{16259985,16762065,19576502,24830799}",Студент
2024-11-06 15:58:00,telegram,bot-send,{5801075},web-0611
2024-05-16 19:32:00,unisender,email,{2494413},Select-Materials
2024-05-16 19:48:00,unisender,email,{15930551},Select-Materials
2024-05-16 20:09:00,instagram,cpa,{17163457},Workshop-RFM
2024-05-16 20:44:00,unisender,email,"{16773339,17631349,18418999,23464085}",Select-Materials
2024-05-17 05:34:00,telegram,social,"{16978917,16978919}",Select-Materials
2024-11-06 16:12:00,telegram,bot-send,"{11787181,12343743,25212617}",web-0611
2024-05-17 09:28:00,material,big-selection-of-materials-for-testing-skills,"{16561769,17099415}",DA-TEST-START
2024-05-17 10:20:00,telegram,social,"{15621747,16768801}",Python-FREE
2024-05-17 10:25:00,telegram,social,"{16011643,16871171,19092417}",Python-FREE
2024-05-17 10:26:00,telegram,social,"{15922169,16767575}",Select-Materials
2024-05-17 10:30:00,telegram,social,"{15922169,16767575}",Select-Materials
2024-05-17 12:41:00,telegram,social,"{16572045,22960543}",Python-FREE
2024-05-17 13:51:00,instagram,cpa,"{16561641,17151733}",Workshop-RFM
2024-11-06 20:36:00,unisender,email,{15989583},web-0611
2024-05-17 19:02:00,telegram,bot-send,"{16531399,16771081}",Python-FREE
2024-05-18 03:48:00,vk_ads,cpm,{15607005},Workshop-RFM
2024-11-07 12:32:00,unisender,email,"{16570977,18237375}",МК-Python
2024-05-18 15:50:00,telegram,social,"{15999793,17100049,18568773}",Select-Materials
2024-05-18 15:50:00,telegram,social,"{15999793,17100049,18568773}",Select-Materials
2024-05-19 01:34:00,vk_ads,cpm,"{16766403,17180005,18352763,18371345,18522335}",Workshop-RFM
2024-05-19 09:41:00,telegram,social,{16816361},plan-python
2024-11-08 08:24:00,telegram,bot-send,{17160145},web-1211
2024-05-20 07:37:00,bot,events-simulative,{16847909},Студент
2024-05-20 08:07:00,telegram,bot-send,"{16773339,17631349,18418999,23464085}",abc-portfolio
2024-05-20 08:08:00,telegram,bot-send,"{16773339,17631349,18418999,23464085}",tinkoff-1
2024-05-20 08:08:00,telegram,bot-send,"{16773339,17631349,18418999,23464085}",Ads-metrics
2024-05-20 08:08:00,telegram,bot-send,"{16773339,17631349,18418999,23464085}",20ideas
2024-11-08 08:38:00,unisender,email,"{16570977,18237375}",web-1211
2024-05-20 11:43:00,telegram,social,{5825207},DA-TEST-START
2024-05-20 12:29:00,telegram,social,"{15908653,16763405}",DA-TEST
2024-05-20 13:01:00,unisender,email,"{15545853,20697223}",DA-TEST-START
2024-05-20 13:08:00,unisender,email,"{15545853,20697223}",DA-TEST
2024-05-20 14:06:00,unisender,email,{17118163},Select-Materials
2024-05-20 18:08:00,telegram,bot-send,{16257235},DA-TEST-START
2024-05-20 18:28:00,telegram,social,"{16739833,24522659}",Python-FREE
2024-05-21 02:01:00,unisender,email,"{16084821,20106453}",Select-Materials
2024-05-21 02:01:00,telegram,bot-send,"{16084821,20106453}",DA-TEST-START
2024-05-21 02:33:00,telegram,bot-send,"{16084821,20106453}",DA-TEST
2024-05-21 10:45:00,unisender,email,{11264135},Select-Materials
2024-06-04 18:21:00,telegram,bot-send,{16979047},plan-python
2024-06-10 09:25:00,unisender,email,"{10694763,10904619}",Python-FREE
2024-06-11 03:28:00,telegram,bot-send,"{16059185,19052623}",DA-TEST-START
2024-06-11 07:27:00,telegram,bot-send,"{17147401,17177859}",student-project
2024-06-11 12:31:00,telegram,social,"{17147699,17428973,17428975,18451713}",student-project
2024-06-13 16:01:00,telegram,paid-placement,{16979047},web_13_06
2024-06-13 16:03:00,telegram,social,"{15539937,16762403}",web_13_06
2024-06-13 16:17:00,telegram,social,{16031367},web_13_06
2024-06-14 15:12:00,telegram,bot-send,{16764267},web_13_06
2024-06-17 11:24:00,telegram,social,"{16011643,19950481,20319115}",КАРЬЕРНЫЙ
2024-06-17 13:39:00,telegram,bot-send,"{11929247,16765787,18772107}",КАРЬЕРНЫЙ
2024-06-18 09:26:00,telegram,social,{16529429},SPEC-DA-TEST-START
2024-06-18 18:58:00,telegram,social,{16397299},SPEC-DA-TEST
2024-06-25 07:39:00,unisender,email,{5803341},Ozon-25-06
2024-10-23 13:34:00,telegram,social,{15930477},web-2310
2024-10-23 15:06:00,unisender,email,{17145927},web-2310
2024-10-23 15:07:00,unisender,email,{16463705},web-2310
2024-10-23 15:28:00,unisender,email,{16764879},web-2310
2024-10-23 15:34:00,telegram,social,{15930477},web-2310
2024-11-12 02:26:00,site,test,"{16017013,16532045,18912267}",Экскурсия
2024-11-12 04:27:00,telegram,social,"{16762199,18914983,20980525}",SPEC-DA-TEST-START
2024-10-23 15:48:00,telegram,paid-placement,{17105135},web-2310
2024-10-23 15:53:00,telegram,bot-send,"{16020473,16771993}",web-2310
2024-10-23 15:53:00,telegram,bot-send,"{16020473,16771993}",web-2310
2024-10-23 15:54:00,telegram,social,{15538843},web-2310
2024-11-12 04:32:00,telegram,social,"{16762199,18914983,20980525}",SPEC-DA-TEST
2024-11-12 05:03:00,unisender,email,"{5983741,16765093}",web-1211
2024-11-12 05:07:00,telegram,social,"{16084821,20106453}",DA-TEST-START
2024-10-23 15:54:00,telegram,social,{13904427},web-2310
2024-10-23 15:55:00,telegram,social,{13904427},web-2310
2024-10-23 15:55:00,telegram,social,{13904427},web-2310
2024-10-23 15:56:00,telegram,bot-send,"{11088915,12130285}",web-2310
2024-10-23 15:59:00,telegram,paid-placement,"{8853445,19554774}",web-2310
2024-10-23 15:59:00,telegram,paid-placement,"{8853445,19554774}",web-2310
2024-10-23 16:01:00,telegram,bot-send,{5804161},web-2310
2024-10-23 16:01:00,unisender,email,{16847909},web-2310
2024-10-23 16:03:00,unisender,email,{17212651},web-2310
2024-12-02 17:16:00,unisender,email,"{15931845,16774847}",6 каверз
2024-12-03 11:01:00,telegram,paid-placement,{17089011},web-0412
2025-01-07 15:33:00,telegram,paid-placement,"{16281907,16792385}",autoweb-yandex
2025-01-10 17:17:00,telegram,bot-send,{16764267},web-1401
2025-01-14 16:04:00,telegram,social,{16008929},web-1401
2024-08-21 18:15:00,,,"{16784197,17303493}",itresume
2024-11-12 06:32:00,unisender,email,"{16864161,18675121}",web-1211
2024-05-24 04:11:00,telegram,bot-send,{16572265},20ideas
2024-11-13 23:38:00,telegram,social,"{16552793,17148487}",web-1211
2024-11-14 00:20:00,telegram,social,"{7710743,14717267}",web-1211
2024-11-25 14:26:00,unisender,email,"{15948581,16764269}",PRODUCT-TEST-START
2024-11-29 11:53:00,telegram,bot-send,{2199985},web-0412
2023-12-26 17:37:00,telegram,,"{17147401,17177859}",Pandas-v2
2024-01-15 18:48:00,vkontakte,cpc,"{16003565,17553527,17829067,20886197,22364977,23647487,24161655}",Pandas-v3
2024-01-15 18:49:00,vkontakte,cpc,"{16003565,17553527,17829067,20886197,22364977,23647487,24161655}",Pandas-v3
2024-01-16 10:17:00,unisender,email,"{11792445,16764207}",Pandas-pre
2024-01-16 10:20:00,unisender,email,{16528793},Pandas-v3
2024-01-16 10:24:00,unisender,email,{17033243},Pandas-v3
2024-01-16 10:26:00,unisender,email,{16740831},Pandas-pre
2024-01-16 10:26:00,unisender,email,{16740831},Pandas-v3
2024-01-16 10:38:00,unisender,email,{11651903},Pandas-pre
2024-01-16 10:38:00,unisender,email,{11651903},Pandas-v3
2024-01-16 10:42:00,unisender,email,"{16893085,18609873,19990099}",Pandas-pre
2024-01-16 10:57:00,unisender,email,"{11999701,16767673}",Pandas-pre
2024-01-16 10:59:00,unisender,email,{16005629},Pandas-v3
2024-01-16 10:59:00,unisender,email,{16005629},Pandas-v3
2024-01-16 11:09:00,telegram,itresume,"{17150867,17177837}",Pandas-v3
2024-01-16 11:11:00,telegram,itresume,"{11999701,16767673}",Pandas-pre
2024-01-16 11:26:00,telegram,bot-send,"{17147401,17177859}",Pandas-pre
2024-01-16 11:28:00,telegram,bot-send,"{17147401,17177859}",Pandas-v3
2024-01-16 11:29:00,telegram,bot-send,"{11014471,18361379}",Pandas-pre
2024-01-17 08:54:00,telegram,bot-send,{15270129},Pandas-v3
2024-02-08 10:00:00,,,{17167845},Студент
2024-05-16 11:48:00,unisender,email,"{16570977,18237375}",abc-portfolio
2024-05-16 11:50:00,telegram,social,"{15999339,16764375}",Select-Materials
2024-05-16 18:20:00,unisender,email,"{17038527,17683033}",Select-Materials
2024-05-16 23:07:00,material,big-selection-of-materials-for-testing-skills,"{15927075,16695207,17631349,19006309}",СОБЕС-ДЕМО
2024-05-17 03:32:00,telegram,social,"{16053107,16761795}",Select-Materials
2024-05-22 15:41:00,telegram,social,{16529429},abc-portfolio
2024-06-24 07:54:00,telegram,social,"{16765779,18914999}",Ozon-25-06
2024-05-23 08:34:00,unisender,email,"{16561769,17099415}",20ideas
2024-05-23 08:41:00,unisender,email,{16003203},20ideas
2024-05-23 09:23:00,unisender,email,{16816361},20ideas
2024-05-23 09:41:00,telegram,social,{16529727},20ideas
2024-05-23 09:42:00,telegram,social,{16528805},20ideas
2024-05-23 09:42:00,telegram,social,{15930477},20ideas
2024-05-23 09:43:00,telegram,social,{15999087},20ideas
2024-05-23 09:52:00,telegram,social,"{16275885,17101289}",20ideas
2024-05-23 09:58:00,telegram,social,"{17220445,17493701}",20ideas
2024-05-23 11:45:00,vkontakte,social,{16957229},20ideas
2024-06-18 11:28:00,unisender,email,{2494413},SPEC-DA-TEST-START
2024-06-18 12:02:00,telegram,bot-send,{17005839},SPEC-DA-TEST-START
2024-06-18 19:45:00,unisender,email,{17110453},SPEC-DA-TEST-START
2024-06-23 17:28:00,telegram,bot-send,"{16011643,16871171,19092417}",Ozon-25-06
2024-06-23 20:43:00,unisender,email,"{2200671,5806435,18084533,20586583}",Ozon-25-06
2024-06-24 09:17:00,telegram,social,"{15921589,16766225,18451399}",Ozon-25-06
2024-06-25 10:16:00,telegram,social,{16743397},Ozon-25-06
2025-01-20 06:03:00,,,{16521983},SPEC-DA-TEST-START
2025-01-20 06:04:00,,,{16521983},SPEC-DA-TEST
2024-07-09 05:20:00,telegram,paid-placement,"{15571275,17145655}",web_09_07
2024-07-16 09:27:00,telegram,social,"{16765779,18914999}",КАРЬЕРНЫЙ
2024-07-16 09:48:00,telegram,social,{15539831},КАРЬЕРНЫЙ
2024-07-16 10:07:00,unisender,email,"{11436455,16520809}",КАРЬЕРНЫЙ
2024-07-18 09:43:00,telegram,bot-send,{16191753},DA-TEST-START
2024-07-19 10:52:00,telegram,bot-send,{15921957},web_23_07
2024-07-23 15:59:00,bloger,post,"{17151787,17558471,21456436,21502670,21566010}",web_23_07
2024-07-23 16:02:00,telegram,bot-send,{16531725},web_23_07
2024-07-23 16:04:00,telegram,social,{12349789},web_23_07
2024-07-23 16:18:00,unisender,email,{5804161},web_23_07
2024-07-23 16:42:00,vkontakte,social,{17060195},web_23_07
2024-07-23 17:03:00,bloger,post,"{17151787,17558471,21456436,21502670,21566010}",web_23_07
2024-07-23 17:47:00,telegram,bot-send,{14728903},web_23_07
2024-07-23 18:10:00,telegram,bot-send,"{16743379,19453462,21000955}",web_23_07
2024-07-31 10:50:00,,,{11074775},Python-FREE
2024-08-20 16:19:00,telegram,social,"{5800343,16767323}",intensive-analyst
2024-09-10 16:29:00,telegram,bot-send,"{16267739,19910637,22930899}",become-analyst
2024-09-10 17:11:00,bloger,post,{17150061},become-analyst
2025-01-20 20:11:00,telegram,social,"{17064877,17101475}",abc-portfolio
2024-10-23 16:06:00,telegram,bot-send,"{16084991,16977925,18659265}",web-2310
2024-10-23 16:07:00,telegram,social,{11789383},web-2310
2024-10-23 16:09:00,telegram,social,"{15924193,17562089}",web-2310
2024-10-23 16:16:00,telegram,social,"{17146035,17191367}",web-power-bi
2024-10-23 16:17:00,telegram,bot-send,{15959983},web-2310
2024-10-23 16:17:00,telegram,bot-send,{15959983},web-2310
2024-10-23 16:17:00,telegram,social,{15538843},web-2310
2024-10-23 16:17:00,telegram,social,{15538843},web-2310
2024-10-23 16:18:00,telegram,bot-send,{14728903},web-2310
2024-10-23 16:25:00,telegram,social,"{15208695,17145269,21719045}",web-2310
2024-10-23 16:35:00,unisender,email,{17070179},web-2310
2024-10-23 16:45:00,telegram,bot-send,{14728903},web-2310
2024-10-23 16:45:00,telegram,bot-send,{14728903},web-2310
2024-10-23 16:46:00,telegram,bot-send,"{16684485,18689443}",web-2310
2024-10-23 16:50:00,telegram,paid-placement,{17105135},web-2310
2024-10-23 16:58:00,telegram,social,"{7710743,14717267}",web-2310
2024-11-26 15:58:00,unisender,email,"{17123447,19839367}",web-2611
2024-11-26 21:50:00,telegram,paid-placement,{16529035},Кейс-АЦ
2024-12-04 16:03:00,unisender,email,{16016135},web-0412
2024-12-04 17:51:00,telegram,social,"{9825095,23710543}",web-0412
2024-12-04 17:51:00,telegram,social,"{9825095,23710543}",web-0412
2024-12-17 16:14:00,telegram,social,"{15560051,16754921}",web-1712
2025-01-28 15:55:00,telegram,social,"{16815413,17006383,17006385}",web-2801
2025-01-21 09:33:00,telegram,social,{16529727},web-2101
2025-01-21 09:35:00,telegram,social,"{16275885,17101289}",web-2101
2025-01-21 09:44:00,telegram,social,{15556555},web-2101
2025-01-21 09:54:00,telegram,social,"{17149715,19953343,20314445}",web-2101
2025-01-21 10:01:00,telegram,social,"{16684485,18689443}",web-2101
2025-01-21 10:02:00,telegram,social,"{16684485,18689443}",Ads-metrics
2024-01-16 11:35:00,unisender,email,"{5809177,16767187,16767203}",Pandas-pre
2024-01-16 11:36:00,unisender,email,"{5809177,16767187,16767203}",Pandas-v3
2024-01-16 11:43:00,telegram,bot-send,{5986731},Pandas-v3
2024-01-16 11:44:00,unisender,email,"{15548445,17102057}",Pandas-pre
2024-01-16 11:49:00,telegram,bot-send,"{15555667,16762071}",Pandas-v3
2024-01-16 11:51:00,unisender,email,"{17150867,17177837}",Pandas-v3
2024-01-16 12:21:00,telegram,bot-send,{17162981},Pandas-pre
2024-01-16 12:22:00,telegram,bot-send,"{17162229,17554629,18678053,19001817}",Pandas-v3
2024-01-16 12:39:00,telegram,bot-send,"{15916041,18583517}",Pandas-v3
2024-01-16 12:39:00,Unisender,email,"{17162229,17554629,18678053,19001817}",Pandas-v3
2024-01-16 12:39:00,Unisender,email,"{17162229,17554629,18678053,19001817}",Pandas-v3
2024-01-16 12:43:00,telegram,bot-send,{17176185},Pandas-v3
2024-01-16 12:44:00,telegram,bot-send,{17176185},Pandas-v3
2025-01-21 10:03:00,telegram,bot-send,"{1460603,23961501}",web-2101
2025-01-21 10:04:00,telegram,bot-send,"{16684485,18689443}",web-2101
2024-01-16 13:07:00,unisender,email,"{16078131,19413190}",Pandas-v3
2025-01-21 10:17:00,unisender,email,"{17038527,17683033}",web-2101
2024-01-16 13:43:00,unisender,email,"{15931977,16764213}",Pandas-pre
2024-01-16 14:05:00,telegram,bot-send,"{16766369,17160145,17556815}",Pandas-pre
2024-01-16 14:05:00,unisender,email,"{16766369,17160145,17556815}",Pandas-pre
2024-01-16 14:06:00,unisender,email,{12143247},Pandas-pre
2024-01-16 14:06:00,unisender,email,{12143247},Pandas-v3
2025-01-21 10:18:00,telegram,bot-send,"{1460603,23961501}",web-2101
2025-01-21 10:21:00,unisender,email,{5807709},web-2101
2024-01-16 14:06:00,unisender,email,"{16766369,17160145,17556815}",Pandas-pre
2024-01-16 14:06:00,unisender,email,"{16766369,17160145,17556815}",Pandas-v3
2024-01-16 14:30:00,unisender,email,{17173405},Pandas-v3
2024-01-16 14:30:00,unisender,email,{17173405},Pandas-v3
2024-01-16 15:01:00,telegram,bot-send,{17167845},Pandas-pre
2024-01-16 15:03:00,telegram,bot-send,{17167845},Pandas-VIP
2024-01-16 15:10:00,Unisender,email,{17167845},Pandas-VIP
2024-01-16 15:24:00,telegram,bot-send,{17060195},Pandas-v3
2024-01-16 15:24:00,telegram,bot-send,{17060195},Pandas-v3
2024-01-16 15:25:00,telegram,bot-send,{16857289},Pandas-pre
2024-01-16 16:51:00,unisender,email,"{16003565,16764873,17290925,17553527,17829067,19544884,19867361,20886197,24161655,24395845}",Pandas-pre
2024-01-16 16:51:00,unisender,email,"{16003565,16764873,17290925,17553527,17829067,19544884,19867361,20886197,24161655,24395845}",Pandas-v3
2024-01-16 16:51:00,unisender,email,"{16003565,16764873,17290925,17553527,17829067,19544884,19867361,20886197,24161655,24395845}",Pandas-v3
2024-01-16 17:07:00,telegram,itresume,"{16763135,17560101}",Pandas-VIP
2024-01-16 17:28:00,telegram,bot-send,"{17123865,17560467,18878981}",Pandas-pre
2024-01-16 17:28:00,telegram,bot-send,"{17123865,17560467,18878981}",Pandas-v3
2024-01-16 17:28:00,telegram,bot-send,"{17123865,17560467,18878981}",Pandas-v3
2024-01-16 19:43:00,unisender,email,"{16524625,19066647,20106413}",Pandas-pre
2024-01-16 19:51:00,telegram,bot-send,"{17129421,17562213}",Pandas-pre
2024-01-16 19:52:00,telegram,bot-send,"{17129421,17562213}",Pandas-v3
2024-04-13 17:49:00,,,"{15970405,16774017}",Оплата
2024-06-11 08:40:00,unisender,email,"{16001739,19950265}",student-project
2024-06-11 08:45:00,unisender,email,"{16784957,20490049}",student-project
2024-06-11 08:45:00,telegram,social,{15930477},web_13_06
2024-06-11 08:52:00,telegram,social,{15538843},web_13_06
2024-06-11 09:47:00,telegram,bot-send,{16572265},student-project
2024-06-11 09:50:00,telegram,bot-send,"{16638863,21141338,21960773,25014165}",ROADMAP
2024-06-11 10:03:00,unisender,email,"{16011643,19950481,20319115}",student-project
2024-06-11 10:04:00,telegram,social,"{16011643,19950481,20319115}",web_13_06
2024-06-11 10:04:00,unisender,email,"{16011643,19950481,20319115}",student-project
2024-06-11 10:11:00,unisender,email,{15931597},student-project
2024-06-11 10:16:00,telegram,bot-send,{12488361},student-project
2024-06-11 10:17:00,unisender,email,"{9349901,18448353}",student-project
2024-06-11 11:28:00,vkontakte,social,{11377605},student-project
2024-06-11 12:19:00,telegram,social,{15930477},student-project
2024-06-11 12:20:00,telegram,social,"{17064877,17101475}",student-project
2024-06-11 12:24:00,unisender,email,"{15927075,16695207,16773339,17310203,17631349,18418999,23553585}",student-project
2024-06-11 12:37:00,unisender,email,"{16775127,16980287}",student-project
2024-06-11 12:42:00,telegram,social,{5807709},plan-python
2024-06-11 12:42:00,telegram,social,{12367367},student-project
2024-06-11 12:43:00,unisender,email,{5807709},web_13_06
2024-06-11 12:46:00,telegram,social,{16031367},student-project
2024-06-11 12:49:00,telegram,social,{5807709},Select-Materials
2024-06-11 13:06:00,telegram,social,{16842355},web_13_06
2024-06-11 13:07:00,telegram,bot-send,"{11792445,16764207}",web_13_06
2024-06-11 13:08:00,telegram,bot-send,{17178355},web_13_06
2024-06-11 13:09:00,telegram,social,{16842355},student-project
2024-06-11 13:12:00,telegram,bot-send,"{16001545,17165757}",web_13_06
2024-06-11 13:12:00,telegram,bot-send,"{11929247,16765787,18772107}",web_13_06
2024-06-11 13:14:00,unisender,email,{16740831},web_13_06
2024-06-11 13:14:00,telegram,bot-send,"{5983741,16765093}",student-project
2024-06-11 13:17:00,telegram,social,{16054019},student-project
2024-06-11 13:18:00,telegram,bot-send,"{16773339,17631349,18418999,23464085}",web_13_06
2024-06-11 13:19:00,telegram,bot-send,"{16773339,17631349,18418999,23464085}",student-project
2024-06-11 14:09:00,unisender,email,{17089011},student-project
2024-06-11 14:10:00,telegram,social,{15569323},student-project
2024-06-11 14:17:00,telegram,bot-send,"{16003565,16764873,17290925,17553527,17829067,19544884,19867361,20886197,24161655,24395845}",web_13_06
2024-06-11 14:27:00,telegram,social,"{16267739,19910637,22930899}",student-project
2024-06-11 14:30:00,unisender,email,{15929783},web_13_06
2024-06-11 14:54:00,unisender,email,"{16570977,18237375}",student-project
2024-06-11 15:20:00,telegram,paid-placement,"{16774955,18347079}",web_13_06
2024-06-18 09:20:00,telegram,social,"{15948581,16764269}",SPEC-DA-TEST
2024-08-02 13:54:00,unisender,email,{16743397},web-resume
2024-08-05 10:29:00,telegram,social,"{5800343,16767323}",6 каверз
2024-08-06 15:59:00,telegram,social,"{16552793,17148487}",web-resume
2024-08-06 16:12:00,telegram,paid-placement,{9327543},web-resume
2024-08-12 15:22:00,telegram,social,"{17064877,17101475}",Студент
2024-08-14 08:40:00,telegram,social,"{17124341,17323493,18223273}",intensive-analyst
2024-08-14 09:17:00,telegram,social,"{16765779,18914999}",intensive-analyst
2024-08-14 10:27:00,telegram,bot-send,"{5802551,18648021}",intensive-analyst
2024-09-13 09:07:00,telegram,social,{11989079},become-bi
2024-09-14 12:26:00,unisender,email,"{16259985,16762065,19576502,24830799}",become-bi
2024-09-17 16:02:00,telegram,bot-send,{17060195},become-bi
2024-09-17 16:02:00,bloger,post,{17150061},become-bi
2024-09-24 16:04:00,telegram,bot-send,{16489279},web-2409
2024-10-03 12:02:00,unisender,email,"{5983741,16765093}",web-geo-analyt
2024-10-24 16:19:00,unisender,email,{6953413},web-2310
2024-10-24 16:23:00,unisender,email,{6953413},web-2310
2024-10-29 18:07:00,telegram,bot-send,"{16815413,17006383,17006385}",web-2910
2024-11-08 11:41:00,telegram,bot-send,"{15921749,16695207,16773339}",web-1211
2024-11-08 11:45:00,telegram,bot-send,{16016135},web-1211
2024-11-12 11:24:00,telegram,social,"{9347081,17154923}",SPEC-DA-TEST-START
2024-11-12 11:27:00,telegram,bot-send,"{17064189,21629325}",web-1211
2025-01-21 18:39:00,telegram,bot-send,{15989583},web-2101
2024-11-13 23:00:00,telegram,social,{17089011},web-1211
2024-11-14 00:31:00,unisender,email,{15943559},web-1211
2024-11-22 10:10:00,telegram,social,{15927495},web-2611
2025-01-22 09:56:00,telegram,bot-send,{16763245},web-2101
2025-01-14 17:22:00,telegram,social,{15536401},web-1401
2025-01-21 09:33:00,telegram,social,"{16552793,17148487}",web-2101
2025-01-24 08:44:00,telegram,bot-send,{16878207},portfolio ideas
2025-01-31 09:32:00,telegram,social,{2199985},web-0502
2025-01-31 10:53:00,unisender,email,"{15208695,17145269,21719045}",web-0502
2025-01-24 08:24:00,telegram,bot-send,{17150971},web-2801
2024-01-16 21:26:00,telegram,bot-send,{17034101},Pandas-pre
2024-01-16 22:50:00,telegram,itresume,"{17174229,17563043}",Pandas-pre
2024-01-16 22:50:00,telegram,itresume,"{17174229,17563043}",Pandas-v3
2024-01-16 22:50:00,telegram,itresume,"{17174229,17563043}",Pandas-v3
2024-01-16 22:52:00,telegram,itresume,"{17174229,17563043}",Pandas-v3
2024-01-17 06:10:00,telegram,bot-send,"{15916041,18583517}",Pandas-pre
2024-01-17 06:10:00,telegram,bot-send,"{15916041,18583517}",Pandas-v3
2024-01-17 06:29:00,unisender,email,{5801075},Pandas-pre
2024-01-17 06:29:00,unisender,email,{5801075},Pandas-v3
2024-01-17 07:24:00,unisender,email,{15954809},Pandas-v3
2024-01-17 07:24:00,unisender,email,{15954809},Pandas-pre
2024-01-17 07:31:00,unisender,email,"{16691305,16798093}",Pandas-v3
2024-01-17 07:31:00,unisender,email,"{16691305,16798093}",Pandas-pre
2024-01-17 08:23:00,unisender,email,"{16893085,18609873,19990099}",Pandas-pre
2024-01-17 08:23:00,unisender,email,"{16893085,18609873,19990099}",Pandas-v3
2024-01-17 08:31:00,unisender,email,"{11014471,18361379}",Pandas-v3
2024-01-17 08:31:00,unisender,email,"{11014471,18361379}",Pandas-pre
2023-12-15 07:47:00,,,{16816881},Pandas
2024-01-17 08:31:00,unisender,email,"{11014471,18361379}",Pandas-v3
2024-01-17 08:58:00,telegram,bot-send,{15588591},Pandas-pre
2024-01-17 08:59:00,telegram,bot-send,"{17006467,18897949}",Pandas-pre
2024-01-17 08:59:00,telegram,bot-send,"{17006467,18897949}",Pandas-v3
2024-01-17 09:44:00,Unisender,email,"{17104677,17569777}",Pandas-v3
2024-01-17 10:14:00,Unisender,email,"{17147699,17428973,17428975,18451713}",Pandas-v3
2024-01-17 10:19:00,telegram,bot-send,"{16784957,20490049}",Pandas-v3
2024-01-17 11:11:00,unisender,email,{17264537},Pandas-v3
2024-01-17 11:11:00,unisender,email,{17264537},Pandas-pre
2024-01-17 11:15:00,unisender,email,{17130693},Pandas-v3
2024-01-24 11:47:00,telegram,bot-send,{16529727},Workshop-RFM
2024-01-24 12:45:00,telegram,bot-send,{17177743},Workshop-RFM
2024-01-24 18:59:00,telegram,social,{16087433},Workshop-RFM
2024-02-07 18:34:00,unisender,email,{15921957},6 каверз
2024-02-07 18:39:00,unisender,email,{16051969},6 каверз
2024-02-08 08:44:00,,,{17167845},Оплата
2024-02-09 10:05:00,unisender,email,"{15928337,19015561,19024235}",6 каверз
2024-02-10 14:10:00,unisender,email,{17175813},HARD-SQL
2024-02-19 15:21:00,telegram,bot-send,{15916845},Workshop-RFM
2024-03-06 18:07:00,unisender,email,{15960225},ROADMAP
2024-03-08 08:28:00,telegram,bot-send,{16529429},08.03.2024
2024-04-05 08:51:00,,,"{12718265,18840823,21317974}",Студент
2024-04-05 09:29:00,telegram,social,{17167845},SPEC-DA-TEST
2025-01-26 09:30:00,telegram,bot-send,"{16017013,16532045,18912267}",web-2801
2024-04-05 10:07:00,telegram,bot-send,"{16766595,17554027}",SPEC-DA-TEST-START
2024-04-16 14:12:00,,social,{15930477},SQL-16-04-24
2024-04-25 17:12:00,bloger,post,"{5983741,16765093}",ГЛЕБ042024
2024-06-11 09:02:00,telegram,social,"{16765779,18914999}",student-project
2024-06-11 11:44:00,telegram,bot-send,"{15921749,16695207,16773339}",student-project
2024-06-11 12:17:00,telegram,social,{16572265},student-project
2024-06-11 16:32:00,telegram,paid-placement,"{16833811,16833813}",web_13_06
2024-06-11 16:40:00,telegram,bot-send,"{15903385,16766413,18515647}",student-project
2024-06-11 17:24:00,telegram,paid-placement,{15924905},web_13_06
2024-06-11 17:58:00,telegram,paid-placement,"{15895095,16011643,19032967}",web_13_06
2025-01-28 09:01:00,telegram,bot-send,"{5800233,16764845}",web-2801
2024-06-11 19:10:00,telegram,social,{16814977},student-project
2024-06-11 20:03:00,telegram,social,{5807709},20ideas
2024-06-11 20:06:00,telegram,social,{5807709},ROADMAP
2024-06-11 20:51:00,telegram,paid-placement,"{17156637,20605369,20764479}",web_13_06
2024-06-11 21:07:00,telegram,paid-placement,{15585685},web_13_06
2024-06-12 00:31:00,telegram,bot-send,{13166349},web_13_06
2024-08-20 08:21:00,telegram,social,{15538843},intensive-analyst
2024-08-21 12:13:00,telegram,bot-send,"{15942213,16974953,20010059}",plan-python
2024-08-21 12:59:00,material,plan-for-learning-python,{15556555},Python-FREE
2024-08-21 13:44:00,telegram,bot-send,"{15916041,18583517}",intensive-analyst
2024-08-21 13:44:00,unisender,email,"{9343497,22856197,25323757}",plan-python
2024-08-21 14:57:00,telegram,social,{17177205},intensive-analyst
2024-08-23 09:24:00,unisender,email,{16003915},plan-python
2024-08-23 10:40:00,,,"{9649707,18908843,24129719}",Консультация
2024-08-25 16:25:00,telegram,social,{13166349},intensive-analyst
2024-08-26 21:39:00,,,{13904427},Консультация
2024-09-04 17:36:00,unisender,email,{5801075},become-analyst
2024-09-20 12:55:00,telegram,social,"{7710743,14717267}",Студент
2024-10-08 15:08:00,telegram,bot-send,"{16281907,16792385}",web-geo-analyt
2024-10-23 15:48:00,telegram,paid-placement,{17105135},web-2310
2024-11-08 11:27:00,telegram,social,{12349789},web-1211
2024-11-12 12:11:00,bloger,post,"{16531399,16771081}",web-1211
2024-11-14 00:15:00,telegram,social,"{15942213,16974953,20010059}",web-1211
2024-11-14 00:15:00,telegram,paid-placement,"{16312435,19011609}",web-1211
2024-11-14 00:16:00,telegram,bot-send,"{15621747,16768801}",web-1211
2024-11-14 00:16:00,bloger,post,"{17143617,20730839}",web-1211
2024-11-14 00:16:00,bloger,post,"{17143617,20730839}",web-1211
2024-12-04 14:06:00,telegram,social,{9832301},web-0412
2024-12-05 13:55:00,telegram,bot-send,{10419305},web-0412
2024-12-13 08:59:00,telegram,social,"{11787181,12343743,25212617}",web-1712
2024-12-24 16:17:00,telegram,bot-send,{5801595},web-2412
2025-01-06 08:56:00,telegram,bot-send,{16816881},advent
2025-01-06 09:37:00,telegram,bot-send,{11980183},advent
2025-01-06 10:07:00,telegram,paid-placement,"{17147699,17428973,17428975,18451713}",autoweb-yandex
2025-01-06 13:08:00,telegram,data_publication,"{16350253,24481101,25366559}",autoweb-become-analyst
2025-01-07 12:05:00,,,{15929783},advent
2025-01-08 10:20:00,unisender,email,"{15667785,18847199,19503222}",advent
2024-01-17 08:22:00,unisender,email,{17167117},Pandas-v3
2024-01-17 08:23:00,unisender,email,"{16893085,18609873,19990099}",Pandas-v3
2024-02-08 10:53:00,,,"{12718265,18840823,21317974}",Студент
2024-02-21 10:12:00,telegram,social,"{16275885,17101289,24452351}",HARD-SQL
2024-02-22 10:15:00,unisender,email,{11264135},Workshop-RFM
2024-02-24 08:10:00,telegram,social,"{15924193,17108465,22058459}",HARD-SQL
2024-02-24 08:10:00,telegram,social,"{15924193,17108465,22058459}",HARD-SQL
2024-02-24 10:18:00,telegram,bot-send,{15569323},Workshop-RFM
2024-03-10 10:31:00,unisender,email,"{16773339,17631349,18418999,23464085}",08.03.2024
2024-03-10 10:34:00,telegram,bot-send,{16003201},08.03.2024
2024-03-10 13:14:00,telegram,bot-send,{17162981},08.03.2024
2024-03-11 06:53:00,telegram,bot-send,{5807709},ROADMAP
2024-03-12 11:09:00,telegram,bot-send,"{15548959,16763825,18256737,19434630}",20ideas
2024-03-15 10:26:00,telegram,bot-send,{16686601},20ideas
2024-03-19 10:25:00,unisender,email,"{15560415,16770403}",Ads-metrics
2024-03-25 15:10:00,instagram,cpa,{11537905},Workshop-RFM
2024-03-27 12:13:00,telegram,social,"{17146215,17146219,17177795}",tinkoff-1
2024-03-29 12:36:00,telegram,bot-send,"{16528877,16801525,16816427,16865855}",DA-TEST-START
2024-03-29 17:24:00,unisender,email,"{16056423,16769383}",tinkoff-1
2024-03-29 17:47:00,unisender,email,"{15921749,16695207,16773339}",DA-TEST
2024-04-04 12:26:00,telegram,bot-send,"{11929247,16765787,18772107}",abc-portfolio
2024-04-04 12:30:00,telegram,bot-send,"{16059185,19052623}",abc-portfolio
2024-04-04 12:51:00,unisender,email,{16868745},abc-portfolio
2024-04-04 13:25:00,telegram,bot-send,{16531253},abc-portfolio
2024-04-04 13:38:00,telegram,social,"{15970405,16774017}",abc-portfolio
2024-04-04 13:42:00,telegram,social,"{17146799,17328989}",abc-portfolio
2024-04-04 13:45:00,telegram,bot-send,"{17141409,18672391}",abc-portfolio
2024-04-04 13:47:00,unisender,email,{11264135},abc-portfolio
2024-04-04 14:30:00,telegram,social,"{15933065,16754539}",abc-portfolio
2024-04-04 14:37:00,telegram,social,"{15946775,16785195,17577077}",abc-portfolio
2024-04-04 15:13:00,telegram,social,"{12084195,16975267}",abc-portfolio
2024-04-04 16:04:00,unisender,email,"{16762011,16816349}",abc-portfolio
2024-04-04 16:18:00,telegram,social,"{15356727,17100247}",abc-portfolio
2024-04-04 16:29:00,telegram,bot-send,"{15922681,16560611}",abc-portfolio
2024-04-04 17:48:00,telegram,social,{15536401},abc-portfolio
2024-04-04 19:06:00,unisender,email,{15930551},abc-portfolio
2024-04-04 21:49:00,telegram,bot-send,"{17141895,18859951,22029899}",abc-portfolio
2024-04-04 22:01:00,unisender,email,{16122975},abc-portfolio
2024-04-05 07:59:00,telegram,social,"{16765779,18914999}",SPEC-DA-TEST-START
2024-04-05 09:11:00,telegram,social,"{17123865,17560467,18878981}",SPEC-DA-TEST-START
2024-04-05 09:16:00,telegram,social,{17167845},SPEC-DA-TEST-START
2024-04-05 09:21:00,telegram,social,{17167845},SPEC-DA-TEST-START
2024-04-05 09:22:00,telegram,social,"{15999339,16764375}",SPEC-DA-TEST
2024-04-05 09:37:00,telegram,bot-send,{17167117},SPEC-DA-TEST-START
2024-04-05 09:38:00,unisender,email,{16003915},SPEC-DA-TEST-START
2024-04-05 09:41:00,telegram,social,{11989079},SPEC-DA-TEST-START
2024-04-05 09:44:00,telegram,bot-send,{16008929},SPEC-DA-TEST-START
2024-04-05 09:47:00,telegram,bot-send,{15960225},SPEC-DA-TEST-START
2024-04-05 09:53:00,telegram,bot-send,{16008929},SPEC-DA-TEST
2024-04-05 09:53:00,telegram,bot-send,{15960225},SPEC-DA-TEST
2024-04-05 09:54:00,telegram,bot-send,"{16524625,19066647,20106413}",SPEC-DA-TEST
2024-04-05 10:01:00,unisender,email,{15539831},SPEC-DA-TEST-START
2024-04-05 10:01:00,unisender,email,{15999087},SPEC-DA-TEST
2024-04-05 10:04:00,telegram,bot-send,{11377605},SPEC-DA-TEST-START
2024-04-05 10:05:00,telegram,social,{15569323},abc-portfolio
2024-04-05 10:08:00,telegram,bot-send,{16037581},SPEC-DA-TEST-START
2024-04-05 10:09:00,telegram,bot-send,{11377605},SPEC-DA-TEST
2024-04-05 10:12:00,unisender,email,{15539831},SPEC-DA-TEST
2024-04-05 10:12:00,telegram,bot-send,"{16766595,17554027}",SPEC-DA-TEST
2024-04-05 10:15:00,telegram,bot-send,{16037581},SPEC-DA-TEST
2024-04-05 10:15:00,unisender,email,"{17122293,18713659}",SPEC-DA-TEST-START
2024-04-05 10:23:00,telegram,social,{2199985},SPEC-DA-TEST-START
2024-04-05 10:27:00,telegram,social,"{15933065,16754539}",SPEC-DA-TEST-START
2024-04-05 10:27:00,telegram,social,{2199985},SPEC-DA-TEST
2024-04-05 10:28:00,telegram,social,{15536401},SPEC-DA-TEST
2024-04-08 09:46:00,telegram,bot-send,"{15948581,16764269}",DA-TEST-START
2024-04-09 10:29:00,telegram,bot-send,"{16684485,18689443}",Python-FREE
2024-04-11 08:45:00,telegram,social,"{11787181,12343743,25212617}",ROADMAP
2024-04-11 09:27:00,unisender,email,{11989079},ROADMAP
2024-04-11 09:59:00,telegram,social,{16814977},ROADMAP
2024-04-11 13:34:00,unisender,email,"{16815989,19322542,20014965}",ROADMAP
2024-04-11 13:40:00,telegram,bot-send,"{16815989,19322542,20014965}",Python-FREE
2024-06-12 02:58:00,telegram,paid-placement,"{15571275,17145655}",web_13_06
2024-06-12 04:19:00,unisender,email,{15744043},Python-FREE
2024-06-12 05:36:00,telegram,bot-send,"{16013171,16762871}",student-project
2024-06-12 07:06:00,unisender,email,"{16815989,19322542,20014965}",web_13_06
2024-06-12 07:14:00,telegram,social,{16031367},20ideas
2024-06-12 07:29:00,telegram,paid-placement,"{15970405,16774017}",web_13_06
2024-06-12 08:12:00,telegram,paid-placement,{16979047},web_13_06
2024-06-12 08:14:00,telegram,social,"{15999793,17100049,18568773}",student-project
2024-06-12 08:19:00,,,"{16228633,16771429}",Студент
2024-06-12 08:27:00,,,"{16228633,16771429}",Студент
2024-06-12 08:37:00,telegram,bot-send,{17178355},Студент
2024-06-12 13:52:00,unisender,email,"{15570281,16770335}",student-project
2024-06-12 14:43:00,unisender,email,"{15927075,16695207,17631349,19006309}",Студент
2024-06-12 15:36:00,telegram,bot-send,"{15922169,16767575}",web_13_06
2024-07-06 19:18:00,telegram,social,{17177205},web_09_07
2024-07-08 06:34:00,unisender,email,{17162981},PRODUCT-TEST
2024-07-18 09:59:00,telegram,bot-send,{16191753},DA-TEST
2024-07-19 10:58:00,telegram,bot-send,"{16013985,17154261,19412264,20682793}",web_23_07
2024-07-28 13:29:00,telegram,social,{5807709},PRODUCT-TEST
2024-09-10 07:21:00,telegram,social,{15378039},Студент
2024-09-10 15:27:00,telegram,bot-send,"{10787621,16772781}",become-analyst
2024-09-10 20:22:00,telegram,social,{5825207},become-analyst
2024-09-24 10:14:00,telegram,social,"{16017013,16532045,18912267}",web-2409
2024-09-24 13:01:00,telegram,social,"{17146035,17191367}",web-2409
2024-10-25 10:19:00,,,{11989079},HARD-SQL
2024-11-02 09:03:00,unisender,email,{16054019},web-0611
2024-11-02 09:03:00,telegram,bot-send,"{16763135,17560101}",web-0611
2024-11-02 09:04:00,telegram,bot-send,"{15924193,17108465,22058459}",web-0611
2024-11-02 09:04:00,telegram,bot-send,{15577061},web-0611
2024-11-02 09:04:00,telegram,social,{15922633},web-0611
2024-11-06 16:03:00,vkontakte,social,"{15539937,16762403}",web-0611
2024-11-06 16:16:00,telegram,paid-placement,"{9347081,17154923}",web-0611
2024-11-06 16:47:00,unisender,email,"{16833811,16833813}",web-0611
2024-11-09 13:16:00,telegram,paid-placement,"{15555667,16762071}",web-1211
2024-11-09 15:18:00,telegram,social,"{17151209,19295911,21692221}",web-1211
2024-12-05 05:47:00,unisender,email,"{8597793,15922723,17127455}",web-0412
2024-12-06 09:31:00,telegram,social,{11989079},web-1112
2024-12-06 10:02:00,telegram,bot-send,{17060195},web-1112
2024-12-06 10:35:00,telegram,bot-send,{5801595},web-1112
2024-12-07 18:24:00,admitad,,"{16003565,17553527,17829067,20886197,22364977,23647487,24161655}",Python-FREE
2024-12-11 07:31:00,telegram,bot-send,{16322715},web-0412
2024-12-17 10:10:00,telegram,bot-send,{16003203},web-1712
2024-12-24 15:51:00,telegram,paid-placement,"{11787181,12343743,25212617}",web-2412
2025-01-08 14:37:00,telegram,bot-send,"{15933065,16754539}",advent
2025-01-14 16:03:00,telegram,bot-send,"{15922681,16560611}",web-1401
2025-01-14 16:03:00,telegram,social,"{17151209,19295911,21692221}",web-1401
2025-01-14 17:51:00,telegram,bot-send,{16078217},DA-TEST-START
2025-01-15 10:54:00,telegram,social,{17033243},Ads-metrics
2025-01-16 09:48:00,telegram,social,"{9349901,18448353}",web-1401
2025-01-24 08:40:00,telegram,bot-send,"{16002555,16784777}",web-2801
2023-12-19 10:54:00,unisender,email,"{16170213,16978525}",Pandas-pre
2023-12-19 10:55:00,unisender,email,"{16170213,16978525}",Pandas-v1
2023-12-19 11:29:00,telegram,,"{8358657,16574417}",Pandas-pre
2023-12-19 11:42:00,telegram,,"{8597793,15922723,17127455}",Pandas-pre
2023-12-19 11:43:00,telegram,,"{15922169,16767575}",Pandas-pre
2023-12-19 11:43:00,telegram,,"{15922169,16767575}",Pandas-v1
2023-12-19 11:43:00,telegram,,"{15922169,16767575}",Pandas-V1
2023-12-19 11:44:00,telegram,,"{15916041,18583517}",Pandas-pre
2023-12-24 18:35:00,bot,free-course-pandas,"{11014471,18361379}",Pandas-pre
2024-02-08 13:38:00,telegram,social,{16842355},6 каверз
2024-02-08 13:39:00,telegram,social,{16031367},6 каверз
2024-03-22 09:45:00,unisender,email,{11264135},DA-TEST
2024-03-22 12:38:00,telegram,bot-send,"{15969863,18953713}",DA-TEST-START
2024-04-04 11:14:00,telegram,bot-send,{15989583},abc-portfolio
2024-04-04 20:37:00,telegram,bot-send,{15539831},abc-portfolio
2024-04-05 10:48:00,telegram,social,"{12084195,16975267}",SPEC-DA-TEST
2024-04-05 10:49:00,telegram,social,{15916845},SPEC-DA-TEST-START
2024-04-05 10:59:00,telegram,social,{15916845},SPEC-DA-TEST
2024-04-05 11:03:00,telegram,bot-send,{15989583},SPEC-DA-TEST
2024-04-05 11:26:00,telegram,bot-send,{16531253},SPEC-DA-TEST-START
2024-04-05 11:26:00,telegram,bot-send,"{5800343,16767323}",SPEC-DA-TEST-START
2024-04-05 11:33:00,telegram,bot-send,{16531253},SPEC-DA-TEST
2024-04-05 11:53:00,telegram,social,{15930477},SPEC-DA-TEST-START
2024-04-05 12:14:00,telegram,bot-send,{15607005},SPEC-DA-TEST-START
2024-04-05 12:18:00,telegram,bot-send,"{16766369,17160145,17556815}",SPEC-DA-TEST-START
2024-04-05 12:18:00,telegram,social,"{5848071,20887407}",SPEC-DA-TEST-START
2024-04-05 12:21:00,telegram,bot-send,"{16766369,17160145,17556815}",SPEC-DA-TEST
2024-04-05 12:23:00,telegram,bot-send,{15607005},SPEC-DA-TEST
2024-04-05 12:24:00,telegram,social,"{5848071,20887407}",SPEC-DA-TEST
2024-04-05 12:37:00,telegram,bot-send,{15607005},SPEC-DA-TEST
2024-04-05 12:43:00,unisender,email,"{15889391,16766247,19329846,20771041}",SPEC-DA-TEST-START
2024-04-05 12:51:00,telegram,social,"{17146215,17146219,17177795}",SPEC-DA-TEST
2024-04-05 13:01:00,telegram,bot-send,{16770865},SPEC-DA-TEST-START
2024-04-05 13:08:00,telegram,bot-send,{16770865},SPEC-DA-TEST
2024-04-05 13:23:00,telegram,social,"{15908653,16763405}",SPEC-DA-TEST
2024-04-05 13:36:00,telegram,social,"{16552793,17148487}",SPEC-DA-TEST-START
2024-04-05 13:39:00,telegram,bot-send,"{16748663,17100103}",SPEC-DA-TEST-START
2024-04-05 14:12:00,telegram,social,{15927495},SPEC-DA-TEST-START
2024-04-05 14:12:00,telegram,social,{16572265},SPEC-DA-TEST
2024-04-05 14:12:00,telegram,social,{15927495},SPEC-DA-TEST-START
2024-04-05 14:18:00,telegram,bot-send,"{16081745,16601531,17159091,18908721}",SPEC-DA-TEST
2024-04-05 14:19:00,telegram,bot-send,{13166349},abc-portfolio
2024-04-05 16:13:00,telegram,social,"{15938237,16761965}",SPEC-DA-TEST-START
2024-04-05 16:14:00,telegram,social,"{15938237,16761965}",SPEC-DA-TEST
2024-04-05 16:17:00,telegram,social,"{16002555,16784777}",SPEC-DA-TEST-START
2024-04-05 16:27:00,telegram,bot-send,{17178355},SPEC-DA-TEST-START
2024-04-05 17:04:00,telegram,bot-send,"{5802551,18648021}",SPEC-DA-TEST
2024-04-05 18:09:00,unisender,email,"{17151345,17232163,19399386}",SPEC-DA-TEST-START
2024-04-05 18:49:00,telegram,social,"{15924193,17108465,22058459}",abc-portfolio
2024-04-05 18:56:00,vkontakte,social,"{16699695,19653806}",tinkoff-1
2024-04-05 23:36:00,unisender,email,"{16570977,18237375}",SPEC-DA-TEST-START
2024-04-06 02:11:00,telegram,bot-send,{13166349},SPEC-DA-TEST-START
2024-04-06 02:55:00,telegram,social,{11980183},SPEC-DA-TEST-START
2024-04-06 03:34:00,telegram,social,{16743397},SPEC-DA-TEST
2024-04-06 07:16:00,telegram,bot-send,"{17146943,18333051,18385799,18908377}",SPEC-DA-TEST
2024-06-12 19:13:00,telegram,paid-placement,"{16773339,17310203}",web_13_06
2024-06-13 06:26:00,telegram,bot-send,"{16561641,17151733}",Python-FREE
2024-06-13 06:45:00,telegram,social,"{16267739,19910637,22930899}",student-project
2024-06-13 07:20:00,unisender,email,"{16561769,17099415}",web_13_06
2024-06-13 07:49:00,telegram,bot-send,{17160145},web_13_06
2024-06-13 07:53:00,telegram,bot-send,"{16011643,16871171,19092417}",web_13_06
2024-06-13 07:54:00,telegram,bot-send,"{17150867,17177837}",web_13_06
2024-06-13 07:58:00,telegram,bot-send,{16542771},plan-python
2024-06-13 09:13:00,telegram,bot-send,"{16774081,17032641}",web_13_06
2024-06-13 09:13:00,telegram,bot-send,"{16638863,21141338,21960773,25014165}",web_13_06
2024-06-13 09:25:00,telegram,bot-send,{15556555},web_13_06
2024-06-13 09:33:00,telegram,social,"{17174229,17563043}",web_13_06
2024-06-13 09:36:00,telegram,bot-send,{17034101},web_13_06
2024-06-13 11:05:00,unisender,email,{16816361},web_13_06
2024-06-13 11:08:00,telegram,social,"{15946775,16785195,17577077}",plan-python
2024-06-13 11:09:00,telegram,social,"{15924193,17108465,22058459}",web_13_06
2024-06-13 11:56:00,telegram,social,"{8328733,20015455}",student-project
2024-06-18 12:04:00,telegram,bot-send,"{17128911,20600771}",КАРЬЕРНЫЙ
2024-06-21 12:07:00,telegram,social,{16529429},student-project
2024-07-09 15:58:00,telegram,bot-send,"{16785101,17610155}",web_09_07
2024-07-09 16:16:00,telegram,social,{16528805},web_09_07
2024-07-12 11:42:00,telegram,social,"{16017013,16532045,18912267}",DA-TEST-START
2024-07-18 10:17:00,telegram,bot-send,"{17123457,17541177,18678281,21487554}",DA-TEST-START
2024-07-23 08:04:00,telegram,social,"{15921589,16766225,18451399}",web_23_07
2024-07-23 17:30:00,telegram,bot-send,{14728903},web_23_07
2024-07-23 17:51:00,telegram,bot-send,"{16784957,20490049}",web_23_07
2024-07-23 23:18:00,telegram,social,{13166349},web_23_07
2024-07-25 10:28:00,telegram,bot-send,"{17064189,21629325}",web_23_07
2024-08-16 07:21:00,telegram,social,"{11929247,16765787,18772107}",intensive-analyst
2024-08-20 01:23:00,telegram,social,"{16017013,16532045,18912267}",intensive-analyst
2024-08-20 16:02:00,bloger,post,"{17154281,18638507}",intensive-analyst
2024-09-24 13:56:00,telegram,social,{13166349},web-2409
2024-09-24 14:01:00,unisender,email,{17098575},web-2409
2024-09-24 16:02:00,unisender,email,{17098575},web-2409
2024-11-02 09:05:00,telegram,bot-send,"{17000877,18084425,20490435,22069703,24667759}",web-0611
2024-11-09 16:40:00,telegram,paid-placement,{16816361},web-1211
2024-11-09 19:07:00,telegram,social,{5804501},web-1211
2024-11-09 19:07:00,telegram,social,{5804501},web-1211
2024-11-09 19:12:00,telegram,social,{5804501},web-1211
2024-11-09 19:53:00,telegram,social,{16104917},web-1211
2024-11-09 20:06:00,telegram,paid-placement,"{17147329,17580017,21615360}",web-1211
2024-11-10 03:21:00,telegram,bot-send,{16996099},web-2910
2024-12-20 10:38:00,telegram,bot-send,"{15924193,17108465,22058459}",web-2412
2024-12-20 10:38:00,telegram,bot-send,{17145927},web-2412
2025-01-17 12:09:00,telegram,bot-send,"{1460603,23961501}",web-2101
2025-01-19 21:43:00,telegram,social,{16078217},Ads-metrics
2023-12-27 12:06:00,,,{16862903},Студент
2024-01-04 10:39:00,bot,events-simulative,{17034101},Pandas-v2
2024-01-04 10:39:00,bot,events-simulative,{17034101},Pandas-v2
2024-01-04 11:06:00,bot,events-simulative,"{11014471,18361379}",Pandas-pre
2024-01-04 11:09:00,bot,testovoe-ozon,"{15922439,19436980,20455897}",Pandas-v2
2024-01-04 11:16:00,bot,value-sql,{17198039},Pandas-pre
2024-01-04 11:21:00,bot,value-sql,{17198039},Pandas-VIP
2024-01-04 11:48:00,bot,free-course-pandas,"{3817811,12210285,18900811,19630602}",Pandas-pre
2024-01-04 11:48:00,bot,free-course-pandas,"{3817811,12210285,18900811,19630602}",Pandas-v2
2024-01-04 11:48:00,bot,free-course-pandas,"{3817811,12210285,18900811,19630602}",Pandas-v2
2024-01-04 11:58:00,telegram,,"{17146799,17328989}",Pandas-pre
2024-01-04 11:59:00,telegram,,"{17146799,17328989}",Pandas-v2
2024-02-08 13:49:00,telegram,social,{15999087},6 каверз
2024-02-08 13:51:00,telegram,social,"{16770865,19301406}",6 каверз
2024-04-06 11:34:00,telegram,social,"{15924193,17108465,22058459}",SPEC-DA-TEST-START
2024-04-06 11:41:00,telegram,social,"{15924193,17108465,22058459}",SPEC-DA-TEST
2024-04-06 11:44:00,vkontakte,social,{16521983},Workshop-RFM
2024-04-06 11:44:00,vkontakte,social,{16521983},Workshop-RFM
2024-04-06 13:46:00,telegram,social,{12349789},SPEC-DA-TEST
2024-04-07 06:22:00,telegram,bot-send,"{16549177,20634357}",SPEC-DA-TEST
2024-04-07 07:40:00,vk_ads,cpm,"{11929247,16765787,18772107}",Workshop-RFM
2024-04-07 10:48:00,unisender,email,{11264135},SPEC-DA-TEST
2024-04-07 13:22:00,telegram,bot-send,{5845449},abc-portfolio
2024-04-07 17:37:00,telegram,bot-send,"{15921793,15927163,17122529}",SPEC-DA-TEST-START
2024-04-07 17:42:00,telegram,bot-send,"{15921793,15927163,17122529}",SPEC-DA-TEST
2024-04-07 18:13:00,telegram,bot-send,"{16002315,17136577,18651907,18658731,19040861}",Ads-metrics
2024-04-08 06:17:00,telegram,bot-send,"{17147699,17428973,17428975,18451713}",abc-portfolio
2024-04-08 11:05:00,telegram,social,"{16053107,16761795}",SPEC-DA-TEST-START
2024-04-08 11:10:00,telegram,social,"{16053107,16761795}",SPEC-DA-TEST
2024-04-08 11:23:00,unisender,email,{6707403},SPEC-DA-TEST-START
2024-04-08 11:28:00,unisender,email,{6707403},SPEC-DA-TEST
2024-04-08 12:17:00,telegram,bot-send,"{16011643,16871171,19092417}",SPEC-DA-TEST
2024-01-17 09:02:00,telegram,bot-send,{15588591},Pandas-VIP
2024-01-17 09:04:00,,,"{16528877,16801525,16816427,16865855}",Pandas-v3
2024-04-09 06:42:00,instagram,cpa,{17130693},Workshop-RFM
2024-04-09 07:18:00,unisender,email,"{15995043,16764165,18222859}",abc-portfolio
2024-04-09 09:23:00,telegram,social,"{15555667,16762071}",Python-FREE
2024-04-09 09:24:00,unisender,email,{16764879},Python-FREE
2024-04-09 09:25:00,telegram,social,{15999087},Python-FREE
2024-04-09 09:29:00,telegram,social,"{16003565,16764873,17290925,17553527,17829067,19544884,19867361,20886197,24161655,24395845}",Python-FREE
2024-01-17 11:05:00,,,{17264537},Pandas-v3
2024-04-09 09:38:00,telegram,social,"{16275885,17101289,24452351}",Python-FREE
2024-04-09 09:41:00,unisender,email,{15924401},Python-FREE
2024-04-09 09:43:00,unisender,email,{16005629},Python-FREE
2024-04-09 09:52:00,unisender,email,"{17146943,18333051,18385799,18908377}",Python-FREE
2024-04-09 10:13:00,unisender,email,{17167117},Python-FREE
2024-04-09 10:19:00,telegram,bot-send,{16788821},Python-FREE
2024-04-09 10:21:00,telegram,bot-send,{11377605},Python-FREE
2024-04-09 10:22:00,unisender,email,{17110453},Python-FREE
2024-04-11 18:58:00,unisender,email,"{16003565,16764873,17290925,17553527,17829067,19544884,19867361,20886197,24161655,24395845}",ROADMAP
2024-04-13 05:27:00,unisender,email,"{16002965,18672699}",ROADMAP
2024-04-29 21:34:00,old-lms,menu,{16087433},DA-TEST-START
2024-04-29 21:43:00,old-lms,menu,{16087433},DA-TEST-START
2024-06-13 15:56:00,telegram,bot-send,"{16773339,17631349,18418999,23464085}",web_13_06
2024-06-13 15:56:00,telegram,bot-send,{15922359},web_13_06
2024-06-13 15:56:00,unisender,email,"{15921589,16766225,18451399}",web_13_06
2024-06-13 15:57:00,telegram,social,"{15539937,16762403}",web_13_06
2024-06-13 15:57:00,telegram,bot-send,"{16744437,20683779,21610186}",web_13_06
2024-06-13 15:58:00,telegram,social,"{15571275,17145655}",web_13_06
2024-06-13 15:58:00,telegram,social,{15930477},web_13_06
2024-06-13 16:01:00,telegram,social,{11989079},student-project
2024-01-24 10:28:00,python_tesst,,"{11436455,16520809}",Workshop-RFM
2024-01-24 10:28:00,python_tesst,,"{11436455,16520809}",Workshop-RFM
2024-06-13 16:02:00,unisender,email,"{5809177,16767187,16767203}",student-project
2024-01-29 07:29:00,bot,free-course-pandas,{15989583},Студент
2024-06-13 16:24:00,telegram,social,"{17174229,17563043}",web_13_06
2024-06-13 16:25:00,telegram,social,"{17174229,17563043}",web_13_06
2024-06-13 16:25:00,telegram,social,"{17174229,17563043}",web_13_06
2024-07-18 10:45:00,unisender,email,{17089011},DA-TEST-START
2024-02-05 14:06:00,unisender,email,{5801075},6 каверз
2024-02-07 14:04:00,unisender,email,{5825207},6 каверз
2024-07-22 06:46:00,unisender,email,"{15545853,20697223}",web_23_07
2024-07-22 06:46:00,unisender,email,{15960225},web_23_07
2024-07-22 06:47:00,unisender,email,{5804161},web_23_07
2024-08-02 09:50:00,telegram,bot-send,"{15950709,16529323,16770067}",web-resume
2024-08-20 16:35:00,telegram,bot-send,{16489279},intensive-analyst
2024-08-26 15:26:00,telegram,bot-send,{15922451},Консультация
2024-09-04 20:08:00,telegram,social,{5804501},become-analyst
2024-09-16 11:14:00,telegram,bot-send,"{17262125,17262127}",become-bi
2024-09-24 16:11:00,telegram,bot-send,"{15931977,16764213}",web-2409
2024-10-03 17:31:00,unisender,email,"{15995043,16764165,18222859}",web-geo-analyt
2024-11-06 16:19:00,telegram,social,{13904427},web-0611
2024-11-06 16:20:00,telegram,bot-send,"{16259985,16762065,19576502,24830799}",web-0611
2024-11-08 08:24:00,telegram,bot-send,"{17064189,21629325}",web-0611
2024-11-08 12:30:00,telegram,bot-send,"{17143617,20730839}",web-1211
2024-03-05 14:52:00,unisender,email,{11074775},ROADMAP
2024-11-10 08:49:00,telegram,bot-send,{16770865},web-2910
2024-11-10 12:26:00,telegram,paid-placement,"{16561769,17099415}",web-1211
2024-11-10 13:02:00,telegram,bot-send,"{10421587,12718265,22965161}",web-1211
2024-03-09 08:39:00,telegram,social,"{16003791,16767769}",08.03.2024
2024-03-09 08:40:00,telegram,bot-send,{16528805},08.03.2024
2024-11-10 18:33:00,telegram,bot-send,"{15943891,16773887}",Студент
2024-03-09 13:13:00,unisender,email,"{10694763,10904619}",08.03.2024
2024-03-10 07:01:00,unisender,email,"{16066779,16770183}",08.03.2024
2024-03-10 07:04:00,telegram,bot-send,"{17147699,17428973,17428975,18451713}",ROADMAP
2024-11-13 23:21:00,bloger,post,{16788821},web-1211
2024-11-13 23:48:00,telegram,bot-send,{8346889},web-1211
2024-11-14 00:21:00,telegram,social,"{15942213,16974953,20010059}",web-1211
2024-11-14 00:21:00,telegram,social,"{16281907,16792385}",web-1211
2024-03-22 18:32:00,,,{15932451},DA-TEST-START
2024-11-14 00:21:00,telegram,social,"{16017013,16532045,18912267}",web-1211
2024-11-20 12:57:00,telegram,bot-send,"{15942213,16974953,20010059}",Кейс-АЦ
2024-11-22 08:50:00,,,"{17163457,18257003,22568895}",Экскурсия
2024-11-28 18:37:00,telegram,bot-send,"{9164281,17166441}",Студент
2024-12-20 15:32:00,unisender,email,{15569323},web-2412
2024-12-22 15:06:00,unisender,email,"{16570977,18237375}",web-2412
2025-01-17 13:08:00,unisender,email,{16003203},web-2101
2024-04-05 12:35:00,telegram,social,{11989079},SPEC-DA-TEST
2024-04-19 09:40:00,bot,events-simulative,{16847909},Студент
2024-04-19 10:01:00,Unisender,email,{17110453},SPEC-DA-TEST-START
2024-04-19 10:06:00,Unisender,email,{17110453},SPEC-DA-TEST
2024-04-19 10:16:00,Unisender,email,"{15545853,24411065,24447353}",SPEC-DA-TEST-START
2024-04-19 10:19:00,Unisender,email,"{15545853,24411065,24447353}",SPEC-DA-TEST
2024-04-19 10:30:00,Unisender,email,{12022681},SPEC-DA-TEST-START
2023-12-30 17:01:00,instagram,cpa,"{17262125,17262127}",Pandas-pre
2024-01-03 08:11:00,bot,events-simulative,{15927361},Pandas-pre
2024-01-03 08:51:00,bot,testovoe-ozon,"{15548959,16763825,18256737,19434630}",Pandas-pre
2024-01-03 08:51:00,bot,testovoe-ozon,"{5802551,18648021}",Pandas-v2
2024-01-03 08:51:00,bot,testovoe-ozon,"{5802551,18648021}",Pandas-v2
2024-01-03 08:51:00,bot,testovoe-ozon,"{15548959,16763825,18256737,19434630}",Pandas-v2
2024-01-04 11:03:00,bot,events-simulative,"{11014471,18361379}",Pandas-pre
2024-01-10 11:53:00,instagram,cpa,{17130693},Pandas-v3
2024-04-03 17:14:00,unisender,email,{16930131},20ideas
2024-04-03 17:54:00,unisender,email,{16930131},ROADMAP
2024-04-09 10:29:00,telegram,social,{16031367},abc-portfolio
2024-04-09 10:34:00,telegram,bot-send,{16037581},Python-FREE
2024-04-09 10:37:00,telegram,bot-send,"{16748663,17100103}",Python-FREE
2024-04-09 10:41:00,unisender,email,"{5814679,20781819}",Python-FREE
2024-04-09 10:42:00,telegram,bot-send,"{17038527,17683033}",Python-FREE
2024-04-09 10:44:00,telegram,bot-send,"{11470833,16796217,16796225}",Python-FREE
2024-04-09 11:09:00,telegram,bot-send,{15920135},Python-FREE
2024-04-09 11:15:00,telegram,bot-send,{14763967},Python-FREE
2024-04-09 11:46:00,telegram,bot-send,{16033989},SPEC-DA-TEST-START
2024-04-09 12:20:00,unisender,email,"{16520771,21705141}",Python-FREE
2024-04-09 12:21:00,unisender,email,"{16784957,20490049}",Python-FREE
2024-04-09 12:26:00,telegram,social,"{12705807,19177727}",Python-FREE
2024-04-09 12:34:00,unisender,email,"{12089567,16764831,16764843}",Python-FREE
2024-04-09 12:39:00,unisender,email,{5801075},Python-FREE
2024-04-09 13:34:00,telegram,bot-send,{15607005},Python-FREE
2024-04-09 14:37:00,unisender,email,{9832301},Python-FREE
2024-04-09 15:16:00,telegram,bot-send,"{16529751,18612143}",Python-FREE
2024-04-09 15:18:00,telegram,bot-send,"{16529751,18612143}",Python-FREE
2024-04-09 17:46:00,telegram,bot-send,{16091907},Python-FREE
2024-04-09 18:54:00,unisender,email,{15930551},Python-FREE
2024-04-09 19:22:00,vkontakte,,"{15943891,16773887}",Студент
2024-04-09 22:13:00,unisender,email,{15930551},SPEC-DA-TEST-START
2024-04-09 22:19:00,unisender,email,{15930551},SPEC-DA-TEST
2024-04-10 04:47:00,telegram,bot-send,{16857289},SPEC-DA-TEST-START
2024-04-10 05:06:00,telegram,bot-send,"{16762199,18914983,20980525}",Python-FREE
2024-04-10 07:27:00,telegram,social,"{9649707,18908843,24129719}",Python-FREE
2024-04-10 07:50:00,telegram,social,"{5983741,16765093}",DA-TEST-START
2024-04-10 09:23:00,telegram,social,"{16789571,18175055}",abc-portfolio
2024-04-22 08:38:00,telegram,bot-send,{16529727},Python-FREE
2024-04-10 12:11:00,telegram,bot-send,"{15916041,18583517}",Python-FREE
2024-04-10 12:55:00,telegram,social,"{17064877,17101475}",Студент
2024-04-10 12:56:00,telegram,social,"{16770865,19301406}",DA-TEST-START
2024-04-10 14:17:00,telegram,bot-send,{13166349},Python-FREE
2024-04-10 15:13:00,telegram,bot-send,{13166349},abc-portfolio
2024-04-10 16:13:00,unisender,email,"{15591603,16773121,18378405}",Python-FREE
2024-04-16 09:18:00,telegram,bot-send,"{17000877,18084425,20490435,22069703,24667759}",SQL-16-04-24
2024-04-16 09:19:00,telegram,bot-send,"{15548959,16763825,18256737,19434630}",SQL-16-04-24
2024-04-16 09:19:00,telegram,bot-send,{5820699},SQL-16-04-24
2024-04-16 09:57:00,telegram,bot-send,"{16001545,17165757}",SQL-16-04-24
2024-04-24 16:30:00,bot,cpc,{15941867},Студент
2024-04-16 13:29:00,unisender,email,"{16228633,16771429}",SPEC-DA-TEST-START
2024-05-04 18:25:00,partner,itresume,{6513319},6 каверз
2024-05-08 21:10:00,vkontakte,,"{15943891,16773887}",Студент
2024-06-13 16:03:00,telegram,paid-placement,"{17156637,20605369,20764479}",web_13_06
2024-06-13 16:07:00,telegram,bot-send,"{16744437,20683779,21610186}",web_13_06
2024-06-13 16:13:00,telegram,bot-send,{16287433},student-project
2024-06-13 16:13:00,telegram,social,{15538843},web_13_06
2024-06-13 16:14:00,telegram,social,{16770865},web_13_06
2024-06-13 16:19:00,telegram,bot-send,{14728903},web_13_06
2024-06-13 16:19:00,unisender,email,"{17000877,18084425,20490435,22069703,24667759}",web_13_06
2024-06-13 16:21:00,,,"{15667785,18847199,19503222}",BOOK25+ROADMAP
2024-06-13 16:24:00,telegram,social,"{17174229,17563043}",web_13_06
2024-04-26 15:50:00,unisender,email,"{15921589,16766225,18451399}",Python-FREE
2024-06-13 16:24:00,unisender,email,"{16549177,20634357}",web_13_06
2024-06-13 16:26:00,telegram,social,"{17174229,17563043}",web_13_06
2024-06-13 16:35:00,telegram,bot-send,"{15921749,16695207,16773339}",web_13_06
2024-06-13 16:37:00,telegram,bot-send,"{17146943,18333051,18385799,18908377}",web_13_06
2024-06-13 16:41:00,telegram,social,{15538843},web_13_06
2024-04-26 16:00:00,telegram,social,{16814977},abc-portfolio
2024-06-13 16:55:00,telegram,bot-send,{6513319},web_13_06
2024-06-13 16:55:00,telegram,bot-send,"{16774081,17032641}",web_13_06
2024-06-13 16:56:00,unisender,email,"{10787621,16772781}",web_13_06
2024-06-13 17:00:00,telegram,paid-placement,"{11787181,12343743,25212617}",web_13_06
2024-06-13 17:04:00,telegram,bot-send,"{16011643,16871171,19092417}",web_13_06
2024-06-13 17:07:00,telegram,bot-send,"{16638863,21141338,21960773,25014165}",web_13_06
2024-06-13 17:36:00,telegram,social,"{16228633,16771429}",web_13_06
2024-06-13 17:36:00,telegram,social,"{16228633,16771429}",web_13_06
2024-06-13 17:36:00,unisender,email,"{17000877,18084425,20490435,22069703,24667759}",web_13_06
2024-06-13 17:43:00,telegram,social,{15538843},web_13_06
2024-06-13 17:56:00,telegram,social,"{16011643,19950481,20319115}",web_13_06
2024-06-13 18:08:00,telegram,bot-send,"{17039433,17039435}",web_13_06
2024-06-13 18:56:00,telegram,social,"{17099545,17756329,18078281}",web_13_06
2024-06-13 19:55:00,telegram,social,{13166349},web_13_06
2024-06-13 21:59:00,unisender,email,"{5809673,6441653,19725721,24714571}",student-project
2024-06-13 21:59:00,unisender,email,"{5809673,6441653,19725721,24714571}",student-project
2024-06-14 03:17:00,telegram,bot-send,"{16084821,20106453}",Python-FREE
2024-06-14 04:29:00,unisender,email,"{16561769,17099415}",web_13_06
2024-04-26 17:22:00,telegram,social,{15927495},abc-portfolio
2024-06-14 05:25:00,telegram,bot-send,"{16774081,17032641}",web_13_06
2024-06-14 08:14:00,telegram,bot-send,{16766665},BOOK25+ROADMAP
2024-06-14 08:18:00,telegram,bot-send,"{17150867,17177837}",web_13_06
2024-06-14 09:06:00,unisender,email,"{9349901,18448353}",Ads-metrics
2024-06-14 09:56:00,telegram,bot-send,"{3817811,12210285,18900811,19630602}",СОБЕС-ДЕМО
2024-06-14 10:10:00,telegram,bot-send,"{16691305,16798093}",Python-FREE
2024-06-14 14:53:00,telegram,bot-send,{16200535},SPEC-DA-TEST-START
2024-06-14 17:59:00,telegram,bot-send,{15929783},web_13_06
2024-06-14 18:10:00,telegram,bot-send,{16766665},Студент
2024-06-14 22:17:00,telegram,social,{16031367},DA-TEST-START
2024-06-14 22:30:00,telegram,social,{16031367},Select-Materials
2024-06-15 11:50:00,telegram,social,{15920135},student-project
2024-06-20 11:55:00,unisender,email,"{15950709,16529323,16770067}",МК-Python
2024-06-20 18:19:00,telegram,bot-send,{11989079},МК-Python
2024-06-23 09:19:00,telegram,bot-send,"{15921749,16695207,16773339}",Ozon-25-06
2024-06-23 09:48:00,telegram,bot-send,"{5983741,16765093}",Ozon-25-06
2024-07-08 07:17:00,telegram,social,"{16774081,17032641}",web_09_07
2024-08-06 14:36:00,unisender,email,"{11454861,21354740}",web-resume
2024-08-21 16:38:00,telegram,bot-send,"{2200671,5806435,18084533,20586583}",plan-python
2024-08-21 16:59:00,telegram,bot-send,{9832301},plan-python
2024-09-20 12:00:00,unisender,email,"{16784957,20490049}",web-2409
2024-09-23 16:10:00,telegram,paid-placement,"{11787181,12343743,25212617}",web-2409
2024-09-24 17:06:00,unisender,email,"{11088915,12130285}",web-2409
2024-05-04 10:41:00,,,{16763245},itresume
2024-10-03 16:12:00,telegram,social,{16529429},web-geo-analyt
2024-10-03 16:13:00,telegram,social,"{16552793,17148487}",web-geo-analyt
2024-10-03 16:17:00,telegram,social,"{2200671,5806435,18084533,20586583}",web-geo-analyt
2024-10-15 16:21:00,telegram,bot-send,{14728903},web-power-bi
2024-10-29 16:01:00,telegram,social,{5825207},web-2910
2024-11-02 09:05:00,unisender,email,"{16784197,17303493}",web-0611
2024-11-02 09:05:00,telegram,social,"{16228633,16771429}",web-0611
2024-11-10 15:36:00,telegram,social,"{5693721,16690195,18716943}",web-1211
2024-11-10 15:40:00,telegram,paid-placement,"{16773339,17163457,18418999}",web-1211
2024-11-10 19:01:00,telegram,paid-placement,{12349789},web-1211
2024-11-14 00:21:00,telegram,bot-send,{7366116},web-1211
2024-11-14 00:21:00,bloger,post,"{16259985,16762065,19576502,24830799}",web-1211
2024-11-14 00:22:00,telegram,social,"{8328733,20015455}",web-1211
2024-11-14 00:22:00,telegram,social,"{7710743,14717267}",web-1211
2024-11-14 00:22:00,telegram,social,"{7710743,14717267}",web-1211
2024-11-14 00:22:00,telegram,social,"{8328733,20015455}",web-1211
2024-11-14 00:22:00,telegram,social,"{7710743,14717267}",web-1211
2025-01-07 06:36:00,telegram,bot,{17124297},Python-FREE
2024-05-06 13:11:00,unisender,email,"{16078131,19413190}",DA-TEST-START
2025-01-16 04:51:00,telegram,bot-send,"{16684485,18689443}",Ads-metrics
2024-05-08 18:18:00,telegram,bot-send,"{15916041,18583517}",DA-TEST-START
2025-01-17 11:06:00,telegram,paid-placement,"{16572479,17133213}",autoweb-yandex
2025-01-17 11:26:00,unisender,email,"{1460603,23961501}",web-2101
2025-01-17 11:43:00,unisender,email,"{1460603,23961501}",web-2101
2025-01-17 12:03:00,telegram,paid-placement,{11587469},autoweb-yandex
2025-01-17 12:05:00,telegram,paid-placement,"{17128911,20600771}",autoweb-yandex
2025-01-17 12:06:00,telegram,bot-send,"{1460603,23961501}",web-2101
2024-05-13 11:38:00,unisender,email,"{16775127,16980287}",plan-python
2024-05-16 08:35:00,telegram,social,{15930477},Select-Materials
2024-05-16 15:15:00,unisender,email,"{16520771,21705141}",Select-Materials
2024-05-17 05:40:00,,,"{16978917,16978919}",DA-TEST-START
2024-05-17 19:02:00,unisender,email,"{16833811,16833813}",Python-FREE
2024-04-10 20:06:00,instagram,cpa,"{11436455,16520809}",Workshop-RFM
2024-04-11 06:50:00,telegram,social,"{15970405,16774017}",Python-FREE
2024-04-11 08:42:00,telegram,social,{16529727},ROADMAP
2024-04-11 08:42:00,telegram,social,"{16275885,17101289,24452351}",ROADMAP
2024-04-11 08:46:00,telegram,social,{11377605},ROADMAP
2024-04-11 08:50:00,telegram,social,"{15924193,17108465,22058459}",ROADMAP
2024-04-11 09:06:00,telegram,social,{15873001},Python-FREE
2024-04-11 09:06:00,telegram,social,{15536401},ROADMAP
2024-04-11 09:22:00,unisender,email,{15924401},ROADMAP
2024-04-11 09:22:00,unisender,email,"{15995043,16764165,18222859}",ROADMAP
2024-04-11 09:23:00,unisender,email,{2494413},ROADMAP
2024-08-09 19:59:00,telegram,social,{5801595},web_23_07
2024-04-11 09:33:00,telegram,social,"{12084195,16975267}",ROADMAP
2024-04-11 09:56:00,unisender,email,"{16011643,19950481,20319115}",ROADMAP
2024-04-11 10:12:00,unisender,email,{16531253},abc-portfolio
2024-04-11 10:14:00,unisender,email,{16531253},ROADMAP
2024-04-11 10:18:00,unisender,email,{16531253},Python-FREE
2024-04-11 10:20:00,telegram,bot-send,{16270415},ROADMAP
2024-04-11 11:41:00,telegram,social,"{16003401,16776137,19318216}",ROADMAP
2024-04-11 11:42:00,unisender,email,{17264537},ROADMAP
2024-04-11 11:47:00,telegram,social,"{16769821,16820275,17193675}",ROADMAP
2024-04-11 11:49:00,telegram,social,{17167845},ROADMAP
2024-04-11 12:18:00,telegram,social,{5986731},6 каверз
2024-04-11 12:51:00,telegram,bot-send,{5986731},tinkoff-1
2024-04-11 14:11:00,telegram,social,{5986731},SPEC-DA-TEST-START
2024-05-23 16:37:00,telegram,bot-send,"{16531399,16771081}",20ideas
2024-04-11 14:20:00,unisender,email,{16003915},ROADMAP
2024-04-11 14:29:00,telegram,social,{5986731},HARD-SQL
2024-04-11 14:29:00,telegram,social,{5986731},HARD-SQL
2024-04-11 14:30:00,telegram,social,{5986731},HARD-SQL
2024-04-11 14:43:00,vkontakte,social,"{16011643,16871171,19092417}",ROADMAP
2024-04-11 15:00:00,unisender,email,{9832301},ROADMAP
2024-04-11 15:06:00,unisender,email,{2494413},Python-FREE
2024-04-11 16:14:00,Unisender,email,"{17151209,19295911,21692221}",Экскурсия
2024-04-11 17:27:00,unisender,email,"{10694763,10904619}",ROADMAP
2024-04-11 17:44:00,unisender,email,"{15889391,16766247,19329846,20771041}",ROADMAP
2024-04-11 18:38:00,telegram,bot-send,"{16020473,16771993}",Python-FREE
2024-04-11 19:43:00,telegram,social,"{15970405,16774017}",DA-TEST-START
2024-04-12 05:11:00,unisender,email,{17177205},Python-FREE
2024-04-12 07:33:00,telegram,social,"{17038527,17683033}",SPEC-DA-TEST-START
2024-04-12 07:38:00,telegram,social,"{17038527,17683033}",SPEC-DA-TEST
2024-04-12 13:01:00,telegram,bot-send,"{17123865,17560467,18878981}",Python-FREE
2024-04-13 08:07:00,telegram,social,"{15999339,16764375}",20ideas
2024-04-13 09:00:00,telegram,social,{17032093},DA-TEST-START
2024-04-13 11:34:00,vkontakte,social,"{16699695,19653806}",ROADMAP
2024-04-13 17:29:00,telegram,social,"{15970405,16774017}",Оплата
2024-04-13 19:19:00,telegram,social,"{16002315,17136577,18651907,18658731,19040861}",Python-FREE
2024-04-13 19:27:00,,,"{16011643,16871171,19092417}",itresume
2024-04-14 05:55:00,unisender,email,"{15545853,24411065,24447353}",Python-FREE
2024-04-14 05:57:00,telegram,social,"{15545853,24411065,24447353}",ROADMAP
2024-04-15 06:17:00,telegram,bot-send,"{16003159,18616975}",Python-FREE
2024-04-15 06:47:00,telegram,social,"{16003159,18616975}",ROADMAP
2024-04-15 10:12:00,telegram,social,{16528805},Python-FREE
2024-04-15 11:23:00,unisender,email,"{15921793,15927163,17122529}",Python-FREE
2024-04-15 11:35:00,unisender,email,"{2200671,5806435,18084533,20586583}",Python-FREE
2024-04-15 12:03:00,unisender,email,{16003915},Python-FREE
2024-06-17 08:51:00,telegram,bot-send,"{15570281,16770335}",КАРЬЕРНЫЙ
2024-06-18 07:06:00,telegram,paid-placement,"{16739833,24522659}",КАРЬЕРНЫЙ
2024-06-23 09:13:00,telegram,bot-send,{16784739},Ozon-25-06
2024-06-06 08:19:00,unisender,email,"{16520771,21705141}",ROADMAP
2024-06-06 09:26:00,unisender,email,{17089011},ROADMAP
2024-06-23 18:15:00,unisender,email,"{17146943,18333051,18385799,18908377}",Ozon-25-06
2024-06-25 07:34:00,unisender,email,"{15921749,16695207,16773339}",Ozon-25-06
2024-06-25 08:04:00,telegram,bot-send,"{16081745,16601531,17159091,18908721}",Ozon-25-06
2024-06-25 15:56:00,telegram,bot-send,{15929783},Ozon-25-06
2024-06-25 16:04:00,telegram,social,{12349789},Ozon-25-06
2024-06-25 17:03:00,telegram,social,{16788821},Ozon-25-06
2024-07-05 09:29:00,telegram,bot-send,"{8597793,15922723,17127455}",web_09_07
2024-07-18 11:07:00,unisender,email,{17089011},DA-TEST
2024-07-19 09:41:00,telegram,social,"{16275885,17101289}",web_23_07
2024-07-19 09:41:00,telegram,social,{12367367},web_23_07
2024-07-19 10:02:00,telegram,social,{16104917},web_23_07
2024-07-19 10:07:00,telegram,social,"{8597793,15922723,17127455}",web_23_07
2024-07-23 17:56:00,unisender,email,{17123277},web_23_07
2024-09-10 16:03:00,unisender,email,{17098575},become-analyst
2024-06-11 12:03:00,telegram,bot-send,{16287433},student-project
2024-09-24 10:53:00,telegram,social,{15935273},web-2409
2024-06-11 19:10:00,telegram,social,{16814977},student-project
2024-09-24 10:55:00,telegram,bot-send,"{16638863,21141338,21960773,25014165}",web-2409
2024-09-24 12:43:00,telegram,social,{16091907},web-2409
2024-09-24 12:54:00,telegram,social,{16765561},web-2409
2024-09-24 13:01:00,telegram,bot-send,{17034101},web-2409
2024-09-24 13:13:00,telegram,bot-send,{16238231},web-2409
2024-09-24 13:33:00,telegram,social,"{5809673,6441653,19725721,24714571}",web-2409
2024-09-24 13:49:00,telegram,bot-send,"{15922169,16767575}",web-2409
2024-09-24 15:56:00,telegram,bot-send,"{15928337,19015561,19024235}",web-2409
2024-10-25 10:19:00,telegram,bot-send,{11989079},HARD-SQL
2024-10-25 10:19:00,,,{11989079},HARD-SQL
2024-10-25 10:19:00,,,{11989079},HARD-SQL
2024-06-17 08:48:00,telegram,bot-send,{16979047},КАРЬЕРНЫЙ
2024-06-17 09:59:00,unisender,email,"{16570977,18237375}",КАРЬЕРНЫЙ
2024-06-17 10:57:00,unisender,email,"{9349901,18448353}",КАРЬЕРНЫЙ
2024-11-08 09:04:00,telegram,bot-send,{16489279},web-1211
2024-11-08 13:31:00,telegram,bot-send,"{17064877,17101475}",web-1211
2024-11-10 20:24:00,telegram,bot-send,{16770865},web-1211
2024-11-11 05:25:00,telegram,social,{5804161},web-0611
2024-11-12 15:57:00,telegram,bot-send,{15569467},web-1211
2024-11-14 00:23:00,telegram,social,"{16281907,16792385}",web-1211
2024-11-14 00:24:00,telegram,social,"{16281907,16792385}",web-1211
2024-11-14 00:29:00,telegram,social,"{7710743,14717267}",web-1211
2024-11-20 13:25:00,telegram,bot-send,{16489279},Кейс-АЦ
2023-12-28 07:53:00,telegram,,"{16684485,18689443}",Pandas-VIP
2024-12-02 14:56:00,telegram,social,"{17151787,17558471,21456436,21502670,21566010}",web-0412
2025-01-03 15:07:00,,,{12262075},Python-FREE
2025-01-14 16:02:00,telegram,paid-placement,"{17146903,20603317}",web-1401
2025-01-16 06:05:00,telegram,social,{12137285},Ads-metrics
2023-12-28 19:26:00,telegram,,"{17220445,17493701}",Pandas-v2
2025-01-17 12:32:00,telegram,bot-send,{12349789},web-2101
2025-01-17 12:32:00,telegram,bot-send,{15924195},web-2101
2025-01-17 12:34:00,telegram,bot-send,"{17099555,17099557,17099759}",web-2101
2025-01-17 12:34:00,telegram,bot-send,{16031367},web-2101
2025-01-17 12:34:00,unisender,email,{16529237},web-2101
2025-01-17 12:36:00,telegram,bot-send,"{15581307,18895045,25753591}",web-2101
2025-01-17 12:36:00,telegram,bot-send,"{17149715,19953343,20314445}",web-2101
2025-01-22 11:31:00,telegram,social,"{11787181,12343743,25212617}",portfolio ideas
2024-06-17 19:18:00,vkontakte,social,{16957229},КАРЬЕРНЫЙ
2024-06-18 11:15:00,telegram,social,"{16561769,17099415}",SPEC-DA-TEST
2024-06-18 13:04:00,unisender,email,{17060195},SPEC-DA-TEST
2024-06-19 10:49:00,unisender,email,{17177743},КАРЬЕРНЫЙ
2024-06-21 14:37:00,telegram,bot-send,"{3817811,12210285,18900811,19630602}",МК-Python
2024-02-21 17:38:00,telegram,social,"{15916041,18583517}",HARD-SQL
2024-02-29 14:58:00,telegram,social,"{17146035,17191367}",Студент
2024-03-05 10:10:00,unisender,email,"{16059185,19052623}",ROADMAP
2024-03-05 10:58:00,unisender,email,"{16762569,18846263}",ROADMAP
2024-03-05 12:09:00,telegram,social,"{17146215,17146219,17177795}",ROADMAP
2024-03-05 12:37:00,telegram,social,{16816361},ROADMAP
2024-03-10 14:19:00,telegram,bot-send,"{15938237,16761965}",08.03.2024
2024-06-23 11:43:00,unisender,email,"{16570977,18237375}",Ozon-25-06
2024-04-09 11:09:00,telegram,social,{13166349},Python-FREE
2024-04-15 12:23:00,telegram,bot-send,"{15946775,16785195,17577077}",SPEC-DA-TEST
2024-04-15 12:35:00,telegram,bot-send,"{15999339,16764375}",tinkoff-1
2024-04-15 12:37:00,telegram,bot-send,"{15999339,16764375}",20ideas
2024-04-15 12:40:00,telegram,bot-send,"{15999339,16764375}",ROADMAP
2024-04-15 13:06:00,unisender,email,"{16764091,16764093}",Python-FREE
2024-04-15 13:14:00,telegram,bot-send,{16764879},Python-FREE
2024-04-15 13:36:00,unisender,email,{15930551},Python-FREE
2024-06-23 11:58:00,unisender,email,"{15555667,16762071}",Ozon-25-06
2024-04-15 13:41:00,unisender,email,{17264537},Python-FREE
2024-04-15 13:44:00,telegram,bot-send,{16191753},Python-FREE
2024-04-15 14:00:00,unisender,email,{2494413},SPEC-DA-TEST
2024-04-15 15:14:00,telegram,bot-send,{15270129},Python-FREE
2024-04-15 15:29:00,unisender,email,{16510153},Python-FREE
2024-04-15 16:53:00,unisender,email,"{9349901,18448353}",Python-FREE
2024-04-15 17:40:00,Unisender,email,"{17147699,17428973,17428975,18451713}",DA-TEST
2024-04-15 17:49:00,unisender,email,"{15889391,16766247,19329846,20771041}",Python-FREE
2024-04-15 19:06:00,unisender,email,{17130693},Python-FREE
2024-04-15 21:58:00,Unisender,email,{15930551},DA-TEST-START
2024-04-15 23:20:00,telegram,bot-send,"{16524625,19066647,20106413}",Python-FREE
2024-04-16 08:25:00,telegram,social,{15924251},Python-FREE
2024-04-16 08:27:00,unisender,email,{5807709},SQL-16-04-24
2024-04-16 08:36:00,unisender,email,"{16739833,24522659}",SQL-16-04-24
2024-04-16 08:39:00,unisender,email,"{15921749,16695207,16773339}",SQL-16-04-24
2024-04-16 08:39:00,unisender,email,"{5983741,16765093}",SQL-16-04-24
2024-04-16 08:43:00,unisender,email,{16528805},SQL-16-04-24
2024-04-16 08:45:00,unisender,email,{16770865},SQL-16-04-24
2024-04-16 08:46:00,unisender,email,"{15995043,16764165,18222859}",SQL-16-04-24
2024-04-16 08:53:00,unisender,email,"{16002965,18672699}",SQL-16-04-24
2024-04-16 09:08:00,unisender,email,{17110453},SQL-16-04-24
2024-04-16 09:10:00,unisender,email,"{16056423,16769383}",SQL-16-04-24
2024-04-16 09:10:00,unisender,email,"{16056423,16769383}",SQL-16-04-24
2024-04-16 09:10:00,telegram,bot-send,"{15621747,16768801}",SQL-16-04-24
2024-04-16 09:12:00,telegram,bot-send,"{16013985,17154261,19412264,20682793}",SQL-16-04-24
2024-04-16 09:12:00,telegram,bot-send,"{11929247,16765787,18772107}",SQL-16-04-24
2024-04-16 09:20:00,telegram,bot-send,"{16003565,16764873,17290925,17553527,17829067,19544884,19867361,20886197,24161655,24395845}",SQL-16-04-24
2024-04-16 09:20:00,telegram,bot-send,"{16003565,16764873,17290925,17553527,17829067,19544884,19867361,20886197,24161655,24395845}",SQL-16-04-24
2024-04-16 09:24:00,telegram,bot-send,"{15922439,19436980,20455897}",SQL-16-04-24
2024-04-16 09:24:00,telegram,bot-send,"{8358657,16574417}",SQL-16-04-24
2024-05-07 08:36:00,telegram,social,{17110453},СОБЕС-ДЕМО
2024-05-07 08:44:00,unisender,email,{17264537},DA-TEST
2024-05-07 09:39:00,vk_ads,cpm,{15607005},Workshop-RFM
2024-06-24 13:17:00,telegram,social,"{16531341,16775575}",Консультация
2024-07-09 15:58:00,unisender,email,{16816361},web_09_07
2024-07-09 15:59:00,telegram,social,{16978579},web_09_07
2024-07-09 16:00:00,unisender,email,"{17156637,20605369,20764479}",web_09_07
2024-07-09 16:01:00,telegram,bot-send,"{8597793,15922723,17127455}",web_09_07
2024-07-09 16:01:00,unisender,email,"{15950709,16529323,16770067}",web_09_07
2024-07-09 16:01:00,telegram,bot-send,{16531725},web_09_07
2024-07-09 16:02:00,telegram,bot-send,"{15946775,16785195,17577077}",web_09_07
2024-07-09 16:03:00,telegram,social,{17034101},web_09_07
2024-07-09 16:04:00,telegram,bot-send,{16862903},web_09_07
2024-07-09 16:04:00,telegram,bot-send,{16862903},web_09_07
2024-07-09 16:04:00,telegram,social,{15929783},web_09_07
2024-07-09 16:07:00,telegram,bot-send,{15929783},web_09_07
2024-07-09 16:07:00,telegram,social,"{16743379,19453462,21000955}",web_09_07
2024-07-09 16:08:00,telegram,social,"{16743379,19453462,21000955}",web_09_07
2024-07-09 16:08:00,telegram,bot-send,{17034101},web_09_07
2024-07-09 16:12:00,telegram,social,{9327543},web_09_07
2024-07-09 16:15:00,telegram,social,"{11418857,20595651}",web_09_07
2024-07-09 16:16:00,telegram,bot-send,{9327543},PRODUCT-TEST-START
2024-07-09 16:17:00,telegram,social,{15929783},web_09_07
2024-07-09 16:31:00,telegram,bot-send,"{16281907,16792385}",web_09_07
2024-07-09 16:35:00,site,test,{9327543},Экскурсия
2024-07-09 16:38:00,telegram,social,{9327543},web_09_07
2024-07-09 16:40:00,telegram,bot-send,{15922359},web_09_07
2024-07-09 16:45:00,unisender,email,"{16011643,16871171,19092417}",web_09_07
2024-07-09 16:47:00,telegram,bot-send,"{16281907,16792385}",web_09_07
2024-07-09 16:48:00,telegram,bot-send,{17034101},web_09_07
2024-07-09 16:50:00,unisender,email,{16816361},web_09_07
2024-07-09 16:50:00,unisender,email,{16816361},web_09_07
2024-07-09 16:50:00,telegram,bot-send,"{8597793,15922723,17127455}",web_09_07
2024-07-09 17:11:00,telegram,bot-send,{16489279},web_09_07
2024-07-09 17:12:00,telegram,social,"{16743379,19453462,21000955}",web_09_07
2024-07-09 17:12:00,telegram,bot-send,{16489279},web_09_07
2024-07-09 17:14:00,telegram,bot-send,{16489279},web_09_07
2024-07-09 17:14:00,telegram,bot-send,{5807709},web_09_07
2024-07-09 17:18:00,telegram,social,{17130693},web_09_07
2024-07-09 17:26:00,telegram,bot-send,"{16784957,20490049}",web_09_07
2024-07-09 18:05:00,unisender,email,{15960225},web_09_07
2024-07-09 18:05:00,telegram,social,"{16765779,18914999}",web_09_07
2024-07-09 18:06:00,telegram,social,"{16765779,18914999}",web_09_07
2024-07-10 10:52:00,,,{17177743},itresume
2024-07-10 12:46:00,,,"{16773339,17631349,18418999,23464085}",itresume
2024-07-10 13:32:00,telegram,social,{16529035},Python-FREE
2024-07-10 14:03:00,partner,itresume,"{16773339,17631349,18418999,23464085}",Workshop-RFM
2024-07-10 14:12:00,telegram,social,"{15923171,21320212}",Python-FREE
2024-06-25 16:22:00,telegram,social,"{15921589,16766225,18451399}",Ozon-25-06
2024-06-25 16:40:00,telegram,bot-send,"{15948581,16764269}",Ozon-25-06
2024-07-10 14:45:00,unisender,email,"{15895095,16011643,19032967}",Python-FREE
2024-07-10 15:10:00,telegram,social,"{17064877,17101475}",Студент
2024-08-03 04:21:00,unisender,email,{17173405},web-resume
2024-08-06 16:19:00,unisender,email,"{16002965,18672699}",web-resume
2024-08-14 11:20:00,unisender,email,{17124297},intensive-analyst
2024-09-24 14:43:00,telegram,bot-send,"{10787621,16772781}",web-2409
2024-09-24 15:11:00,telegram,bot-send,{16397299},web-2409
2024-09-24 15:13:00,telegram,social,"{3817811,12210285,18900811,19630602}",web-2409
2024-09-24 15:25:00,telegram,bot-send,{15924401},web-2409
2024-09-24 15:50:00,telegram,social,"{16552793,17148487}",web-2409
2024-09-24 15:52:00,unisender,email,{5801075},web-2409
2024-09-24 16:03:00,telegram,social,"{17151787,17558471,21456436,21502670,21566010}",web-2409
2024-10-29 16:06:00,telegram,social,"{12705807,19177727}",web-2910
2024-11-02 09:06:00,telegram,bot-send,"{17156637,20605369,20764479}",web-0611
2024-11-02 09:07:00,telegram,bot-send,"{16785101,17610155}",web-0611
2024-11-02 09:07:00,telegram,bot-send,"{15621747,16768801}",web-0611
2024-11-11 11:01:00,telegram,paid-placement,{17089011},web-1211
2024-07-03 11:28:00,telegram,bot-send,{16788821},PRODUCT-TEST-START
2024-11-12 14:19:00,telegram,social,"{16163271,16222289}",web-1211
2024-11-13 22:56:00,telegram,bot-send,"{16011643,19950481,20319115}",web-1211
2024-11-13 22:57:00,telegram,social,"{15942213,16974953,20010059}",web-1211
2024-07-03 13:03:00,unisender,email,"{16013985,17154261,19412264,20682793}",PRODUCT-TEST-START
2024-07-03 13:06:00,telegram,bot-send,{15929783},PRODUCT-TEST-START
2024-11-13 22:57:00,bloger,post,{17099405},web-1211
2024-11-13 22:57:00,telegram,social,"{7710743,14717267}",web-1211
2024-11-13 22:58:00,bloger,post,"{15921749,16695207,16773339}",web-1211
2024-11-13 22:58:00,telegram,bot-send,"{16001545,17165757}",web-1211
2024-11-13 22:58:00,telegram,bot-send,{16741325},web-1211
2024-11-13 22:58:00,telegram,bot-send,{16016135},web-1211
2024-11-13 22:59:00,telegram,social,"{7710743,14717267}",web-1211
2024-11-13 23:00:00,telegram,bot-send,{11989079},web-1211
2024-07-03 13:08:00,unisender,email,"{16013985,17154261,19412264,20682793}",PRODUCT-TEST
2024-11-13 23:01:00,telegram,bot-send,{16016135},web-1211
2024-11-13 23:13:00,telegram,social,{15538843},web-1211
2024-11-13 23:41:00,unisender,email,{17212651},web-1211
2024-11-13 23:49:00,telegram,bot-send,{16256923},web-1211
2024-07-03 13:15:00,telegram,social,"{16084991,16977925,18659265}",PRODUCT-TEST-START
2024-07-12 15:11:00,telegram,social,"{5809673,6441653,19725721,24714571}",КАРЬЕРНЫЙ
2024-07-19 11:28:00,telegram,bot-send,"{16785101,17610155}",web_23_07
2024-11-14 00:25:00,telegram,bot-send,{5804161},web-1211
2024-11-14 00:31:00,telegram,bot-send,{5804161},web-1211
2024-11-20 13:23:00,telegram,bot-send,{16542771},Кейс-АЦ
2024-11-25 12:20:00,telegram,bot-send,{16741325},Кейс-АЦ
2024-11-26 11:30:00,telegram,bot-send,{5804161},web-2611
2024-11-26 14:01:00,telegram,bot-send,{16489279},web-2611
2024-11-29 09:13:00,telegram,social,"{16815989,19322542,20014965}",web-0412
2025-01-08 15:46:00,unisender,email,"{17151209,19295911,21692221}",advent
2025-01-22 11:46:00,telegram,social,"{17123865,17560467,18878981}",portfolio ideas
2024-07-25 01:29:00,bloger,post,"{5809673,6441653,19725721,24714571}",web_23_07
2024-08-06 15:21:00,telegram,paid-placement,{17145927},web-resume
2024-08-16 13:15:00,telegram,bot-send,{15417229},Ads-metrics
2023-12-28 19:49:00,telegram,,"{17147401,17177859}",Pandas-v2
2024-09-09 20:15:00,telegram,paid-placement,"{16529705,17157253}",become-analyst
2024-03-10 12:02:00,telegram,bot-send,"{9825095,19271961,25233199}",08.03.2024
2024-04-04 09:49:00,telegram,social,"{9164281,17166441}",abc-portfolio
2024-04-04 10:17:00,telegram,social,"{17146215,17146219,17177795}",abc-portfolio
2024-04-04 10:22:00,telegram,social,"{15999793,17100049,18568773}",abc-portfolio
2024-04-04 10:27:00,telegram,social,"{16059185,19052623}",abc-portfolio
2024-04-04 10:31:00,vkontakte,social,{11377605},abc-portfolio
2024-04-04 10:50:00,unisender,email,"{15948581,16764269}",abc-portfolio
2024-04-04 10:50:00,unisender,email,"{12705807,19177727}",abc-portfolio
2024-04-04 10:53:00,unisender,email,{5801075},abc-portfolio
2024-04-04 10:56:00,unisender,email,"{5983741,16765093}",abc-portfolio
2024-04-04 10:56:00,telegram,social,"{16002555,16784777}",abc-portfolio
2024-04-04 10:57:00,telegram,social,{16529429},abc-portfolio
2024-04-04 11:02:00,unisender,email,"{10331397,16761959}",abc-portfolio
2024-05-13 10:55:00,unisender,email,"{16002965,18672699}",DA-TEST-START
2024-06-11 13:30:00,telegram,social,{16031367},Студент
2024-06-18 23:25:00,telegram,bot-send,"{16570977,18237375}",SPEC-DA-TEST
2024-06-25 12:06:00,telegram,social,{16788821},Ozon-25-06
2024-06-25 12:51:00,telegram,paid-placement,{16741325},Ozon-25-06
2024-06-25 16:41:00,telegram,bot-send,{14728903},Ozon-25-06
2024-06-25 16:41:00,telegram,paid-placement,"{11787181,12343743,25212617}",Ozon-25-06
2024-10-02 10:40:00,telegram,bot-send,{15569323},lottery
2024-07-03 15:19:00,telegram,bot-send,{15927361},PRODUCT-TEST-START
2024-07-03 16:02:00,telegram,bot-send,"{15946775,16785195,17577077}",PRODUCT-TEST-START
2024-07-03 16:07:00,telegram,bot-send,"{16002965,18672699}",PRODUCT-TEST-START
2024-07-03 16:12:00,unisender,email,"{15667785,18847199,19503222}",PRODUCT-TEST-START
2024-07-03 16:27:00,telegram,bot-send,"{15946775,16785195,17577077}",PRODUCT-TEST
2024-07-03 17:00:00,telegram,social,{11989079},PRODUCT-TEST
2024-10-15 15:58:00,telegram,social,{15996447},web-power-bi
2024-07-03 19:21:00,unisender,email,"{16013171,16762871}",PRODUCT-TEST-START
2024-07-04 03:21:00,telegram,bot-send,"{15928661,23819030}",PRODUCT-TEST
2024-07-04 03:25:00,telegram,bot-send,"{15928661,23819030}",PRODUCT-TEST-START
2024-07-04 04:13:00,telegram,social,{17178355},PRODUCT-TEST-START
2024-07-04 04:18:00,telegram,social,{17178355},PRODUCT-TEST
2024-07-04 06:07:00,telegram,social,{16031367},DA-TEST-START
2024-07-04 06:12:00,,,"{16528877,16801525,16816427,16865855}",itresume
2024-07-04 07:59:00,unisender,email,{6707403},PRODUCT-TEST-START
2024-07-04 09:28:00,,,"{17163457,18257003,22568895}",autoweb-OZON
2024-07-04 09:32:00,,,"{17163457,18257003,22568895}",autoweb-PM
2024-07-04 09:32:00,,,"{17163457,18257003,22568895}",autoweb-OZON
2024-07-04 11:02:00,telegram,bot-send,{16529429},PRODUCT-TEST-START
2024-07-04 15:46:00,telegram,social,{16270415},PRODUCT-TEST-START
2024-07-04 20:39:00,telegram,bot-send,"{16267739,19910637,22930899}",PRODUCT-TEST-START
2024-09-05 18:47:00,telegram,social,{11989079},become-analyst
2024-07-10 15:15:00,unisender,email,{17163457},Python-FREE
2024-07-10 16:30:00,telegram,social,"{15924193,17108465,22058459}",PRODUCT-TEST-START
2024-07-10 16:39:00,telegram,social,"{15924193,17108465,22058459}",PRODUCT-TEST-START
2024-07-10 17:15:00,unisender,email,"{17163457,21323678,25588667}",Python-FREE
2024-07-10 17:42:00,unisender,email,"{17156637,20605369,20764479}",Python-FREE
2024-10-23 16:17:00,unisender,email,{17212651},web-2310
2024-07-11 00:46:00,telegram,social,"{16002965,18672699}",Python-FREE
2024-07-11 04:53:00,telegram,social,"{16059185,19052623}",Python-FREE
2024-07-11 06:51:00,unisender,email,{17175813},Python-FREE
2024-07-11 16:48:00,partner,itresume,"{16528877,16801525,16816427,16865855}",6 каверз
2024-07-11 18:07:00,partner,itresume,"{16762569,18846263}",6 каверз
2024-07-12 05:24:00,unisender,email,{16749391},PRODUCT-TEST
2024-07-12 06:16:00,vkontakte,social,"{15927075,16695207,16773339,17310203,17631349,18418999,23553585}",Python-FREE
2024-07-12 09:26:00,vk_ads,cpm,"{17163457,18257003,22568895}",DA-no-price
2024-07-12 11:08:00,unisender,email,{16489279},Python-FREE
2024-07-12 11:41:00,telegram,social,{16542771},Python-FREE
2024-07-13 15:19:00,telegram,social,{13166349},DA-TEST-START
2024-07-13 19:17:00,telegram,social,"{17064877,17101475}",PRODUCT-TEST
2024-07-14 08:32:00,unisender,email,"{16572479,17133213}",Python-FREE
2024-07-15 06:34:00,vkontakte,social,"{15943891,16773887}",Студент
2024-07-15 14:58:00,bot,events-simulative,{17005839},Кейс-АЦ
2024-11-02 09:01:00,telegram,social,{11789383},web-0611
2024-11-02 09:02:00,telegram,social,"{15908653,16763405}",web-0611
2024-11-12 08:16:00,bloger,post,"{15548959,16763825,18256737,19434630}",web-1211
2024-12-04 08:52:00,telegram,bot-send,{15941867},web-0412
2024-06-17 08:48:00,telegram,bot-send,{11789383},КАРЬЕРНЫЙ
2024-12-13 19:51:00,telegram,bot-send,"{15208695,17145269,21719045}",web-1712
2024-12-14 17:23:00,bloger,social,"{15903385,16766413,18515647}",web-1712
2024-12-24 16:13:00,telegram,bot-send,"{16743379,19453462,21000955}",web-2412
2025-01-15 17:09:00,telegram,bot-send,{17150971},web-1401
2025-01-17 12:37:00,unisender,email,{17160145},web-2101
2025-01-17 12:37:00,telegram,bot-send,{17160145},web-2101
2025-01-17 12:41:00,telegram,bot-send,{16257629},web-2101
2025-01-17 12:45:00,telegram,bot-send,"{15708039,16764909,23523293}",web-2101
2025-01-17 12:48:00,telegram,bot-send,{16053929},web-2101
2025-01-17 12:55:00,telegram,bot-send,"{16785101,17610155}",web-2101
2025-01-17 13:02:00,telegram,bot-send,{17034101},web-2101
2025-01-17 13:07:00,telegram,bot-send,{15989583},web-2101
2025-01-17 13:14:00,unisender,email,"{15667785,18847199,19503222}",web-2101
2024-11-22 10:21:00,telegram,social,"{5848071,20887407}",web-2611
2025-01-17 13:19:00,unisender,email,{2494413},web-2101
2025-01-17 13:19:00,telegram,bot-send,"{16011643,19950481,20319115}",web-2101
2025-01-21 10:40:00,telegram,bot-send,"{16743379,19453462,21000955}",web-2101
2025-01-21 10:41:00,telegram,bot-send,"{16833065,18771457}",web-2101
2025-01-21 10:41:00,telegram,bot-send,"{16833065,18771457}",web-2101
2025-01-21 16:04:00,unisender,email,{5807709},web-2101
2025-01-21 17:17:00,telegram,bot-send,"{16815413,17006383,17006385}",web-2101
2025-01-23 09:50:00,telegram,bot-send,{16764267},portfolio ideas
2025-01-28 16:03:00,andron23,,"{16864161,18675121}",web-2801
2025-01-21 16:44:00,telegram,social,{5807709},web-2101
2024-12-24 16:06:00,telegram,bot-send,{12488361},web-2412
2023-12-13 16:23:00,telegram,itresume,"{16743379,19453462,21000955}",Pandas
2023-12-15 09:40:00,unisender,email,{16547969},Pandas
2024-12-24 16:07:00,telegram,bot-send,{16257235},web-2412
2023-12-18 15:29:00,bot,testovoe-ozon,{16603359},Pandas
2023-12-19 12:22:00,unisender,email,"{15927075,16695207,16773339,17310203,17631349,18418999,23553585}",Pandas-v1
2023-12-19 12:23:00,unisender,email,{15930551},Pandas-pre
2023-12-19 13:53:00,bot,free-course-pandas,"{15999363,16775393}",Pandas-pre
2023-12-19 17:46:00,telegram,,{16741325},Pandas-pre
2023-12-20 01:09:00,unisender,email,"{16764091,16764093}",Pandas-pre
2023-12-20 08:32:00,unisender,email,"{12578989,18222813}",Pandas-v1
2023-12-20 13:50:00,bot,testovoe-ozon,{16531725},Pandas-pre
2023-12-20 13:50:00,bot,testovoe-ozon,{16531725},Pandas-v1
2023-12-20 14:59:00,unisender,email,{12022681},Pandas-pre
2023-12-20 15:01:00,unisender,email,{12022681},Pandas-VIP
2023-12-20 17:34:00,bot,events-simulative,"{16785101,17610155}",Pandas-v1
2023-12-20 21:01:00,bot,testovoe-ozon,"{17039433,17039435}",Pandas-pre
2023-12-21 06:41:00,bot,events-simulative,{16033989},Pandas-pre
2023-12-21 12:06:00,bot,testovoe-bank-otkrytie,{16003369},Кейс-АЦ
2023-12-22 09:08:00,unisender,email,{16740831},Pandas-pre
2023-12-24 10:49:00,vkontakte,cpc,{17124297},Pandas-v1
2024-04-04 09:23:00,telegram,social,"{16003565,16764873,17290925,17553527,17829067,19544884,19867361,20886197,24161655,24395845}",abc-portfolio
2024-04-16 09:34:00,unisender,email,"{16784957,20490049}",SQL-16-04-24
2024-07-17 18:04:00,telegram,paid-placement,{15929783},ROADMAP
2024-07-17 18:30:00,telegram,paid-placement,{16531725},ROADMAP
2024-07-20 12:08:00,vkontakte,social,{16957229},web_23_07
2024-08-19 13:53:00,bloger,post,"{16001545,17165757}",intensive-analyst
2024-08-19 13:57:00,bloger,post,"{15942213,16974953,20010059}",intensive-analyst
2024-08-19 14:06:00,bloger,post,{15943559},intensive-analyst
2024-08-19 14:41:00,bloger,post,{5825207},intensive-analyst
2024-08-19 15:36:00,bloger,post,"{15924193,17108465,22058459}",intensive-analyst
2024-08-19 16:12:00,bloger,post,"{17151787,17558471,21456436,21502670,21566010}",intensive-analyst
2024-12-24 16:11:00,telegram,bot-send,{15959983},web-2412
2024-12-24 16:11:00,telegram,social,"{15950709,16529323,16770067}",web-2412
2024-08-20 08:28:00,telegram,social,"{17099545,17756329,18078281}",intensive-analyst
2024-08-20 08:34:00,telegram,social,{15924251},intensive-analyst
2024-08-20 13:19:00,telegram,social,"{17123457,17541177,18678281,21487554}",intensive-analyst
2024-08-20 13:23:00,telegram,social,{16766665},intensive-analyst
2024-09-13 08:42:00,telegram,bot-send,"{17156637,20605369,20764479}",become-bi
2024-09-13 15:34:00,unisender,email,"{16570977,18237375}",become-bi
2024-09-20 11:32:00,telegram,bot-send,{15930477},web-2409
2024-09-24 16:54:00,unisender,email,{16857289},web-2409
2024-09-24 16:55:00,telegram,social,"{7710743,14717267}",web-2409
2024-09-24 17:06:00,unisender,email,"{11088915,12130285}",web-2409
2024-12-24 16:13:00,telegram,social,"{17156637,20605369,20764479}",web-2412
2024-09-24 17:11:00,telegram,bot-send,"{17039433,17039435}",web-2409
2024-09-24 17:25:00,telegram,bot-send,"{17039433,17039435}",web-2409
2024-09-24 17:27:00,telegram,bot-send,"{17039433,17039435}",web-2409
2024-09-24 18:09:00,telegram,social,"{5693721,16690195,18716943}",web-2409
2024-09-24 18:10:00,telegram,social,"{5693721,16690195,18716943}",web-2409
2024-09-30 12:01:00,,,{11587469},itresume
2024-10-03 18:47:00,telegram,social,"{15208695,17145269,21719045}",web-geo-analyt
2024-10-03 19:06:00,telegram,bot-send,{15932451},web-geo-analyt
2024-10-11 09:38:00,telegram,bot-send,"{17039433,17039435}",web-power-bi
2024-10-15 17:43:00,unisender,email,{16749391},web-power-bi
2024-10-18 09:31:00,telegram,bot-send,{17060195},web-2310
2024-10-18 09:32:00,telegram,social,"{17156637,20605369,20764479}",web-2310
2024-10-23 16:18:00,telegram,bot-send,{14728903},web-2310
2024-12-24 16:14:00,webinar,livedigital,{12488361},Консультация
2024-10-27 12:05:00,unisender,email,{5800297},web-2910
2024-10-27 14:51:00,unisender,email,"{16002315,17136577,18651907,18658731,19040861}",web-2910
2024-10-27 17:16:00,telegram,social,"{16784197,17303493}",web-2409
2024-10-27 20:16:00,telegram,bot-send,{16104917},web-2910
2024-10-28 05:36:00,,,{15935273},Консультация
2024-10-28 10:14:00,telegram,paid-placement,"{11787181,12343743,25212617}",web-2910
2024-10-28 10:32:00,telegram,paid-placement,{15569323},web-2910
2024-10-28 12:01:00,telegram,social,"{17151209,19295911,21692221}",web-2910
2024-10-28 16:50:00,telegram,paid-placement,"{17156637,20605369,20764479}",web-2910
2024-10-28 17:27:00,telegram,bot-send,"{9825095,19271961,25233199}",Студент
2024-11-02 09:27:00,telegram,bot-send,{17177205},web-0611
2024-11-04 16:23:00,unisender,email,"{17146943,18333051,18385799,18908377}",web-0611
2025-01-30 09:14:00,telegram,bot-send,"{17156637,20605369,20764479}",research
2025-01-28 15:53:00,telegram,bot-send,"{16815413,17006383,17006385}",web-2801
2023-12-24 10:49:00,vkontakte,cpc,{17124297},Pandas-v1
2023-12-25 07:27:00,telegram,prosto_python,{16053929},Sber-Веб
2023-12-25 10:49:00,unisender,email,"{16743379,19453462,21000955}",Sber-Веб
2023-12-25 10:49:00,unisender,email,"{16743379,19453462,21000955}",Sber-Веб
2023-12-25 13:26:00,bot,value-sql,"{16003565,16764873,17290925,17553527,17829067,19544884,19867361,20886197,24161655,24395845}",Sber-Веб
2023-12-26 09:14:00,bot,events-simulative,{16762351},Sber-Веб
2023-12-26 09:15:00,bot,events-simulative,{7366116},Sber-Веб
2023-12-26 20:26:00,bot,events-simulative,{16603359},Sber-Веб
2023-12-27 08:30:00,,,{9041779},Pandas-v2
2025-01-28 16:06:00,andron23,,{15924251},web-2801
2025-01-28 16:10:00,telegram,social,{12349789},web-2801
2023-12-29 13:02:00,,,"{17151345,17232163,19399386}",Pandas-v2
2023-12-29 13:07:00,Unisender,email,"{17151345,17232163,19399386}",Pandas-v2
2023-12-30 17:27:00,telegram,bot,{16489279},Экскурсия
2023-12-30 17:50:00,bot,events-simulative,"{17220445,17493701}",НГ-Консультация
2024-01-03 09:43:00,unisender,email,"{5809177,16767187,16767203}",Pandas-v2
2024-01-03 10:11:00,bot,testovoe-ozon,"{16784197,17303493}",Pandas-v2
2024-01-03 20:28:00,unisender,email,{15930551},Pandas-v2
2024-01-04 00:32:00,bot,events-simulative,"{16003791,16767769}",Pandas-pre
2024-01-04 08:19:00,unisender,email,{16740831},Pandas-v2
2024-01-04 17:26:00,bot,free-course-pandas,{15270129},Pandas-pre
2024-01-07 11:18:00,bot,events-simulative,{17130693},Pandas-v2
2024-01-07 20:36:00,telegram,itresume,"{17146035,17191367}",Pandas-VIP
2024-01-08 18:22:00,Unisender,email,"{11470833,16796217,16796225}",Pandas-v3
2024-01-09 21:58:00,bot,analytics-pandas-python,"{15557477,16767411}",Pandas-pre
2025-01-28 17:53:00,unisender,email,"{15570281,16770335}",web-2801
2025-01-29 06:18:00,telegram,social,{12367367},Ads-metrics
2024-01-12 09:16:00,Unisender,email,"{16003335,16767837}",Pandas-v3
2024-01-12 19:24:00,bot,events-simulative,{16057487},Студент
2024-01-16 10:42:00,unisender,email,"{16893085,18609873,19990099}",Pandas-v3
2024-01-17 06:09:00,unisender,email,"{15916041,18583517}",Pandas-v3
2024-01-17 08:49:00,telegram,bot-send,"{9164281,17166441}",Pandas-v3
2024-01-17 09:44:00,Unisender,email,"{17104677,17569777}",Pandas-VIP
2025-01-30 08:59:00,telegram,social,"{8887233,16766255}",research
2024-03-08 08:55:00,telegram,social,{16031367},08.03.2024
2024-03-08 09:45:00,telegram,social,{15930477},08.03.2024
2025-01-30 09:06:00,telegram,bot-send,"{15942213,16974953,20010059}",research
2024-04-16 10:12:00,unisender,email,"{16748663,17100103}",SQL-16-04-24
2024-04-16 10:14:00,telegram,bot-send,"{17146943,18333051,18385799,18908377}",SQL-16-04-24
2024-10-28 18:38:00,telegram,social,"{8853445,19554774}",web-2910
2025-01-30 09:14:00,telegram,bot-send,{11789383},research
2025-01-30 09:14:00,telegram,bot-send,"{17156637,20605369,20764479}",research
2025-01-30 09:17:00,telegram,bot-send,"{16011643,16871171,19092417}",research
2024-10-29 09:54:00,telegram,bot-send,{15922451},web-2910
2024-10-29 11:21:00,unisender,email,{16816361},web-2910
2025-01-30 11:01:00,bot,testovoe-ozon,"{16978917,16978919}",web-1401
2024-10-29 13:12:00,telegram,social,"{16003565,16764873,17290925,17553527,17829067,19544884,19867361,20886197,24161655,24395845}",web-2910
2024-10-29 13:23:00,telegram,bot-send,{16764879},web-2910
2025-01-30 12:40:00,telegram,social,"{15999793,17100049,18568773}",research
2024-10-29 15:01:00,telegram,bot-send,"{15924235,17743009}",web-2910
2024-10-29 15:25:00,,,{15935273},Студент
2024-10-29 15:33:00,telegram,bot-send,"{10787621,16772781}",web-2910
2024-10-29 15:34:00,telegram,bot-send,"{10787621,16772781}",web-2910
2024-10-29 15:45:00,telegram,social,{5825207},web-2910
2024-10-29 15:50:00,unisender,email,{16510153},web-2910
2024-10-29 15:50:00,telegram,social,"{16267739,19910637,22930899}",web-2910
2024-10-29 15:51:00,telegram,social,"{16267739,19910637,22930899}",web-2910
2024-10-29 15:54:00,telegram,social,"{8853445,19554774}",web-2910
2024-10-29 15:54:00,telegram,social,"{8853445,19554774}",web-2910
2024-11-12 08:35:00,bloger,post,{16528793},web-1211
2024-11-12 10:23:00,bloger,post,{15935273},web-1211
2024-11-12 10:30:00,telegram,bot-send,"{16013985,17154261,19412264,20682793}",web-1211
2024-11-12 10:32:00,telegram,bot-send,{5804161},web-1211
2024-11-12 14:19:00,telegram,social,"{16552793,17148487}",web-1211
2024-11-20 13:09:00,telegram,bot-send,"{17147699,17428973,17428975,18451713}",Кейс-АЦ
2024-12-02 08:39:00,telegram,social,"{16081745,16601531,17159091,18908721}",6 каверз
2024-12-02 10:27:00,unisender,email,"{11014471,18361379}",6 каверз
2024-12-04 08:17:00,telegram,bot-send,"{16743379,19453462,21000955}",web-0412
2024-12-04 08:28:00,telegram,bot-send,{16764879},web-0412
2024-12-04 09:13:00,telegram,bot-send,"{16775127,16980287}",web-0412
2025-01-30 14:19:00,telegram,social,{15960225},research
2025-01-30 15:08:00,telegram,social,{16287433},research
2025-01-30 16:30:00,unisender,email,"{15921589,16766225,18451399}",research
2024-12-20 10:42:00,telegram,bot-send,{17160145},web-2412
2024-12-20 10:47:00,telegram,bot-send,{16489279},web-2412
2024-12-20 11:17:00,telegram,bot-send,{17060195},web-2412
2024-12-22 14:00:00,telegram,bot-send,{16078217},web-2412
2025-01-14 16:05:00,telegram,bot-send,"{15908653,16763405}",web-1401
2025-01-14 16:05:00,unisender,email,"{17123457,17541177,18678281,21487554}",web-1401
2025-01-14 16:06:00,unisender,email,"{17146579,24244743}",web-1401
2025-01-31 10:36:00,telegram,bot-send,{15989583},web-0502
2025-01-14 16:08:00,telegram,bot-send,{17177205},web-1401
2025-01-31 10:48:00,telegram,bot-send,"{16785101,17610155}",research
2025-01-31 12:39:00,telegram,bot-send,{16739833},web-0502
2024-01-17 15:10:00,telegram,bot-send,"{16020473,16771993}",Pandas-pre
2024-01-17 15:26:00,unisender,email,"{15548445,17102057}",Pandas-v3
2024-01-17 15:52:00,unisender,email,"{15557477,16767411}",Pandas-pre
2024-01-17 16:16:00,telegram,itresume,"{15943891,16773887}",Pandas-VIP
2024-01-17 16:31:00,vkontakte,cpc,"{17147329,17580017,21615360}",Pandas-pre
2024-01-17 16:31:00,vkontakte,cpc,"{17147329,17580017,21615360}",Pandas-v3
2024-01-22 08:34:00,telegram,bot-send,"{8887233,16766255}",Pandas-v3
2024-01-22 09:41:00,,,{16001333},Pandas-v3
2024-01-22 09:41:00,,,{16001333},Pandas-pre
2024-01-23 14:45:00,unisender,email,{15566497},HARD-SQL
2024-01-23 14:57:00,youtube,web-online,"{16259985,16762065,19576502,24830799}",Студент
2024-01-23 15:49:00,unisender,email,{15566497},Pandas-pre
2024-01-23 16:41:00,bot,analytics-pandas-python,{15566497},6 каверз
2024-01-24 07:05:00,pyth0n_er,,"{11787181,12343743,25212617}",Workshop-RFM
2024-01-24 07:05:00,pyth0n_er,,"{11787181,12343743,25212617}",Workshop-RFM
2024-01-24 12:08:00,unisender,email,{16582491},Workshop-RFM
2024-01-24 12:55:00,unisender,email,{16003203},Workshop-RFM
2024-01-24 16:10:00,telegram,social,{16784739},Workshop-RFM
2024-01-25 07:15:00,python_job_interview,,{16669409},Workshop-RFM
2024-01-25 19:43:00,livedigital,video,"{15943891,16773887}",Оплата
2024-02-07 12:22:00,unisender,email,"{16775127,16980287}",6 каверз
2024-02-07 13:28:00,unisender,email,"{16741423,18595441}",6 каверз
2024-02-08 08:00:00,telegram,social,"{9164281,17166441}",6 каверз
2024-02-08 12:48:00,telegram,social,"{16002555,16784777}",6 каверз
2024-02-10 17:03:00,unisender,email,{17175813},HARD-SQL
2024-02-19 17:02:00,telegram,bot-send,{15922359},Workshop-RFM
2024-01-26 19:31:00,unisender,email,{17105135},Pandas-VIP
2024-02-21 09:22:00,vkontakte,social,"{15938237,16761965}",HARD-SQL
2024-02-21 11:18:00,unsender,email,"{15549745,16778589}",HARD-SQL
2024-02-26 12:03:00,telegram,bot-send,"{15928337,19015561,19024235}",HARD-SQL
2024-03-07 08:01:00,unisender,email,"{16691305,16798093}",LTV-Веб
2024-03-08 11:52:00,unisender,email,{16003203},08.03.2024
2024-03-08 18:47:00,unsender,email,{5986731},HARD-SQL
2024-03-09 14:42:00,unisender,email,"{16002315,17136577,18651907,18658731,19040861}",08.03.2024
2024-03-12 09:45:00,unisender,email,{16764879},20ideas
2024-03-12 10:07:00,telegram,social,{15927495},20ideas
2024-03-12 10:09:00,unisender,email,{5799759},portfolio ideas
2024-03-12 11:53:00,telegram,bot-send,{17034101},portfolio ideas
2024-03-12 12:23:00,telegram,bot-send,"{16001125,16761823}",portfolio ideas
2024-03-15 23:46:00,telegram,bot-send,"{16784957,20490049}",20ideas
2024-03-19 10:18:00,telegram,social,"{15549257,17146927,18114357}",Ads-metrics
2024-03-19 13:34:00,telegram,social,{6707403},Ads-metrics
2024-03-20 09:50:00,telegram,bot-send,"{16013985,17154261,19412264,20682793}",Ads-metrics
2024-03-20 11:39:00,telegram,bot-send,"{15889391,16766247,19329846,20771041}",Ads-metrics
2024-03-21 20:10:00,,,"{15969863,18953713}",DA-TEST-START
2024-03-22 08:07:00,,,"{16017013,16532045,18912267}",DA-TEST
2024-03-23 05:55:00,telegram,social,"{15999793,17100049,18568773}",DA-TEST-START
2024-03-25 08:49:00,telegram,social,"{8358657,16574417}",DA-TEST-START
2024-03-26 07:45:00,telegram,social,{15929783},Ads-metrics
2024-03-26 11:48:00,telegram,bot-send,{16764267},DA-TEST-START
2024-03-27 09:46:00,telegram,bot-send,{16542771},tinkoff-1
2024-03-27 11:02:00,telegram,bot-send,"{16561641,17151733}",tinkoff-1
2024-03-27 11:52:00,telegram,bot-send,"{15942213,16974953,20010059}",tinkoff-1
2024-03-28 02:58:00,telegram,bot-send,"{16084821,20106453}",tinkoff-1
2024-03-29 11:26:00,unisender,email,"{16524625,19066647,20106413}",DA-TEST-START
2024-03-29 19:06:00,unisender,email,"{16013171,16762871}",DA-TEST-START
2024-03-29 19:21:00,unisender,email,"{16013171,16762871}",DA-TEST
2024-04-05 09:10:00,telegram,social,"{899109,18648001}",SPEC-DA-TEST-START
2024-04-05 16:02:00,telegram,social,"{15938237,16761965}",SPEC-DA-TEST-START
2024-04-05 17:18:00,unisender,email,{16930131},abc-portfolio
2024-04-05 17:33:00,instagram,cpa,"{11470833,16796217,16796225}",Workshop-RFM
2024-04-06 07:01:00,telegram,social,"{17146943,18333051,18385799,18908377}",SPEC-DA-TEST-START
2024-04-09 10:39:00,telegram,bot-send,{15924905},Python-FREE
2024-04-09 11:03:00,telegram,bot-send,{16766665},Python-FREE
2024-04-09 11:04:00,telegram,bot-send,"{17141409,18672391}",Python-FREE
2024-04-09 13:23:00,telegram,bot-send,"{11014471,18361379}",Python-FREE
2024-04-10 09:03:00,telegram,bot-send,"{17151209,19295911,21692221}",SPEC-DA-TEST-START
2024-04-11 21:47:00,unisender,email,{15930551},ROADMAP
2024-04-16 09:56:00,telegram,bot-send,{14712829},SQL-16-04-24
2024-04-16 11:38:00,unisender,email,"{16764091,16764093}",SQL-16-04-24
2024-04-16 12:19:00,telegram,social,{15569323},SQL-16-04-24
2024-04-16 15:06:00,telegram,bot-send,{16287433},SQL-16-04-24
2024-04-27 11:20:00,telegram,bot-send,{15923745},abc-portfolio
2024-04-30 18:50:00,old-lms,menu,{16087433},DA-TEST
2024-05-02 13:01:00,telegram,social,{16031367},СОБЕС-ДЕМО
2024-05-06 18:20:00,telegram,bot-send,{16037581},DA-TEST-START
2024-05-13 11:46:00,unisender,email,"{5800233,16764845}",plan-python
2024-10-29 15:58:00,telegram,bot-send,"{9825095,19271961,25233199}",web-2910
2024-10-29 15:59:00,telegram,bot-send,"{16763135,17560101}",web-2910
2024-10-29 16:01:00,unisender,email,"{16259985,16762065,19576502,24830799}",web-2910
2024-10-29 16:01:00,unisender,email,"{11088915,12130285}",web-2910
2024-10-29 16:04:00,telegram,bot-send,{16842355},web-2910
2024-10-29 16:06:00,telegram,bot-send,{16299591},web-2910
2024-10-29 16:14:00,webinar,livedigital,"{9825095,19271961,25233199}",web-2910
2024-10-29 16:19:00,telegram,social,{16299591},6 каверз
2024-10-29 16:19:00,telegram,social,"{899109,18648001}",web-2910
2024-10-29 16:28:00,telegram,social,"{16267739,19910637,22930899}",web-2910
2024-10-29 16:29:00,telegram,social,"{7710743,14717267}",web-2910
2024-10-29 16:35:00,telegram,social,{16238231},web-2910
2024-10-29 17:01:00,telegram,social,{11989079},web-2910
2024-10-29 17:02:00,telegram,social,{11989079},web-2910
2024-10-29 17:06:00,telegram,social,"{15970405,16774017}",web-2910
2024-11-08 10:39:00,telegram,bot-send,"{16570977,18237375}",web-1211
2024-11-26 16:09:00,telegram,paid-placement,"{15208695,17145269,21719045}",web-2611
2024-11-26 16:37:00,telegram,bot-send,"{16011643,16871171,19092417}",web-2611
2024-11-26 16:38:00,telegram,bot-send,{5807709},web-2611
2024-11-26 16:57:00,telegram,bot-send,{17177205},web-2611
2025-01-15 07:28:00,telegram,social,{16582491},web-2412
2025-01-15 11:10:00,telegram,bot-send,"{17064189,21629325}",web-1401
2025-01-21 17:24:00,telegram,bot-send,{16748657},web-2101
2024-04-07 05:14:00,telegram,bot-send,{16820111},SPEC-DA-TEST-START
2024-05-13 18:31:00,material,plan-for-learning-python,{17178355},Python-FREE
2024-06-13 09:13:00,telegram,bot-send,{11766391},web_13_06
2024-06-13 10:40:00,telegram,social,"{15539937,16762403}",web_13_06
2024-06-13 16:47:00,vkontakte,social,"{15943891,16773887}",web_13_06
2024-06-14 14:59:00,telegram,bot-send,{16200535},plan-python
2024-06-15 18:51:00,unisender,email,"{17146799,17328989}",Python-FREE
2024-06-17 07:54:00,telegram,bot-send,"{15916041,18583517}",plan-python
2024-06-17 08:50:00,telegram,bot-send,"{17000877,18084425,20490435,22069703,24667759}",КАРЬЕРНЫЙ
2024-06-17 12:22:00,telegram,bot-send,"{2200671,5806435,18084533,20586583}",КАРЬЕРНЫЙ
2024-06-17 19:06:00,telegram,paid-placement,"{8328733,20015455}",КАРЬЕРНЫЙ
2024-06-18 10:57:00,telegram,social,{15927495},SPEC-DA-TEST-START
2024-06-18 19:10:00,,,{15932451},SPEC-DA-TEST-START
2024-06-18 19:18:00,telegram,bot-send,"{16531399,16771081}",КАРЬЕРНЫЙ
2024-06-20 09:34:00,telegram,bot-send,"{16815413,17006383,17006385}",МК-Python
2024-06-21 16:46:00,telegram,paid-placement,{16764879},КАРЬЕРНЫЙ
2024-06-23 18:12:00,unisender,email,"{17146943,18333051,18385799,18908377}",Ozon-25-06
2024-06-24 10:13:00,telegram,social,"{15999793,17100049,18568773}",Ozon-25-06
2024-06-25 15:55:00,telegram,bot-send,"{16011643,16871171,19092417}",Ozon-25-06
2024-06-25 17:10:00,telegram,bot-send,"{16784957,20490049}",Ozon-25-06
2024-06-27 18:28:00,telegram,social,"{16572045,22960543}",Python-FREE
2024-07-03 11:30:00,telegram,social,{16766665},PRODUCT-TEST-START
2024-07-03 11:36:00,telegram,social,"{16552793,17148487}",PRODUCT-TEST-START
2024-07-03 13:46:00,telegram,social,{16031367},PRODUCT-TEST
2024-07-09 08:03:00,telegram,social,{15930477},web_09_07
2024-07-09 16:56:00,telegram,social,{17130693},web_09_07
2024-07-10 00:50:00,telegram,paid-placement,"{15571275,17145655}",web_09_07
2024-07-16 09:40:00,telegram,social,{12349789},КАРЬЕРНЫЙ
2024-07-16 09:40:00,telegram,social,"{16003565,16764873,17290925,17553527,17829067,19544884,19867361,20886197,24161655,24395845}",КАРЬЕРНЫЙ
2024-07-16 09:45:00,,,{17124297},itresume
2024-07-16 09:51:00,telegram,social,"{11929247,16765787,18772107}",КАРЬЕРНЫЙ
2024-07-16 10:07:00,unisender,email,{16816361},КАРЬЕРНЫЙ
2024-07-18 09:18:00,unisender,email,{11651903},DA-TEST-START
2024-07-20 12:21:00,unisender,email,{16322715},КАРЬЕРНЫЙ
2024-07-23 08:08:00,telegram,social,"{15999793,17100049,18568773}",web_23_07
2024-07-23 16:09:00,telegram,social,"{17146067,20598005}",web_23_07
2024-07-23 16:14:00,telegram,social,"{8597793,15922723,17127455}",web_23_07
2024-07-24 00:57:00,telegram,social,{13166349},web_23_07
2024-08-06 11:13:00,unisender,email,"{17151209,19295911,21692221}",web-resume
2024-10-15 14:32:00,telegram,social,"{17151209,19295911,21692221}",web-power-bi
2024-12-09 15:21:00,telegram,paid-placement,"{5983741,16765093}",Кейс-АЦ
2025-01-10 16:18:00,telegram,social,{16002315},web-1401
2023-12-22 09:30:00,unisender,email,"{15667785,18847199,19503222}",Pandas-pre
2024-01-04 07:57:00,unisender,email,"{15948581,16764269}",Pandas-pre
2024-06-11 12:25:00,telegram,social,{15930477},student-project
2024-06-13 04:10:00,unisender,email,"{16002315,17136577,18651907,18658731,19040861}",student-project
2024-11-18 16:07:00,telegram,social,"{16762199,18914983,20980525}",HARD-SQL
2024-06-13 14:14:00,telegram,social,"{16053107,16761795}",student-project
2024-06-13 16:01:00,telegram,social,{5807709},student-project
2024-06-13 16:03:00,telegram,bot-send,"{16774081,17032641}",web_13_06
2024-06-13 16:21:00,telegram,bot-send,{14728903},web_13_06
2024-06-17 09:03:00,telegram,bot-send,"{17147401,17177859}",КАРЬЕРНЫЙ
2024-07-18 10:53:00,telegram,bot-send,"{17039433,17039435}",DA-TEST-START
2024-01-24 12:29:00,unisender,email,"{16748663,17100103}",Workshop-RFM
2024-02-19 16:10:00,telegram,bot-send,"{15549257,17146927,18114357}",Workshop-RFM
2024-06-09 08:50:00,telegram,bot-send,"{15921749,16695207,16773339}",web_13_06
2024-07-23 15:58:00,telegram,bot-send,"{16011643,16871171,19092417}",web_23_07
2024-07-23 16:03:00,telegram,bot-send,"{16056423,16769383}",web_23_07
2024-11-20 12:46:00,unisender,email,"{16570977,18237375}",Кейс-АЦ
2024-07-23 16:15:00,telegram,bot-send,"{16785101,17610155}",web_23_07
2024-07-23 16:42:00,telegram,bot-send,{15922359},web_23_07
2023-12-24 14:55:00,instagram,cpa,{17130693},Pandas-v1
2024-06-09 09:00:00,telegram,social,{15930477},web_13_06
2024-08-16 15:01:00,telegram,social,"{11418857,20595651}",intensive-analyst
2024-08-20 16:16:00,unisender,email,"{16529705,17157253}",Ozon-25-06
2024-08-21 12:14:00,telegram,bot-send,{2494413},plan-python
2024-01-12 11:10:00,telegram,prosto_python,{16053929},Pandas-VIP
2024-01-14 09:39:00,telegram,,{15960225},Pandas-pre
2024-01-28 16:33:00,telegram,bot-send,"{16003565,17553527,17829067,20886197,22364977,23647487,24161655}",Pandas-pre
2024-11-12 07:38:00,bloger,post,"{16084991,16977925,18659265}",web-1211
2024-11-12 07:40:00,bloger,post,"{17147699,17428973,17428975,18451713}",web-1211
2024-11-12 07:43:00,bloger,post,{16765561},web-1211
2024-11-12 07:44:00,bloger,post,{11377605},web-1211
2024-01-24 11:46:00,unisender,email,"{11014471,18361379}",Workshop-RFM
2024-01-24 11:51:00,telegram,bot-send,{16529429},Workshop-RFM
2024-03-05 10:15:00,unisender,email,"{16084821,20106453}",ROADMAP
2024-03-21 11:24:00,,,{5825207},DA-TEST
2024-04-09 18:05:00,vkontakte,,"{15943891,16773887}",Python-FREE
2024-07-05 10:19:00,telegram,bot-send,"{17147699,17428973,17428975,18451713}",web_09_07
2024-10-10 15:13:00,telegram,bot-send,"{17146035,17191367}",web-2409
2024-10-23 15:46:00,telegram,bot-send,"{16684485,18689443}",web-2310
2024-10-23 15:49:00,telegram,paid-placement,{17105135},web-2310
2024-12-04 16:48:00,telegram,bot-send,{16257235},web-0412
2025-01-19 09:07:00,unisender,email,"{5983741,16765093}",web-2101
2023-12-22 00:18:00,vk,,"{17064877,17101475}",Pandas-pre
2024-04-08 03:54:00,unisender,email,"{11088915,12130285}",abc-portfolio
2024-04-10 05:00:00,telegram,bot-send,"{16762199,18914983,20980525}",SPEC-DA-TEST-START
2024-04-15 10:15:00,,,{15270129},Python-FREE
2024-04-17 16:03:00,telegram,bot-send,"{15921793,15927163,17122529}",SQL-16-04-24
2024-05-06 23:04:00,unisender,email,"{16570977,18237375}",DA-TEST
2024-05-06 23:12:00,telegram,bot-send,"{17123447,19839367}",DA-TEST
2023-12-12 15:54:00,telegram,,"{15916041,18583517}",LTV-Веб
2023-12-26 16:03:00,bot,events-simulative,"{17099555,17099557,17099759}",Sber-Веб
2023-12-26 16:03:00,bot,events-simulative,"{17099555,17099557,17099759}",Sber-Веб
2023-12-29 07:51:00,bot,testovoe-ozon,{16031367},Студент
2024-01-16 11:29:00,telegram,bot-send,"{11014471,18361379}",Pandas-v3
2024-01-24 11:55:00,telegram,bot-send,"{15548445,17102057}",Workshop-RFM
2024-02-10 09:19:00,telegram,social,{16814977},6 каверз
2024-03-12 10:44:00,unisender,email,"{17123865,17560467,18878981}",20ideas
2024-03-20 13:32:00,unisender,email,"{16281907,16792385}",Ads-metrics
2024-03-27 09:32:00,telegram,bot-send,"{16001125,16761823}",tinkoff-1
2024-03-27 09:45:00,telegram,bot-send,"{15938237,16761965}",tinkoff-1
2024-05-13 09:20:00,telegram,social,"{17038527,17683033}",plan-python
2024-05-17 10:25:00,instagram,cpa,"{17262125,17262127}",Студент
2024-06-13 08:03:00,telegram,bot-send,"{10331397,16761959}",web_13_06
2024-06-19 20:22:00,,,"{15999793,17100049,18568773}",ROADMAP
2024-07-29 13:38:00,telegram,social,{15569467},КАРЬЕРНЫЙ
2024-10-10 11:19:00,telegram,bot-send,{11693353},web-power-bi
2024-03-29 20:17:00,telegram,bot-send,"{16531399,16771081}",DA-TEST-START
2024-04-24 08:30:00,vk_ads,cpm,{15607005},Workshop-RFM
2024-04-25 11:09:00,telegram,bot-send,"{8358657,16574417}",ГЛЕБ042024
2024-04-26 11:19:00,telegram,bot-send,{15417229},SPEC-DA-TEST
2024-04-26 14:56:00,telegram,bot-send,{13336155},abc-portfolio
2024-04-30 12:31:00,telegram,bot-send,"{16766403,17180005,18352763,18371345,18522335}",abc-portfolio
2024-08-26 15:06:00,unisender,email,{15943559},Консультация
2024-08-26 15:14:00,unisender,email,{2205259},Консультация
2024-10-04 07:18:00,telegram,bot-send,{15924905},web-geo-analyt
2024-01-22 09:53:00,,,{16001333},Студент
2024-03-27 15:31:00,partner,itresume,"{15921749,16695207,16773339}",6 каверз
2024-04-04 09:49:00,telegram,social,"{16267739,19910637,22930899}",abc-portfolio
2024-04-04 10:48:00,unisender,email,"{17122293,18713659}",abc-portfolio
2024-05-03 15:18:00,telegram,bot-send,{15564527},Python-FREE
2024-05-04 12:05:00,instagram,cpa,{15378039},Workshop-RFM
2024-05-04 12:05:00,telegram,bot-send,{15378039},Python-FREE
2024-06-04 14:44:00,telegram,bot-send,"{16020473,16771993}",plan-python
2024-06-14 23:35:00,unisender,email,{15930551},student-project
2024-06-15 17:25:00,telegram,social,"{16762199,18914983,20980525}",Python-FREE
2024-07-03 11:18:00,unisender,email,{16200535},PRODUCT-TEST-START
2024-07-08 15:27:00,telegram,paid-placement,{12481235},web_09_07
2023-12-12 19:53:00,unisender,email,"{9349901,18448353}",LTV-Веб
2023-12-19 17:57:00,unisender,email,"{12089567,16764831,16764843}",Pandas-v1
2023-12-20 11:48:00,bot,testovoe-ozon,{14763967},Pandas-pre
2023-12-22 13:35:00,bot,events-simulative,{16031367},Pandas-pre
2023-12-26 04:57:00,bot,events-simulative,"{15921749,16695207,16773339}",Sber-Веб
2024-02-26 11:12:00,telegram,bot-send,{17060195},HARD-SQL
2024-04-05 09:42:00,telegram,bot-send,{15923745},SPEC-DA-TEST
2024-06-17 08:18:00,unisender,email,"{8358657,16574417}",КАРЬЕРНЫЙ
2024-06-17 08:19:00,unisender,email,"{15995043,16764165,18222859}",КАРЬЕРНЫЙ
2023-12-30 21:06:00,bot,testovoe-ozon,{16003201},Pandas-pre
2024-06-17 12:05:00,telegram,social,"{16769821,16820275,17193675}",КАРЬЕРНЫЙ
2024-09-24 12:24:00,telegram,social,"{15924193,17562089}",web-2409
2024-10-15 15:49:00,telegram,bot-send,{16529429},web-power-bi
2025-01-10 10:19:00,telegram,bot-send,"{1460603,23961501}",web-1401
2025-01-10 10:20:00,telegram,bot-send,"{1460603,23961501}",web-1401
2023-12-30 23:57:00,,,{17264537},Pandas-pre
2023-12-20 11:48:00,bot,testovoe-ozon,{14763967},Pandas-v1
2024-03-17 16:12:00,telegram,social,{16087433},ROADMAP
2024-02-08 08:28:00,telegram,,"{17220445,17493701}",6 каверз
2024-02-08 15:02:00,telegram,social,{16529429},6 каверз
2024-03-20 18:53:00,partner,itresume,"{17000877,18084425,20490435,22069703,24667759}",6 каверз
2024-10-15 08:52:00,telegram,bot-send,"{16684485,18689443}",web-power-bi
2024-10-15 09:43:00,telegram,social,"{15903385,16766413,18515647}",web-power-bi
2024-12-04 16:32:00,telegram,bot-send,"{15928661,23819030}",web-0412
2024-12-06 09:34:00,unisender,email,"{16287273,16767225}",web-1112
2024-03-21 18:13:00,,,"{17146943,18333051,18385799,18908377}",DA-TEST-START
2024-03-22 07:37:00,telegram,bot-send,"{16001125,16761823}",Студент
2024-03-22 11:29:00,bot,events-simulative,"{16766403,17180005,18352763,18371345,18522335}",Кейс-АЦ
2024-03-25 09:26:00,telegram,social,{5825207},DA-TEST-START
2024-03-27 10:20:00,telegram,social,{15536401},tinkoff-1
2024-12-16 07:18:00,telegram,bot-send,"{16772541,20843231}",web-1712
2024-06-09 09:08:00,telegram,social,{15960225},web_13_06
2023-12-17 18:09:00,unisender,email,{16930131},Pandas
2024-03-27 16:26:00,telegram,social,"{16784197,17303493}",tinkoff-1
2024-03-27 18:04:00,telegram,bot-send,"{15928337,19015561,19024235}",DA-TEST
2024-03-28 07:25:00,telegram,bot-send,{16764267},tinkoff-1
2024-03-29 12:10:00,telegram,bot-send,{15588591},DA-TEST-START
2024-03-30 12:17:00,unisender,email,"{17151345,17232163,19399386}",tinkoff-1
2024-04-08 09:44:00,unisender,email,"{16078131,19413190}",abc-portfolio
2024-04-08 12:45:00,unisender,email,"{11418857,20595651}",SPEC-DA-TEST-START
2024-01-17 08:22:00,Unisender,email,"{16003791,16767769}",Pandas-v3
2024-01-16 14:29:00,unisender,email,{17173405},Pandas-pre
2024-03-12 16:53:00,unisender,email,"{17129421,17562213}",Студент
2024-03-18 12:08:00,unisender,email,{16287433},Студент
2024-03-21 10:16:00,,,"{12084195,16975267}",DA-TEST-START
2024-03-21 11:19:00,,,"{16529705,17157253}",DA-TEST-START
2024-03-22 14:51:00,telegram,social,"{16003401,16776137,19318216}",DA-TEST
2024-03-23 06:09:00,telegram,bot-send,"{16766369,17160145,17556815}",DA-TEST-START
2024-03-23 06:25:00,telegram,bot-send,"{16766369,17160145,17556815}",DA-TEST
2024-03-26 08:40:00,telegram,bot-send,"{17150867,17177837}",Ads-metrics
2024-03-26 08:49:00,,,{16769049},Ads-metrics
2024-04-17 10:21:00,,,{15873001},Студент
2024-04-29 14:28:00,telegram,social,"{17146035,17191367}",Студент
2024-05-04 15:41:00,instagram,cpa,{11537905},Workshop-RFM
2024-05-13 13:41:00,telegram,bot-send,{11377605},plan-python
2024-02-08 10:23:00,telegram,social,"{15549257,17146927,18114357}",6 каверз
2024-03-27 16:00:00,telegram,social,"{15921749,16695207,16773339}",HARD-SQL
2024-03-28 06:11:00,telegram,social,"{15924193,17108465,22058459}",tinkoff-1
2024-03-28 08:51:00,telegram,bot-send,"{16013985,17154261,19412264,20682793}",tinkoff-1
2024-05-11 19:47:00,,,{15989583},itresume
2023-12-30 05:14:00,Unisender,email,"{17000877,18084425,20490435,22069703,24667759}",Pandas-VIP
2024-01-24 13:02:00,unisender,email,{17105135},Workshop-RFM
2024-04-11 08:48:00,telegram,social,"{17123865,17560467,18878981}",ROADMAP
2024-09-04 21:53:00,telegram,social,{15539831},become-analyst
2024-05-14 16:36:00,telegram,social,"{17146799,17328989}",plan-python
2024-05-16 09:53:00,telegram,social,"{8328733,20015455}",Select-Materials
2024-05-16 09:55:00,material,big-selection-of-materials-for-testing-skills,"{8328733,20015455}",DA-TEST-START
2024-05-16 09:57:00,telegram,social,"{15999793,17100049,18568773}",Select-Materials
2024-05-17 11:56:00,telegram,bot-send,"{11014471,18361379}",Python-FREE
2024-05-28 17:54:00,,,"{16978917,16978919}",DA-TEST-START
2024-05-29 17:05:00,unisender,email,"{17147699,17428973,17428975,18451713}",Студент
2024-06-09 08:16:00,unisender,email,{16784739},web_13_06
2024-06-11 19:23:00,telegram,social,{16862903},student-project
2024-06-17 08:56:00,telegram,bot-send,"{16001545,17165757}",КАРЬЕРНЫЙ
2024-08-20 17:39:00,telegram,bot-send,"{15995043,16764165,18222859}",intensive-analyst
2024-01-18 11:00:00,Unisender,email,"{17151787,17558471,21456436,21502670,21566010}",Pandas-VIP
2024-04-17 11:51:00,telegram,bot-send,{15924905},Python-FREE
2024-04-17 12:07:00,telegram,social,"{8358657,16574417}",Python-FREE
2024-06-18 20:26:00,vkontakte,social,"{16699695,19653806}",SPEC-DA-TEST
2024-06-25 17:04:00,telegram,social,{17070179},Ozon-25-06
2024-07-03 11:09:00,telegram,social,"{17123865,17560467,18878981}",PRODUCT-TEST-START
2024-08-06 16:03:00,unisender,email,{6953413},web-resume
2024-09-09 13:06:00,telegram,paid-placement,{15943559},become-analyst
2024-10-04 11:50:00,telegram,bot-send,"{16785101,17610155}",web-geo-analyt
2024-10-07 13:16:00,telegram,paid-placement,"{16833811,16833813}",web-geo-analyt
2023-12-12 17:33:00,bot,analytics-pandas-python,{16054019},
2023-12-25 09:19:00,unisender,email,"{17038527,17683033}",Sber-Веб
2023-12-25 10:05:00,telegram,analyticsgrowthmindset,{16003369},Sber-Веб
2023-12-25 10:05:00,bot,testovoe-ozon,{5807709},Sber-Веб
2024-03-07 08:38:00,unisender,email,"{16002315,17136577,18651907,18658731,19040861}",LTV-Веб
2024-01-09 04:55:00,Unisender,email,"{17146035,17191367}",Pandas-VIP
2024-04-11 14:15:00,telegram,social,{5986731},SPEC-DA-TEST
2024-06-18 11:36:00,telegram,bot-send,"{15667785,18847199,19503222}",КАРЬЕРНЫЙ
2024-06-18 12:08:00,telegram,bot-send,{17005839},SPEC-DA-TEST
2024-06-18 12:08:00,telegram,bot-send,"{17000877,18084425,20490435,22069703,24667759}",SPEC-DA-TEST-START
2024-06-20 05:19:00,telegram,social,{6953413},SPEC-DA-TEST-START
2024-06-20 05:29:00,telegram,social,{6953413},SPEC-DA-TEST
2024-06-20 06:24:00,vkontakte,social,{17060195},DA-TEST-START
2024-08-22 06:49:00,telegram,bot-send,"{15938237,16761965}",plan-python
2024-09-08 13:43:00,telegram,social,"{7710743,14717267}",become-analyst
2024-09-10 08:24:00,telegram,bot-send,"{16267739,19910637,22930899}",become-analyst
2024-10-08 09:14:00,telegram,social,"{16275885,17101289}",web-geo-analyt
2024-10-08 09:14:00,unisender,email,"{15922681,16560611}",web-geo-analyt
2024-10-08 16:02:00,telegram,bot-send,{15922359},web-geo-analyt
2024-10-08 16:02:00,telegram,social,"{16228633,16771429}",web-geo-analyt
2024-01-15 17:04:00,,,"{17123457,17541177,18678281,21487554}",Pandas-v3
2024-10-25 14:32:00,telegram,social,"{16789437,16819743}",web-2910
2024-11-12 08:15:00,bloger,post,"{15921749,16695207,16773339}",web-1211
2024-04-16 02:25:00,unisender,email,"{9649707,18908843,24129719}",Python-FREE
2025-01-01 11:35:00,unisender,email,"{16762011,16816349}",6 каверз
2025-01-23 09:22:00,unisender,email,{12262075},portfolio ideas
2023-12-19 13:19:00,bot,free-course-pandas,"{15922439,19436980,20455897}",Pandas-v1
2023-12-13 16:23:00,telegram,itresume,"{16743379,19453462,21000955}",Pandas
2023-12-19 18:58:00,bot,events-simulative,{15931597},Pandas-pre
2024-06-17 18:55:00,vkontakte,social,{16853135},SPEC-DA-TEST
2024-06-17 23:33:00,telegram,bot-send,{12488361},КАРЬЕРНЫЙ
2024-06-17 23:33:00,telegram,bot-send,{12488361},КАРЬЕРНЫЙ
2024-06-18 10:21:00,telegram,social,"{11418857,20595651}",SPEC-DA-TEST-START
2024-06-18 10:27:00,telegram,social,"{11418857,20595651}",SPEC-DA-TEST
2024-06-20 19:04:00,telegram,bot-send,"{16020473,16771993}",МК-Python
2024-06-20 20:17:00,unisender,email,{15930551},МК-Python
2024-09-10 15:31:00,unisender,email,{13904427},become-analyst
2024-09-10 15:31:00,Unisender,email,{13904427},become-analyst
2024-09-10 15:53:00,telegram,bot-send,{16051969},become-analyst
2024-09-10 16:15:00,vkontakte,social,"{11418857,20595651}",become-analyst
2024-09-17 09:26:00,telegram,bot-send,{15569467},become-bi
2024-09-20 13:24:00,telegram,bot-send,"{16833811,16833813}",web-2409
2024-09-20 14:27:00,telegram,bot-send,"{16228633,16771429}",web-2409
2024-11-06 17:04:00,telegram,social,{11989079},web-0611
2025-01-23 10:44:00,telegram,social,"{16762221,16954607}",portfolio ideas
2024-06-18 11:11:00,telegram,social,"{15539937,16762403}",SPEC-DA-TEST
2024-06-18 12:04:00,telegram,bot-send,{16005629},SPEC-DA-TEST
2023-12-19 19:35:00,Unisender,email,{5807709},Pandas-VIP
2023-12-20 05:55:00,Unisender,email,{16996099},Pandas-v1
2024-03-07 09:37:00,,,{5801075},LTV-Веб
2024-09-23 15:46:00,,,{17124297},plan-python
2024-09-10 16:30:00,bloger,post,"{17146035,17191367}",become-analyst
2024-09-12 12:59:00,vk,cpc,"{17163457,18257003,22568895}",intensive-analyst
2024-10-03 11:44:00,unisender,email,{15930551},web-geo-analyt
2024-10-03 11:45:00,unisender,email,"{16528877,16801525,16816427,16865855}",web-geo-analyt
2024-09-22 16:33:00,vk_ads,cpm,{7366116},web-2409
2024-10-03 20:00:00,unisender,email,{15930551},lottery
2024-10-04 08:27:00,telegram,bot-send,{16489279},web-geo-analyt
2024-10-25 13:12:00,telegram,social,"{15969863,18953713}",Python-FREE
2024-10-25 14:55:00,telegram,social,{16864421},web-2910
2024-10-29 16:27:00,telegram,bot-send,"{9825095,19271961,25233199}",web-2910
2024-11-03 15:09:00,unisender,email,{15378039},web-0611
2025-01-13 08:05:00,manager,,"{15999339,16764375}",web-1401
2023-12-19 15:06:00,bot,events-simulative,{16764267},Pandas-v1
2024-08-19 13:50:00,bloger,post,{17145927},intensive-analyst
2024-06-20 08:59:00,unisender,email,{5803341},МК-Python
2024-06-20 09:38:00,telegram,bot-send,{15920135},МК-Python
2024-06-20 09:38:00,telegram,bot-send,"{17038527,17683033}",МК-Python
2024-06-20 22:49:00,telegram,bot-send,"{17141895,18859951,22029899}",МК-Python
2024-06-20 23:03:00,telegram,bot-send,{13166349},МК-Python
2023-12-23 08:35:00,telegram,itresume,{16033989},Sber-Веб
2024-03-08 10:35:00,telegram,bot-send,{17160145},08.03.2024
2024-03-29 16:00:00,telegram,social,{15959625},DA-TEST-START
2024-06-11 09:57:00,telegram,bot-send,{15927361},student-project
2024-06-17 08:43:00,unisender,email,{16104917},КАРЬЕРНЫЙ
2024-10-03 11:56:00,unisender,email,"{15950709,16529323,16770067}",web-geo-analyt
2024-10-25 14:32:00,telegram,bot-send,"{16763135,17560101}",web-2910
2024-11-02 20:52:00,telegram,bot-send,"{16774955,18347079}",web-0611
2024-11-03 13:19:00,telegram,bot-send,"{16003565,17553527,17829067,20886197,22364977,23647487,24161655}",web-0611
2024-11-04 05:54:00,telegram,social,{5801595},web-0611
2024-12-11 12:23:00,telegram,social,"{11787181,12343743,25212617}",abc-portfolio
2024-12-11 16:14:00,telegram,paid-placement,{16669409},web-1112
2024-12-11 16:32:00,telegram,social,{16765561},web-1112
2024-12-11 17:51:00,telegram,bot-send,"{15921749,16695207,16773339}",web-1112
2024-12-11 17:59:00,telegram,bot-send,{15538843},web-1112
2024-12-11 19:40:00,telegram,bot-send,"{16003565,16764873,17290925,17553527,17829067,19544884,19867361,20886197,24161655,24395845}",Консультация
2024-12-11 19:43:00,telegram,bot-send,{15569467},web-1112
2024-12-11 19:43:00,telegram,bot-send,{15569467},web-1112
2024-12-12 03:17:00,telegram,bot-send,"{16084821,20106453}",web-0412
2024-12-12 09:24:00,telegram,social,"{17151209,19295911,21692221}",web-1112
2023-12-13 07:46:00,unisender,email,"{5809177,16767187,16767203}",LTV-Веб
2024-03-14 17:23:00,telegram,social,"{15548959,16763825,18256737,19434630}",ROADMAP
2024-04-05 12:47:00,telegram,social,"{17146215,17146219,17177795}",SPEC-DA-TEST-START
2024-11-12 14:58:00,telegram,social,"{15942213,16974953,20010059}",web-1211
2024-11-29 15:02:00,,,"{16066779,16770183}",itresume
2024-06-18 14:41:00,telegram,social,{17032093},SPEC-DA-TEST
2024-07-05 08:11:00,telegram,bot-send,"{16084821,20106453}",КАРЬЕРНЫЙ
2024-07-05 13:39:00,telegram,bot-send,{16788821},Студент
2024-11-06 15:18:00,telegram,bot-send,{16238231},web-0611
2023-12-14 08:35:00,bot,live-course-sql,"{10654999,17558293}",Экскурсия
2024-11-02 12:51:00,telegram,social,"{7710743,14717267}",web-0611
2024-11-03 01:42:00,telegram,social,"{16084821,20106453}",web-0611
2024-11-03 17:04:00,unisender,email,{17070179},web-0611
2024-12-12 08:49:00,telegram,bot-send,"{16003159,18616975}",6 каверз
2024-07-08 04:24:00,telegram,social,"{15924193,17108465,22058459}",PRODUCT-TEST-START
2023-12-29 19:36:00,Unisender,email,"{17000877,18084425,20490435,22069703,24667759}",Pandas-v2
2024-07-08 22:04:00,telegram,paid-placement,"{15557477,16767411}",web_09_07
2024-07-09 07:50:00,telegram,social,"{16765779,18914999}",web_09_07
2024-11-08 07:11:00,telegram,paid-placement,"{15927075,16695207,17631349,19006309}",web-1211
2024-05-06 22:46:00,amo,email,{15378039},Экскурсия
2024-07-05 08:38:00,telegram,bot-send,"{16785101,17610155}",web_09_07
2024-07-05 08:39:00,telegram,bot-send,"{16059185,19052623}",PRODUCT-TEST-START
2024-11-06 15:55:00,telegram,social,{5801595},web-0611
2024-11-06 15:59:00,telegram,bot-send,"{16060763,22961007}",web-0611
2024-11-06 16:12:00,telegram,social,{13904427},web-0611
2024-02-07 15:46:00,unisender,email,"{5814679,20781819}",6 каверз
2024-05-23 10:38:00,unisender,email,{832697},20ideas
2024-05-23 13:38:00,telegram,bot-send,{16003161},20ideas
2024-05-24 10:01:00,unisender,email,"{11999701,16767673}",20ideas
2025-01-18 03:29:00,unisender,email,{16547969},web-2101
2025-01-18 04:42:00,unisender,email,{16547969},web-2101
2025-01-18 06:26:00,telegram,bot-send,{11264135},web-2101
2025-01-18 06:46:00,telegram,social,"{15930551,23484153}",web-2101
2024-09-25 08:59:00,unisender,email,"{17151209,19295911,21692221}",web-2409
2024-10-02 12:51:00,unisender,email,{15744043},lottery
2024-03-27 10:23:00,telegram,social,{16238231},DA-TEST
2024-11-08 08:04:00,telegram,paid-placement,"{17147699,17428973,17428975,18451713}",web-1211
2024-04-26 11:09:00,telegram,bot-send,{15417229},Ads-metrics
2024-07-06 08:35:00,unisender,email,{16957229},PRODUCT-TEST-START
2024-07-06 09:17:00,unisender,email,"{16287273,16767225}",web_09_07
2024-07-08 07:17:00,telegram,bot-send,"{15921793,15927163,17122529}",PRODUCT-TEST-START
2024-07-08 07:22:00,telegram,bot-send,"{15921793,15927163,17122529}",PRODUCT-TEST
2024-07-09 08:04:00,telegram,social,"{15924193,17108465,22058459}",web_09_07
2024-11-07 12:26:00,unisender,email,"{16570977,18237375}",web-geo-analyt
2024-11-07 12:27:00,unisender,email,"{16570977,18237375}",become-bi
2024-03-08 08:17:00,unisender,email,"{15545853,24411065,24447353}",08.03.2024
2024-03-08 12:51:00,telegram,bot-send,"{5802551,18648021}",08.03.2024
2024-03-08 12:51:00,unisender,email,{15556555},08.03.2024
2024-05-29 03:16:00,unisender,email,{17060195},20ideas
2024-05-23 12:45:00,vkontakte,social,"{16011643,16871171,19092417}",20ideas
2024-05-23 13:47:00,telegram,bot-send,"{15621747,16768801}",20ideas
2024-05-24 14:31:00,telegram,social,{15924195},20ideas
2024-05-26 23:39:00,telegram,social,{5799545},20ideas
2024-11-02 09:30:00,telegram,bot-send,{15569467},web-0611
2024-11-08 08:09:00,unisender,email,"{16287273,16767225}",web-1211
2025-01-15 10:22:00,unisender,email,{16547969},web-1401
2023-12-23 07:08:00,telegram,itresume,"{8358657,16574417}",Sber-Веб
2024-01-24 15:04:00,telegram,pandas-chat,{17264537},Workshop-RFM
2024-03-25 09:30:00,telegram,social,{5799545},20ideas
2024-05-28 21:02:00,telegram,social,{17032093},20ideas
2024-05-31 06:24:00,telegram,social,{16001333},Студент
2024-11-02 11:14:00,unisender,email,{15921957},web-0611
2024-12-04 16:21:00,telegram,social,"{16056423,16769383}",web-0412
2024-07-19 12:11:00,telegram,social,"{16084821,20106453}",DA-TEST-START
2024-01-06 11:04:00,telegram,bot,{17145927},Экскурсия
2023-12-21 07:38:00,bot,free-course-pandas,"{16066779,16770183}",Pandas-VIP
2024-06-06 06:53:00,telegram,bot-send,{16857289},plan-python
2024-06-06 08:22:00,unisender,email,{16529727},ROADMAP
2024-06-06 08:45:00,telegram,bot-send,"{5802551,18648021}",ROADMAP
2024-11-08 08:38:00,telegram,social,{17033243},DA-TEST-START
2024-01-07 20:03:00,bot,events-simulative,{16057487},НГ-Оплата
2024-01-08 14:08:00,unisender,email,{5803341},Pandas-pre
2024-01-09 18:19:00,,,"{17147699,17428973,17428975,18451713}",Экскурсия
2024-01-09 18:20:00,telegram,bot,"{17147699,17428973,17428975,18451713}",Экскурсия
2024-01-14 20:08:00,bot,analytics-pandas-python,{16816881},Pandas-VIP
2024-01-05 14:44:00,unisender,email,"{12089567,16764831,16764843}",Pandas-pre
2024-01-06 11:50:00,telegram,bot,"{17262125,17262127}",Экскурсия
2024-01-07 11:16:00,bot,events-simulative,"{17262125,17262127}",Заморозка
2024-06-11 07:48:00,unisender,email,"{17154281,18638507}",student-project
2024-04-05 07:13:00,telegram,social,{16511641},Студент
2024-06-18 16:03:00,telegram,social,{15927361},SPEC-DA-TEST-START
2024-06-09 11:32:00,telegram,bot-send,{16531253},web_13_06
2024-06-09 19:29:00,unisender,email,{17167117},web_13_06
2024-06-10 08:21:00,,,{16816361},Python-FREE
2024-06-10 16:34:00,telegram,social,{15378039},web_13_06
2024-06-11 07:23:00,telegram,bot-send,"{16743379,19453462,21000955}",student-project
2024-06-11 08:08:00,telegram,bot-send,{16053929},student-project
2024-06-11 08:16:00,unisender,email,"{16833811,16833813}",student-project
2024-08-06 16:39:00,telegram,bot-send,"{16774955,18347079}",web-resume
2024-11-14 00:15:00,telegram,paid-placement,"{16312435,19011609}",web-1211
2024-07-09 16:43:00,telegram,paid-placement,"{15571275,17145655}",web_09_07
2024-04-16 09:31:00,telegram,bot-send,"{16774955,18347079}",SQL-16-04-24
2024-09-13 18:45:00,Unisender,email,{5801075},become-bi
2024-09-13 18:52:00,telegram,social,"{16789437,16819743}",become-bi
2025-01-13 08:25:00,telegram,social,"{16552793,17148487}",web-1401
2024-11-20 11:28:00,telegram,social,"{16002965,18672699}",HARD-SQL
2024-05-16 10:53:00,vk_ads,cpm,"{12089567,16764831,16764843}",Workshop-RFM
2024-09-13 09:42:00,telegram,social,"{16084821,20106453}",become-bi
2024-09-13 09:53:00,telegram,social,{16442961},become-bi
2024-09-13 10:39:00,telegram,bot-send,"{15916041,18583517}",become-bi
2023-12-13 20:34:00,telegram,itresume,"{15555667,16762071}",Pandas
2023-12-13 20:39:00,yandex,cpc,"{5840561,16823375,17195057}",HARD-SQL
2024-08-20 17:22:00,telegram,bot-send,"{15995043,16764165,18222859}",intensive-analyst
2024-08-20 17:23:00,telegram,bot-send,{17034101},intensive-analyst
2024-09-15 11:03:00,telegram,social,"{16017013,16532045,18912267}",become-bi
2023-12-15 11:40:00,bot,value-sql,"{15931845,16774847}",Pandas
2024-09-17 17:10:00,unisender,email,"{16259985,16762065,19576502,24830799}",become-bi
2024-09-17 16:02:00,telegram,social,"{16003565,16764873,17290925,17553527,17829067,19544884,19867361,20886197,24161655,24395845}",become-bi
2023-12-25 09:20:00,telegram,analyticsgrowthmindset,"{16769821,16820275,17193675}",Sber-Веб
2024-09-17 16:18:00,bloger,post,"{15916041,18583517}",become-bi
2024-09-17 17:09:00,telegram,social,{16238231},become-bi
2024-01-15 17:06:00,,,"{17123457,17541177,18678281,21487554}",Pandas-v3
2024-08-20 18:01:00,unisender,email,{11989079},intensive-analyst
2024-08-14 08:39:00,telegram,social,{16529429},intensive-analyst
2024-09-16 09:07:00,bloger,post,"{17147329,17580017,21615360}",become-bi
2024-09-16 11:44:00,bloger,post,{16741325},become-bi
2023-12-21 10:08:00,telegram,,{8346889},Pandas-pre
2024-08-20 17:29:00,telegram,social,{15935273},intensive-analyst
2024-08-20 17:36:00,bloger,post,"{17154281,18638507}",intensive-analyst
2024-08-14 09:21:00,telegram,bot-send,"{15931845,16774847}",intensive-analyst
2023-12-19 12:28:00,unisender,email,"{11014471,18361379}",Pandas-v1
2023-12-19 16:24:00,bot,events-simulative,"{16529751,18612143}",Pandas-v1
2023-12-21 10:08:00,telegram,,{8346889},Pandas-v1
2024-02-20 11:36:00,unisender,email,"{16691305,16798093}",Workshop-RFM
2024-04-04 11:03:00,unisender,email,{16200535},abc-portfolio
2024-05-06 16:17:00,telegram,bot-send,"{15548959,16763825,18256737,19434630}",DA-TEST-START
2024-05-09 11:28:00,telegram,bot-send,{16091907},Python-FREE
2024-09-19 16:20:00,unisender,email,{5801075},web_23_07
2024-10-18 09:32:00,telegram,bot-send,{16529727},web-2310
2024-10-18 11:48:00,telegram,social,"{2200671,5806435,18084533,20586583}",web-2310
2024-10-18 11:54:00,telegram,bot-send,"{16774955,18347079}",web-2310
2024-03-05 10:51:00,telegram,social,{17032093},ROADMAP
2024-03-05 10:51:00,telegram,social,"{16002555,16784777}",ROADMAP
2024-09-16 14:36:00,telegram,social,"{16772541,20843231}",become-bi
2025-01-18 15:05:00,unisender,email,"{11787181,12343743,25212617}",web-2101
2024-10-18 09:32:00,telegram,social,"{16769821,16820275,17193675}",web-2310
2024-10-18 09:45:00,telegram,bot-send,{5801595},web-2310
2024-10-18 10:43:00,unisender,email,{15569323},web-2310
2024-10-19 20:21:00,telegram,social,"{16003565,16764873,17290925,17553527,17829067,19544884,19867361,20886197,24161655,24395845}",web-2310
2024-11-20 14:01:00,telegram,bot-send,"{16774955,18347079}",Кейс-АЦ
2024-12-24 15:01:00,telegram,social,{11989079},web-2412
2024-02-20 12:32:00,unisender,email,"{17146799,17328989}",Workshop-RFM
2024-05-13 09:25:00,telegram,social,"{17146943,18333051,18385799,18908377}",plan-python
2024-05-13 09:28:00,telegram,social,"{16275885,17101289,24452351}",plan-python
2024-05-13 09:30:00,telegram,social,"{12718265,18840823,21317974}",plan-python
2024-05-13 12:19:00,telegram,bot-send,"{16081745,16601531,17159091,18908721}",plan-python
2023-12-19 14:37:00,bot,testovoe-ozon,"{16775127,16980287}",Pandas-pre
2023-12-19 14:37:00,bot,testovoe-ozon,"{16775127,16980287}",Pandas-v1
2024-01-24 12:29:00,telegram,bot-send,"{15916041,18583517}",Workshop-RFM
2025-01-18 15:52:00,telegram,bot-send,{11587469},web-2101
2024-04-16 09:18:00,telegram,bot-send,{17034101},SQL-16-04-24
2024-05-08 14:02:00,telegram,bot-send,"{15916041,18583517}",DA-TEST-START
2024-09-20 11:38:00,telegram,bot-send,"{16281907,16792385}",web-2409
2024-09-20 11:38:00,telegram,bot-send,{15564527},web-2409
2024-10-10 11:55:00,telegram,bot-send,{15569467},web-power-bi
2025-01-18 16:00:00,telegram,bot-send,{11587469},web-2101
2024-10-23 11:03:00,telegram,bot-send,"{16552793,17148487}",web-2310
2024-01-03 09:17:00,unisender,email,{15607005},Pandas-pre
2024-01-03 10:25:00,bot,events-simulative,{16541723},Pandas-v2
2024-01-26 07:30:00,,,"{16769821,16820275,17193675}",Студент
2024-05-13 16:23:00,telegram,bot-send,"{16784957,20490049}",plan-python
2024-05-13 18:36:00,unisender,email,"{15667785,18847199,19503222}",plan-python
2024-05-14 06:13:00,unisender,email,"{16524625,19066647,20106413}",plan-python
2024-05-14 06:16:00,telegram,bot-send,"{16524625,19066647,20106413}",plan-python
2024-02-21 18:28:00,telegram,social,"{9164281,17166441}",HARD-SQL
2024-02-22 17:21:00,telegram,social,"{16743379,19453462,21000955}",HARD-SQL
2024-05-13 07:30:00,telegram,social,{16529429},ROADMAP
2024-05-13 09:28:00,telegram,social,"{15924193,17108465,22058459}",plan-python
2024-10-15 07:56:00,unisender,email,{15744043},web-power-bi
2024-10-23 15:05:00,unisender,email,{16788821},web-2310
2024-10-23 15:05:00,unisender,email,{16788821},web-2310
2024-10-23 15:05:00,unisender,email,{16788821},web-2310
2024-10-23 15:56:00,telegram,bot-send,{16238231},web-2310
2024-10-23 16:09:00,telegram,social,"{15924193,17562089}",web-2310
2024-12-04 16:03:00,telegram,bot-send,{12349789},web-0412
2024-12-04 16:03:00,telegram,bot-send,{12349789},web-0412
2024-02-08 08:46:00,telegram,social,{6707403},6 каверз
2024-05-16 22:46:00,unisender,email,"{15927075,16695207,17631349,19006309}",Select-Materials
2024-05-17 08:57:00,unisender,email,"{16669409,24574945}",Select-Materials
2024-05-14 22:33:00,unisender,email,"{15591603,16773121,18378405}",plan-python
2024-05-15 03:19:00,telegram,bot-send,"{16066779,16770183}",plan-python
2024-05-16 06:15:00,telegram,bot-send,"{5983741,16765093}",plan-python
2024-05-16 08:48:00,telegram,social,"{16003565,16764873,17290925,17553527,17829067,19544884,19867361,20886197,24161655,24395845}",Select-Materials
2024-05-16 16:48:00,unisender,email,"{15570281,16770335}",Select-Materials
2024-07-18 09:50:00,unisender,email,{16442961},КАРЬЕРНЫЙ
2024-07-19 10:42:00,telegram,bot-send,"{17156637,20605369,20764479}",web_23_07
2023-12-19 13:54:00,,,{16979047},Pandas-pre
2024-01-16 11:05:00,telegram,itresume,{16864421},Pandas-v3
2024-01-16 11:06:00,unisender,email,"{12089567,16764831,16764843}",Pandas-pre
2024-01-16 11:07:00,unisender,email,"{12089567,16764831,16764843}",Pandas-v3
2024-01-16 11:17:00,unisender,email,{17105135},Pandas-v3
2024-05-19 13:09:00,vkontakte,social,"{11787181,12343743,25212617}",plan-python
2024-05-20 07:14:00,instagram,cpa,"{15545853,20697223}",Workshop-RFM
2024-08-21 12:03:00,telegram,bot-send,"{15903385,16766413,18515647}",plan-python
2024-11-14 00:09:00,telegram,social,"{15942213,16974953,20010059}",web-1211
2024-11-14 00:25:00,telegram,social,"{7710743,14717267}",web-1211
2025-01-01 14:28:00,unisender,email,{17177205},advent
2025-01-06 10:53:00,telegram,paid-placement,{15959625},autoweb-yandex
2023-12-20 11:06:00,bot,events-simulative,"{11792445,16764207}",Pandas-v1
2024-06-11 12:18:00,telegram,social,"{15927075,16695207,17631349,19006309}",student-project
2024-06-11 13:07:00,telegram,bot-send,"{11792445,16764207}",web_13_06
2024-08-20 16:06:00,bloger,post,"{5848071,20887407}",intensive-analyst
2024-08-20 16:21:00,telegram,social,"{10654999,17558293}",intensive-analyst
2024-08-20 16:43:00,bloger,post,"{16259985,16762065,19576502,24830799}",intensive-analyst
2024-10-14 12:08:00,telegram,bot-send,"{5800233,16764845}",Консультация
2024-11-14 00:16:00,telegram,bot-send,{11989079},web-1211
2024-12-24 16:36:00,telegram,social,"{2200671,5806435,18084533,20586583}",web-2412
2024-01-16 14:12:00,telegram,itresume,"{15923171,21320212}",Pandas-v3
2024-01-16 16:21:00,Unisender,email,"{10331397,16761959}",Pandas-v3
2024-01-16 20:06:00,unisender,email,"{16003791,16767769}",Экскурсия
2024-04-05 14:10:00,telegram,social,{15927495},SPEC-DA-TEST
2024-04-25 22:32:00,instagram,cpa,"{3817811,12210285,18900811,19630602}",Workshop-RFM
2024-04-27 15:19:00,telegram,bot-send,"{16684485,18689443}",Экскурсия
2024-06-11 13:38:00,telegram,bot-send,"{15921749,16695207,16773339}",web_13_06
2024-06-11 15:27:00,telegram,paid-placement,{16561627},web_13_06
2024-06-18 10:37:00,telegram,social,"{8887233,16766255}",SPEC-DA-TEST-START
2023-12-20 16:51:00,telegram,,{17033243},Pandas-v1
2024-01-17 10:14:00,Unisender,email,"{17147699,17428973,17428975,18451713}",Pandas-VIP
2024-01-17 10:18:00,unisender,email,{17175813},Pandas-v3
2024-01-17 10:18:00,unisender,email,{17175813},Pandas-v3
2024-01-17 10:19:00,telegram,bot-send,"{16784957,20490049}",Pandas-pre
2024-01-17 10:19:00,telegram,bot-send,"{16784957,20490049}",Pandas-v3
2024-04-05 10:30:00,telegram,social,{5825207},SPEC-DA-TEST-START
2024-06-13 10:57:00,telegram,social,"{15916041,18583517}",web_13_06
2024-06-13 10:57:00,vkontakte,social,"{16699695,19653806}",web_13_06
2024-07-23 16:00:00,telegram,social,{11789383},web_23_07
2024-08-19 20:21:00,bloger,post,"{16259985,16762065,19576502,24830799}",intensive-analyst
2025-01-17 08:37:00,unisender,email,"{1460603,23961501}",web-2101
2023-12-13 16:26:00,,,"{16528877,16801525,16816427,16865855}",Экскурсия
2024-03-21 19:46:00,,,"{15995043,16764165,18222859}",DA-TEST
2024-04-05 09:09:00,telegram,social,"{17124341,17323493,18223273}",SPEC-DA-TEST-START
2024-04-05 09:50:00,unisender,email,"{17147699,17428973,17428975,18451713}",SPEC-DA-TEST-START
2024-04-05 09:50:00,telegram,bot-send,"{16524625,19066647,20106413}",SPEC-DA-TEST-START
2024-04-05 10:41:00,telegram,social,"{12084195,16975267}",SPEC-DA-TEST-START
2024-04-05 11:11:00,unisender,email,{15922897},SPEC-DA-TEST-START
2024-04-05 16:54:00,telegram,bot-send,"{5802551,18648021}",SPEC-DA-TEST-START
2024-06-18 07:43:00,,,"{15621747,16768801}",itresume
2024-04-06 02:18:00,telegram,bot-send,{13166349},SPEC-DA-TEST
2024-04-06 13:39:00,telegram,social,{12349789},SPEC-DA-TEST-START
2024-06-13 12:36:00,telegram,bot-send,{5845449},ROADMAP
2024-11-08 09:11:00,telegram,social,{16370861},web-1211
2024-11-08 09:25:00,unisender,email,"{16561641,17151733}",web-1211
2024-04-05 10:39:00,telegram,bot-send,"{16281907,16792385}",SPEC-DA-TEST-START
2024-04-05 12:07:00,telegram,bot-send,"{15916041,18583517}",SPEC-DA-TEST-START
2024-04-05 12:49:00,unisender,email,"{15889391,16766247,19329846,20771041}",SPEC-DA-TEST
2024-04-05 13:56:00,telegram,social,"{17129421,17562213}",SPEC-DA-TEST-START
2024-04-05 14:11:00,telegram,bot-send,"{16081745,16601531,17159091,18908721}",SPEC-DA-TEST-START
2024-04-05 14:11:00,telegram,social,{16572265},SPEC-DA-TEST-START
2024-04-07 10:41:00,unisender,email,{11264135},SPEC-DA-TEST-START
2024-04-08 07:25:00,unisender,email,{16489279},tinkoff-1
2024-04-09 09:28:00,telegram,social,{17033243},Python-FREE
2024-04-09 10:23:00,telegram,bot-send,"{16785101,17610155}",Python-FREE
2024-04-09 10:23:00,telegram,bot-send,"{16011643,16871171,19092417}",Python-FREE
2024-04-09 12:44:00,telegram,bot-send,{16979047},Python-FREE
2024-04-09 14:55:00,telegram,bot-send,"{3817811,12210285,18900811,19630602}",Python-FREE
2024-04-10 05:00:00,telegram,bot-send,{16857289},SPEC-DA-TEST
2024-04-10 05:02:00,telegram,bot-send,{16857289},Python-FREE
2024-04-10 08:16:00,unisender,email,{17212651},Студент
2024-04-10 08:44:00,unisender,email,"{16002965,18672699}",Python-FREE
2024-04-16 08:40:00,unisender,email,{11807293},Python-FREE
2024-05-13 12:42:00,unisender,email,{11807293},plan-python
2024-06-13 16:05:00,telegram,bot-send,"{16013985,17154261,19412264,20682793}",web_13_06
2024-08-21 16:27:00,unisender,email,"{17146799,17328989}",plan-python
2024-09-24 09:35:00,telegram,bot-send,"{15928337,19015561,19024235}",web-2409
2024-04-09 14:50:00,telegram,bot-send,"{16003159,18616975}",abc-portfolio
2024-04-10 08:27:00,telegram,social,"{5983741,16765093}",DA-TEST
2023-12-19 14:13:00,bot,events-simulative,"{5809177,16767187,16767203}",Pandas-pre
2024-04-11 03:19:00,unisender,email,{16784957},Python-FREE
2024-04-11 08:47:00,telegram,social,"{11999701,16767673}",ROADMAP
2024-04-11 14:56:00,vkontakte,social,{12481235},ROADMAP
2024-04-15 12:14:00,telegram,bot-send,"{15946775,16785195,17577077}",SPEC-DA-TEST-START
2024-04-16 13:49:00,unisender,email,"{16228633,16771429}",Python-FREE
2024-04-16 13:54:00,telegram,social,"{17146215,17146219,17177795}",SQL-16-04-24
2024-04-16 13:59:00,telegram,bot-send,"{15921793,15927163,17122529}",SQL-16-04-24
2024-06-25 13:43:00,telegram,bot-send,{15996447},Ozon-25-06
2024-06-25 13:46:00,telegram,social,{17034101},Ozon-25-06
2024-04-11 00:55:00,vkontakte,social,"{17141895,18859951,22029899}",DA-TEST-START
2024-11-11 06:01:00,telegram,paid-placement,{16820111},web-1211
2024-04-11 09:49:00,telegram,social,"{16570977,18237375}",ROADMAP
2024-04-11 09:51:00,unisender,email,{15954809},ROADMAP
2024-04-11 10:33:00,unisender,email,"{16520771,21705141}",ROADMAP
2024-04-11 10:34:00,unisender,email,"{16078131,19413190}",ROADMAP
2024-04-11 12:48:00,telegram,social,"{5800343,16767323}",ROADMAP
2024-04-15 12:06:00,telegram,bot-send,{15270129},Python-FREE
2024-09-24 16:02:00,telegram,bot-send,{12349789},web-2409
2024-05-05 12:25:00,vkontakte,social,{16957229},Python-FREE
2024-06-18 15:45:00,unisender,email,{17162981},SPEC-DA-TEST-START
2024-07-09 15:56:00,telegram,social,"{15948581,16764269}",web_09_07
2024-07-09 15:56:00,telegram,social,"{16765779,18914999}",web_09_07
2024-07-09 16:31:00,telegram,social,{15538843},web_09_07
2024-01-21 21:02:00,telegram,bot-send,"{17038527,17683033}",Pandas-v3
2024-04-15 18:24:00,unisender,email,{16930131},ROADMAP
2024-07-09 15:58:00,telegram,bot-send,"{16785101,17610155}",web_09_07
2024-07-09 15:58:00,unisender,email,"{17156637,20605369,20764479}",web_09_07
2024-07-09 16:03:00,telegram,social,{17034101},web_09_07
2024-07-09 16:03:00,telegram,bot-send,{16531725},web_09_07
2024-07-09 16:08:00,telegram,bot-send,{16531253},web_09_07
2024-07-09 16:08:00,telegram,bot-send,{15929783},web_09_07
2024-07-09 16:09:00,telegram,bot-send,"{16743379,19453462,21000955}",web_09_07
2024-07-09 16:17:00,telegram,social,"{11787181,12343743,25212617}",web_09_07
2024-07-09 16:18:00,telegram,social,"{11787181,12343743,25212617}",web_09_07
2024-07-09 16:19:00,telegram,social,"{17174229,17563043}",web_09_07
2024-07-09 16:23:00,telegram,bot-send,{14728903},web_09_07
2025-01-17 13:05:00,telegram,bot-send,"{15999363,16775393}",web-2101
2025-01-19 10:06:00,telegram,social,"{3817811,12210285,18900811,19630602}",web-2101
2023-12-12 14:24:00,unisender,email,"{2200671,5806435,18084533,20586583}",LTV-Веб
2024-04-04 09:53:00,telegram,social,{13166349},abc-portfolio
2024-04-04 09:59:00,telegram,social,"{15927075,16695207,17631349,19006309}",abc-portfolio
2024-06-25 16:41:00,telegram,bot-send,{15923167},Ozon-25-06
2024-07-03 19:47:00,telegram,social,{17060195},PRODUCT-TEST-START
2024-06-25 16:41:00,telegram,bot-send,"{16011643,16871171,19092417}",Ozon-25-06
2024-07-03 15:29:00,telegram,bot-send,{15927361},PRODUCT-TEST
2024-07-04 03:13:00,telegram,bot-send,"{15928661,23819030}",PRODUCT-TEST-START
2024-07-04 15:34:00,telegram,social,"{14972525,16762689,16816411,18568901}",PRODUCT-TEST-START
2024-07-15 14:58:00,bot,events-simulative,{17005839},Кейс-АЦ
2024-07-17 09:42:00,telegram,social,{15941867},КАРЬЕРНЫЙ
2024-07-19 11:10:00,telegram,paid-placement,"{15938237,16761965}",ROADMAP
2024-09-24 17:16:00,telegram,bot-send,"{16003565,17553527,17829067,20886197,22364977,23647487,24161655}",web-2409
2024-09-24 17:17:00,telegram,social,"{15916041,18583517}",web-2409
2023-12-13 14:29:00,bot,sql-product-metrics,{15922423},LTV-Веб
2023-12-15 16:54:00,vk,,"{16003565,16764873,17290925,17553527,17829067,19544884,19867361,20886197,24161655,24395845}",Pandas
2023-12-12 13:02:00,bot,testovoe-ozon,{16769049},Pandas
2024-08-19 11:33:00,telegram,paid-placement,"{15927075,16695207,17631349,19006309}",intensive-analyst
2024-08-19 14:14:00,bloger,post,{16764267},intensive-analyst
2024-08-19 14:20:00,bloger,post,"{5848071,20887407}",intensive-analyst
2024-08-19 14:26:00,bloger,post,"{8597793,15922723,17127455}",intensive-analyst
2024-08-20 08:23:00,unisender,email,"{16001739,19950265}",intensive-analyst
2024-11-20 13:09:00,telegram,bot-send,"{17147699,17428973,17428975,18451713}",Кейс-АЦ
2023-12-20 17:31:00,bot,events-simulative,"{11999701,16767673}",Pandas-pre
2025-01-14 16:06:00,telegram,bot-send,{5804161},web-1401
2023-12-12 14:46:00,bot,testovoe-ozon,"{16741423,18595441}",LTV-Веб
2023-12-25 15:59:00,bot,free-course-pandas,"{16066779,16770183}",Sber-Веб
2023-12-25 16:01:00,unisender,email,"{16743379,19453462,21000955}",Sber-Веб
2024-01-03 13:33:00,,,{5807709},Pandas-pre
2023-12-24 12:02:00,telegram,datalytx,{15960225},Sber-Веб
2024-03-08 15:36:00,telegram,social,{16001333},08.03.2024
2024-03-20 09:26:00,telegram,bot-send,{12481235},Ads-metrics
2024-10-29 10:38:00,unisender,email,{12262075},web-2910
2024-10-29 15:51:00,telegram,bot-send,{16842355},web-2910
2024-10-29 16:12:00,telegram,bot-send,{17160145},web-2910
2024-10-29 16:13:00,telegram,bot-send,"{2200671,5806435,18084533,20586583}",web-2910
2025-01-28 15:16:00,telegram,social,"{11787181,12343743,25212617}",web-2801
2023-12-25 08:03:00,unisender,email,"{10331397,16761959}",Sber-Веб
2024-03-11 18:22:00,livedigital,video,"{16003565,16764873,17290925,17553527,17829067,19544884,19867361,20886197,24161655,24395845}",Оплата
2024-03-12 09:45:00,telegram,social,{15960225},portfolio ideas
2024-03-22 14:40:00,unisender,email,"{17151345,17232163,19399386}",Ads-metrics
2024-04-05 11:33:00,telegram,bot-send,"{5800343,16767323}",SPEC-DA-TEST
2024-04-26 11:11:00,telegram,bot-send,{15417229},abc-portfolio
2024-10-29 16:02:00,telegram,social,{11989079},web-2910
2024-10-29 16:10:00,telegram,bot-send,"{16013171,16762871}",web-2910
2024-10-29 16:38:00,telegram,social,{5825207},web-2910
2024-11-13 23:46:00,telegram,bot-send,{11989079},web-1211
2024-12-20 10:17:00,telegram,social,{17124297},web-2412
2025-01-14 16:13:00,telegram,bot-send,{15922837},web-1401
2025-01-14 16:18:00,telegram,paid-placement,"{17143617,20730839}",web-1401
2025-01-14 17:22:00,telegram,social,{15536401},web-1401
2024-04-16 09:56:00,telegram,bot-send,{14712829},SQL-16-04-24
2024-05-05 20:56:00,telegram,social,{16511641},Студент
2024-05-06 12:06:00,telegram,social,{15378039},DA-TEST-START
2024-05-06 12:08:00,telegram,social,{16766665},DA-TEST-START
2024-07-05 08:51:00,telegram,social,{16529429},web_09_07
2024-06-18 04:48:00,telegram,bot-send,"{16774081,17032641}",web_13_06
2024-06-26 08:17:00,telegram,bot-send,{16091907},Python-FREE
2024-06-26 10:45:00,telegram,social,{15569323},Ozon-25-06
2024-08-20 15:35:00,telegram,social,{15930477},intensive-analyst
2024-10-29 17:29:00,telegram,bot-send,"{16003791,16767769}",web-2910
2025-01-06 09:53:00,telegram,social,{17177205},advent
2024-04-16 14:40:00,telegram,bot-send,"{15927075,16695207,17631349,19006309}",SQL-16-04-24
2024-07-16 09:46:00,unisender,email,{15921957},КАРЬЕРНЫЙ
2024-08-06 17:45:00,unisender,email,{15539831},web-resume
2024-08-28 09:02:00,,,{16741325},Студент
2024-09-24 16:07:00,telegram,social,{17177205},web-2409
2024-09-24 16:12:00,telegram,bot-send,"{15969863,18953713}",web-2409
2024-09-24 16:28:00,telegram,bot-send,"{15667785,18847199,19503222}",web-2409
2024-10-08 10:06:00,telegram,social,"{5848071,20887407}",web-geo-analyt
2024-11-02 09:53:00,telegram,bot-send,{15588591},web-0611
2024-11-02 09:54:00,telegram,bot-send,"{16059185,19052623}",web-0611
2024-11-02 09:54:00,unisender,email,"{9343497,22856197,25323757}",web-0611
2024-11-08 08:39:00,unisender,email,"{15889391,16766247,19329846,20771041}",web-1211
2024-11-08 09:16:00,telegram,bot-send,"{16003159,18616975}",web-0611
2024-11-26 16:31:00,unisender,email,{16582491},web-2611
2024-11-08 09:44:00,telegram,bot-send,"{17156637,20605369,20764479}",web-1211
2024-11-18 18:07:00,telegram,social,"{15549257,17146927,18114357}",HARD-SQL
2024-11-18 18:07:00,telegram,social,"{15549257,17146927,18114357}",HARD-SQL
2024-08-20 16:08:00,unisender,email,"{16001739,19950265}",intensive-analyst
2024-08-20 16:08:00,unisender,email,"{15560415,16770403}",intensive-analyst
2024-11-13 23:43:00,telegram,bot-send,{16256923},web-1211
2024-12-02 08:42:00,vkontakte,social,"{5693721,16690195,18716943}",6 каверз
2024-12-02 10:18:00,telegram,bot-send,{15585685},6 каверз
2023-12-25 14:14:00,bot,free-course-pandas,{16463705},Sber-Веб
2024-06-24 18:56:00,telegram,paid-placement,"{15548445,17102057}",Ozon-25-06
2024-11-13 23:40:00,telegram,social,"{16281907,16792385}",web-1211
2024-11-13 23:42:00,telegram,social,"{7710743,14717267}",web-1211
2024-12-02 14:34:00,telegram,social,{16582491},web-0412
2024-12-03 06:42:00,partner,cpc,"{16520771,21705141}",plan-python
2024-12-03 10:38:00,telegram,paid-placement,{16003369},web-0412
2024-12-03 11:22:00,telegram,paid-placement,"{17147699,17428973,17428975,18451713}",web-0412
2024-12-03 14:41:00,telegram,social,{15569323},web-0412
2024-12-03 17:20:00,telegram,social,"{16003791,16767769}",6 каверз
2024-06-09 08:59:00,telegram,bot-send,{16764267},web_13_06
2024-12-02 17:41:00,unisender,email,"{16570977,18237375}",6 каверз
2024-12-03 11:33:00,,,"{16978917,16978919}",6 каверз
2024-12-03 18:34:00,telegram,paid-placement,{16087433},web-0412
2024-08-20 09:03:00,telegram,bot-send,{5807709},intensive-analyst
2024-09-24 16:02:00,telegram,bot-send,{12349789},web-2409
2024-11-13 23:50:00,telegram,bot-send,"{16741423,18595441}",web-1211
2024-11-13 23:55:00,telegram,social,"{16552793,17148487}",web-1211
2024-11-13 23:55:00,telegram,bot-send,{16542771},web-1211
2024-11-16 17:22:00,bloger,post,"{16003791,16767769}",web-1211
2024-11-20 12:52:00,unisender,email,{16816361},Кейс-АЦ
2024-12-04 16:08:00,telegram,social,"{5800233,16764845}",web-0412
2024-12-04 16:08:00,telegram,social,"{16815989,19322542,20014965}",web-0412
2024-12-04 16:08:00,telegram,social,"{16815989,19322542,20014965}",web-0412
2024-12-04 16:16:00,telegram,social,"{16815989,19322542,20014965}",web-0412
2024-12-04 16:16:00,telegram,bot-send,"{15621747,16768801}",web-0412
2024-12-04 16:25:00,telegram,bot-send,{16489279},web-0412
2024-12-04 16:59:00,telegram,bot-send,{16257235},web-0412
2024-12-04 17:03:00,telegram,social,{12137285},web-0412
2024-03-30 18:25:00,unisender,email,{5807709},DA-TEST-START
2024-04-16 16:49:00,telegram,bot-send,"{16561641,17151733}",SQL-16-04-24
2024-06-13 14:15:00,telegram,social,"{16053107,16761795}",student-project
2024-07-19 09:30:00,telegram,social,"{16765779,18914999}",web_23_07
2024-07-19 10:01:00,telegram,social,{15930477},web_23_07
2024-11-14 15:14:00,unisender,email,"{15927075,16695207,16773339,17310203,17631349,18418999,23553585}",Студент
2024-11-25 08:30:00,telegram,paid-placement,"{16572479,17133213}",web-2611
2024-12-04 16:01:00,telegram,bot-send,"{16773339,17163457,18418999}",web-0412
2024-12-04 16:03:00,telegram,bot-send,{16257235},web-0412
2024-12-04 16:17:00,telegram,social,"{16815989,19322542,20014965}",web-0412
2024-12-05 12:37:00,,,"{16978917,16978919}",DA-TEST-START
2024-02-17 20:36:00,telegram,bot,"{17147329,17580017,21615360}",Оплата
2024-11-26 15:46:00,telegram,bot-send,{16037581},web-2611
2024-12-06 09:11:00,telegram,bot-send,{16784739},web-1112
2024-12-07 19:38:00,telegram,bot-send,"{17151787,17558471,21456436,21502670,21566010}",web-1112
2024-12-07 19:39:00,telegram,bot-send,{9832301},6 каверз
2024-12-07 20:04:00,telegram,bot-send,{9832301},ROADMAP
2024-07-19 12:07:00,telegram,bot-send,"{16084821,20106453}",web_23_07
2024-07-20 03:38:00,telegram,social,"{16228633,16771429}",web_23_07
2024-07-20 03:38:00,telegram,social,"{16228633,16771429}",web_23_07
2024-07-20 04:07:00,telegram,social,{11989079},web_23_07
2024-07-20 05:47:00,,,"{15895095,16011643,19032967}",DA-TEST-START
2024-07-20 06:54:00,telegram,social,{13166349},web_23_07
2024-07-20 06:59:00,telegram,bot-send,"{15548959,16763825,18256737,19434630}",web_23_07
2024-07-20 10:57:00,telegram,bot-send,"{16011643,16871171,19092417}",web_23_07
2024-07-20 14:06:00,telegram,social,"{16774081,17032641}",web_23_07
2024-04-01 09:33:00,unisender,email,{5807709},Ads-metrics
2024-07-22 06:48:00,unisender,email,{17098575},web_23_07
2024-07-22 08:11:00,unisender,email,"{17000877,18084425,20490435,22069703,24667759}",web_23_07
2023-12-20 01:27:00,Unisender,email,"{16764091,16764093}",Pandas-v1
2024-12-11 07:45:00,telegram,bot-send,"{16529705,17157253}",web-1112
2024-12-11 07:46:00,telegram,bot-send,"{16552793,17148487}",web-1112
2024-12-11 08:32:00,unisender,email,{12367367},web-1112
2024-12-11 16:04:00,telegram,social,"{15667785,18847199,19503222}",web-1112
2024-12-11 16:04:00,telegram,social,{16008929},web-1112
2024-12-11 16:05:00,telegram,social,{16008929},web-1112
2024-06-24 06:18:00,unisender,email,{5807709},Ozon-25-06
2024-07-22 16:39:00,telegram,paid-placement,{16814977},web_23_07
2024-07-22 17:17:00,telegram,paid-placement,"{15555667,16762071}",web_23_07
2024-07-23 09:20:00,telegram,bot-send,"{16081745,16601531,17159091,18908721}",web_23_07
2024-07-23 09:21:00,unisender,email,"{16775127,16980287}",web_23_07
2024-07-23 15:58:00,telegram,bot-send,"{17154027,18661341,21033137}",web_23_07
2024-07-23 16:03:00,telegram,social,{12349789},web_23_07
2024-07-23 16:07:00,bloger,post,{17070179},web_23_07
2024-07-23 08:34:00,bloger,post,{17070179},web_23_07
2024-07-23 09:25:00,telegram,bot-send,"{17122293,18713659}",web_23_07
2024-07-23 15:58:00,telegram,bot-send,{16741325},web_23_07
2024-07-23 16:06:00,bloger,post,{17070179},web_23_07
2024-07-23 18:10:00,telegram,bot-send,"{16743379,19453462,21000955}",web_23_07
2024-07-23 18:10:00,telegram,bot-send,"{16743379,19453462,21000955}",web_23_07
2024-12-06 09:11:00,telegram,bot-send,"{17156637,20605369,20764479}",web-1112
2024-04-11 09:34:00,telegram,social,{15924195},DA-TEST-START
2024-07-25 11:13:00,telegram,bot-send,{13336155},КАРЬЕРНЫЙ
2024-07-25 11:14:00,telegram,bot-send,"{16762199,18914983,20980525}",Студент
2023-12-20 06:29:00,Unisender,email,{16582491},Pandas-v1
2024-08-01 06:55:00,telegram,social,{16001333},Студент
2024-08-02 09:17:00,unisender,email,{11989079},web-resume
2024-08-02 10:24:00,telegram,bot-send,"{16531399,16771081}",web_23_07
2024-08-02 11:30:00,telegram,social,"{17141409,18672391}",web-resume
2024-08-02 11:30:00,telegram,social,{15539831},web-resume
2024-08-02 11:30:00,telegram,social,"{17123865,17560467,18878981}",web-resume
2024-08-02 11:49:00,telegram,social,{17130693},web-resume
2024-08-02 11:50:00,unisender,email,"{11436455,16520809}",web-resume
2024-03-11 06:32:00,telegram,social,"{16789571,18175055}",ROADMAP
2023-12-30 23:58:00,,,{17264537},Pandas-v2
2024-04-01 15:15:00,telegram,social,{16087433},Ads-metrics
2024-08-05 10:17:00,telegram,social,"{16762199,18914983,20980525}",6 каверз
2024-08-05 16:54:00,telegram,social,{11789383},6 каверз
2024-08-05 17:02:00,telegram,paid-placement,{17070179},web-resume
2024-08-06 10:15:00,telegram,bot-send,"{16017013,16532045,18912267}",web-resume
2024-08-06 10:20:00,unisender,email,{15539831},web-resume
2024-08-06 10:23:00,unisender,email,{11789383},web-resume
2024-08-06 15:35:00,telegram,social,"{17129421,17562213}",web-resume
2024-11-26 15:09:00,telegram,bot-send,{16104917},web-2611
2023-12-29 07:20:00,youtube,web-online,"{17146215,17146219,17177795}",Pandas-pre
2024-01-03 08:36:00,Unisender,email,"{17150867,17177837}",Pandas-v2
2024-04-02 16:24:00,unisender,email,{11989079},Студент
2024-04-04 15:34:00,unisender,email,{9832301},abc-portfolio
2024-08-06 16:38:00,unisender,email,"{17151209,19295911,21692221}",web-resume
2024-08-06 17:08:00,telegram,paid-placement,{17070179},web-resume
2024-08-06 17:09:00,telegram,paid-placement,{17070179},web-resume
2024-08-06 17:41:00,telegram,bot-send,"{5802551,18648021}",web-resume
2024-08-07 21:07:00,,,{16521983},itresume
2024-08-17 11:50:00,unisender,email,"{16017013,16532045,18912267}",intensive-analyst
2024-09-13 08:53:00,telegram,bot-send,{17060195},become-bi
2024-06-24 13:11:00,telegram,bot-send,{16764267},Консультация
2024-06-24 15:47:00,telegram,paid-placement,"{17039433,17039435}",Ozon-25-06
2023-12-20 11:11:00,bot,events-simulative,{17005839},Pandas-v1
2023-12-20 12:19:00,bot,free-course-pandas,"{16003565,16764873,17290925,17553527,17829067,19544884,19867361,20886197,24161655,24395845}",Pandas-v1
2024-04-16 18:05:00,telegram,social,{5825207},Студент
2024-04-16 18:06:00,,,"{15548959,16763825,18256737,19434630}",Оплата
2024-06-24 11:35:00,telegram,social,"{17149715,19953343,20314445}",Консультация
2024-09-10 16:36:00,telegram,bot-send,{16442961},become-analyst
2024-11-18 16:05:00,telegram,social,{11789383},HARD-SQL
2024-12-13 09:18:00,telegram,bot-send,"{9164281,17166441}",web-1712
2024-12-24 11:54:00,unisender,email,"{16287273,16767225}",web-2412
2024-12-24 16:38:00,telegram,bot-send,"{5840561,16823375,17195057}",web-2412
2024-12-24 17:28:00,,,"{15995043,16764165,18222859}",web-2412
2024-12-24 17:33:00,,,"{15995043,16764165,18222859}",web-2412
2024-12-25 11:25:00,telegram,bot-send,"{16773339,17163457,18418999}",web-2412
2023-12-20 08:03:00,bot,events-simulative,"{15946775,16785195,17577077}",Pandas-pre
2024-02-24 13:31:00,instagram,cpa,"{3817811,12210285,18900811,19630602}",Workshop-RFM
2024-03-05 10:46:00,telegram,bot-send,{17150971},ROADMAP
2024-03-05 10:47:00,telegram,bot-send,{15959625},ROADMAP
2024-03-05 11:12:00,telegram,social,{15927495},ROADMAP
2024-03-05 11:50:00,telegram,social,"{11792445,16764207}",ROADMAP
2024-03-05 11:50:00,telegram,social,"{11792445,16764207}",ROADMAP
2023-12-21 06:42:00,Unisender,email,{16033989},Pandas-v1
2023-12-22 08:08:00,unisender,email,{17070179},Pandas-pre
2024-03-05 09:55:00,unisender,email,"{5809177,16767187,16767203}",ROADMAP
2024-03-05 11:09:00,telegram,bot-send,{2205259},ROADMAP
2023-12-13 08:47:00,unisender,email,{16003369},LTV-Веб
2024-08-09 20:02:00,telegram,social,{5801595},web-resume
2025-01-01 10:30:00,telegram,social,{11989079},advent
2025-01-01 10:52:00,telegram,social,{16322715},advent
2025-01-03 08:19:00,telegram,bot-send,{14712829},advent
2023-12-25 19:14:00,unisender,email,"{9349901,18448353}",Sber-Веб
2024-08-14 08:55:00,unisender,email,{2494413},intensive-analyst
2024-08-14 09:13:00,telegram,bot-send,"{15895095,16011643,19032967}",intensive-analyst
2024-08-14 10:35:00,telegram,bot-send,"{16638863,21141338,21960773,25014165}",intensive-analyst
2025-01-05 10:38:00,telegram,bot-send,"{16864161,18675121}",advent
2023-12-12 14:27:00,bot,events-simulative,"{16228633,16771429}",Кейс-АЦ
2023-12-12 14:38:00,unisender,email,{15930551},LTV-Веб
2024-01-19 07:09:00,,,"{10654999,17558293}",Студент
2024-02-20 22:48:00,telegram,social,"{15557477,16767411}",6 каверз
2024-02-21 10:50:00,telegram,social,{17032093},HARD-SQL
2024-03-05 14:25:00,telegram,social,"{17146035,17191367}",ROADMAP
2024-03-05 15:12:00,telegram,social,{16529429},ROADMAP
2024-03-05 16:48:00,unisender,email,"{11088915,12130285}",ROADMAP
2024-03-09 18:51:00,telegram,social,{16033989},08.03.2024
2024-04-04 09:48:00,telegram,social,"{16267739,19910637,22930899}",abc-portfolio
2024-06-24 17:42:00,telegram,paid-placement,"{15908653,16763405}",Ozon-25-06
2025-01-10 10:00:00,telegram,social,"{17129421,17562213}",web-1401
2025-01-13 14:16:00,telegram,paid-placement,"{9343497,22856197,25323757}",web-1401
2024-03-05 15:37:00,telegram,social,"{15970405,16774017}",ROADMAP
2024-03-05 17:17:00,telegram,bot-send,"{16312435,19011609}",ROADMAP
2024-01-20 09:50:00,telegram,bot-send,"{15549257,17146927,18114357}",Pandas-pre
2024-01-20 10:15:00,telegram,analysts_world,"{16774081,17032641}",Pandas-pre
2024-01-20 13:20:00,telegram,bot-send,"{16011643,16871171,19092417}",Pandas-pre
2024-01-20 13:20:00,telegram,bot-send,"{16011643,16871171,19092417}",Pandas-v3
2024-03-06 05:13:00,telegram,social,{15922451},ROADMAP
2024-03-07 08:48:00,unisender,email,"{15549257,17146927,18114357}",LTV-Веб
2024-03-08 08:14:00,telegram,bot-send,"{16684485,18689443}",08.03.2024
2024-11-12 09:37:00,bloger,post,{17060195},web-1211
2024-11-12 14:58:00,telegram,social,"{15942213,16974953,20010059}",web-1211
2024-11-12 14:58:00,telegram,social,"{16081745,16601531,17159091,18908721}",web-1211
2023-12-19 13:49:00,unisender,email,"{16066779,16770183}",Pandas-pre
2023-12-19 13:59:00,bot,testovoe-ozon,{5801595},Pandas-pre
2023-12-19 14:01:00,bot,testovoe-ozon,{5801595},Pandas-v1
2024-03-06 06:21:00,telegram,bot-send,{16529429},ROADMAP
2024-03-07 08:48:00,unisender,email,"{15549257,17146927,18114357}",LTV-Веб
2023-12-19 12:23:00,unisender,email,{15930551},Pandas-v1
2023-12-19 12:23:00,unisender,email,{15930551},Pandas-v1
2023-12-19 12:55:00,bot,testovoe-bank-otkrytie,"{15931845,16774847}",Pandas-pre
2023-12-19 13:14:00,bot,free-course-pandas,{5803341},Pandas-v1
2023-12-19 13:15:00,bot,free-course-pandas,{5803341},Pandas-pre
2024-03-08 09:05:00,telegram,social,{17098575},08.03.2024
2024-03-10 07:57:00,unisender,email,"{15948581,16764269}",08.03.2024
2024-04-11 09:27:00,telegram,social,"{15999339,16764375}",ROADMAP
2024-04-11 09:28:00,unisender,email,"{16744437,20683779,21610186}",ROADMAP
2024-08-20 16:16:00,telegram,social,{16191753},web_09_07
2024-09-24 16:36:00,telegram,bot-send,{5801595},web-2409
2024-11-12 15:54:00,bloger,post,"{17151209,19295911,21692221}",web-1211
2024-11-14 00:00:00,telegram,social,"{7710743,14717267}",web-1211
2025-01-14 15:59:00,telegram,social,"{15943891,16773887}",web-1401
2025-01-15 09:45:00,unisender,email,{16547969},web-1401
2025-01-31 19:43:00,unisender,email,{16003203},web-0502
2023-12-19 17:47:00,telegram,,{16741325},Pandas-v1
2023-12-14 10:08:00,bot,events-simulative,"{10694763,10904619}",Экскурсия
2023-12-13 06:14:00,vk,itresume,{16748657},Pandas
2024-05-13 09:04:00,telegram,social,{16529429},DA-TEST-START
2024-05-13 09:29:00,telegram,social,{16529429},plan-python
2024-06-06 08:47:00,telegram,bot-send,{17005839},ROADMAP
2024-06-09 18:54:00,unisender,email,{15930551},web_13_06
2024-10-08 12:14:00,telegram,social,{15922633},web-geo-analyt
2024-11-06 16:41:00,telegram,social,"{15549257,17146927,18114357}",web-0611
2024-11-12 10:18:00,telegram,bot-send,"{17123447,19839367}",web-1211
2024-11-12 12:06:00,unisender,email,{5807709},web-1211
2024-11-12 12:57:00,telegram,bot-send,"{16003565,16764873,17290925,17553527,17829067,19544884,19867361,20886197,24161655,24395845}",web-1211
2024-11-12 15:01:00,telegram,social,"{17147699,17428973,17428975,18451713}",web-1211
2025-01-14 15:57:00,telegram,social,"{15942213,16974953,20010059}",web-1401
2024-04-16 14:24:00,telegram,social,"{15938237,16761965}",SQL-16-04-24
2024-06-13 16:18:00,unisender,email,"{15591603,16773121,18378405}",web_13_06
2024-08-20 09:32:00,telegram,social,"{15208695,17145269,21719045}",intensive-analyst
2024-08-20 09:39:00,telegram,bot-send,"{16003791,16767769}",intensive-analyst
2024-08-20 16:10:00,telegram,social,"{15999793,17100049,18568773}",intensive-analyst
2024-09-26 05:40:00,vk_ads,cpm,{16542771},intensive-analyst
2024-06-17 08:53:00,unisender,email,"{16281907,16792385}",КАРЬЕРНЫЙ
2024-10-23 15:05:00,unisender,email,{16788821},web-2310
2024-11-14 00:01:00,telegram,bot-send,"{16741423,18595441}",web-1211
2024-11-14 00:01:00,telegram,bot-send,{11989079},web-1211
2024-11-14 00:01:00,telegram,social,{17089011},web-1211
2024-11-14 00:01:00,telegram,social,"{7710743,14717267}",web-1211
2024-12-17 15:59:00,telegram,social,{11989079},web-1712
2025-01-14 15:59:00,telegram,social,{16054019},web-1401
2025-01-15 08:01:00,telegram,bot-send,{15920135},web-1401
2025-01-15 08:01:00,telegram,bot-send,{15920135},web-1401
2025-01-15 09:58:00,telegram,bot-send,"{1460603,23961501}",Ads-metrics
2025-01-15 10:01:00,unisender,email,"{1460603,23961501}",Ads-metrics
2024-04-12 15:02:00,telegram,social,{13166349},DA-TEST-START
2024-05-17 13:53:00,unisender,email,{15930551},plan-python
2024-06-13 11:23:00,telegram,social,{15930477},web_13_06
2024-10-29 16:02:00,unisender,email,{16816361},web-2910
2024-11-19 02:37:00,telegram,social,"{17064877,17101475}",HARD-SQL
2024-12-17 16:04:00,telegram,social,{16037581},web-1712
2024-12-17 16:14:00,telegram,bot-send,"{5840561,16823375,17195057}",web-1712
2024-12-17 16:18:00,telegram,social,"{17146067,20598005}",web-1712
2024-12-17 16:32:00,telegram,bot-send,{15538843},web-1712
2024-12-17 17:30:00,unisender,email,"{15889391,16766247,19329846,20771041}",web-1712
2024-12-17 18:04:00,telegram,paid-placement,"{16003791,16767769}",web-1712
2024-12-19 05:57:00,unisender,email,"{16784957,20490049}",web-1712
2024-12-20 10:12:00,telegram,social,{12481235},web-2412
2024-12-20 10:20:00,telegram,social,"{16275885,17101289}",web-2412
2024-12-20 10:21:00,telegram,social,"{15950709,16529323,16770067}",web-2412
2024-12-20 10:28:00,telegram,bot-send,{16122975},web-2412
2024-06-25 08:03:00,telegram,bot-send,"{16059185,19052623}",Ozon-25-06
2024-06-10 08:32:00,unisender,email,"{16520771,21705141}",Python-FREE
2024-06-24 21:37:00,telegram,paid-placement,{16561627},Ozon-25-06
2024-06-25 05:40:00,telegram,paid-placement,"{16833065,18771457}",Ozon-25-06
2024-06-25 07:56:00,telegram,bot-send,"{15581307,18895045,25753591}",Ozon-25-06
2024-06-25 07:58:00,unisender,email,"{16003565,16764873,17290925,17553527,17829067,19544884,19867361,20886197,24161655,24395845}",Ozon-25-06
2023-12-15 03:22:00,vkontakte,cpc,{16857289},Pandas
2024-12-20 14:31:00,telegram,social,{15929467},web-2412
2024-12-20 17:36:00,unisender,email,{16529295},Python-FREE
2024-12-21 03:22:00,telegram,bot-send,{15378039},web-2412
2024-12-22 17:38:00,telegram,bot-send,"{15928337,19015561,19024235}",web-2412
2024-12-23 12:16:00,telegram,bot-send,"{16772541,20843231}",web-1712
2024-12-23 16:33:00,telegram,bot-send,"{5840561,16823375,17195057}",web-2412
2023-12-28 19:26:00,telegram,,"{17220445,17493701}",Pandas-v2
2024-02-25 10:14:00,telegram,python-chat,{12367367},Workshop-RFM
2024-05-13 18:43:00,unisender,email,{16510153},plan-python
2024-05-13 18:49:00,telegram,social,"{15970405,16774017}",plan-python
2024-06-18 09:31:00,telegram,social,{16529429},SPEC-DA-TEST
2024-06-21 07:47:00,,,"{16978917,16978919}",Python-FREE
2024-03-12 10:08:00,telegram,social,"{16766595,17554027}",20ideas
2024-07-03 11:20:00,unisender,email,"{16773339,17631349,18418999,23464085}",PRODUCT-TEST
2024-08-20 11:29:00,vkontakte,social,"{15943891,16773887}",intensive-analyst
2024-07-03 11:22:00,telegram,social,"{16765779,18914999}",PRODUCT-TEST
2024-09-13 15:31:00,unisender,email,"{16775127,16980287}",become-bi
2024-07-03 11:26:00,unisender,email,"{5983741,16765093}",PRODUCT-TEST-START
2024-01-04 10:06:00,unisender,email,"{5802551,18648021}",Pandas-v2
2024-12-24 15:32:00,unisender,email,{16529295},web-2412
2024-07-03 11:29:00,telegram,bot-send,{16529429},PRODUCT-TEST-START
2024-07-03 11:32:00,telegram,bot-send,"{17122293,18713659}",PRODUCT-TEST-START
2024-07-03 11:32:00,unisender,email,"{5983741,16765093}",PRODUCT-TEST
2023-12-15 09:17:00,bot,testovoe-ozon,"{16741423,18595441}",Pandas
2024-07-03 11:37:00,telegram,social,"{15946775,16785195,17577077}",PRODUCT-TEST
2024-02-26 12:18:00,telegram,bot-send,"{16081745,16601531,17159091,18908721}",HARD-SQL
2024-07-01 07:13:00,telegram,social,{16001333},Студент
2024-10-08 16:13:00,telegram,social,{15930477},web-geo-analyt
2023-12-15 09:39:00,bot,events-simulative,{16784739},Pandas
2024-01-24 14:00:00,telegram,social,{16031367},Workshop-RFM
2024-02-26 11:10:00,telegram,bot-send,{5803341},HARD-SQL
2023-12-15 09:39:00,bot,events-simulative,{14728903},Pandas
2024-02-26 18:54:00,telegram,social,"{9164281,17166441}",Студент
2024-02-27 18:11:00,telegram,social,"{17220445,17493701}",Экскурсия
2024-07-03 11:38:00,telegram,bot-send,"{16081745,16601531,17159091,18908721}",PRODUCT-TEST-START
2024-07-19 15:20:00,telegram,social,"{17104677,17569777}",web_23_07
2024-09-24 09:40:00,unisender,email,"{15667785,18847199,19503222}",web-2409
2024-11-08 15:17:00,telegram,paid-placement,{16764879},web-1211
2024-11-08 15:18:00,unisender,email,"{16078131,19413190}",web-1211
2024-10-08 16:19:00,telegram,social,"{15208695,17145269,21719045}",web-geo-analyt
2024-11-12 16:06:00,unisender,email,"{16529705,17157253}",web-1211
2024-10-08 16:20:00,telegram,bot-send,{15922359},web-geo-analyt
2024-10-08 16:24:00,telegram,bot-send,"{9343497,22856197,25323757}",web-geo-analyt
2024-10-08 16:25:00,telegram,bot-send,"{16638863,21141338,21960773,25014165}",web-geo-analyt
2024-10-08 16:27:00,telegram,social,{5825207},web-geo-analyt
2024-10-08 16:31:00,unisender,email,"{15922681,16560611}",web-geo-analyt
2024-10-08 16:32:00,telegram,social,"{9164281,17166441}",web-geo-analyt
2024-10-08 16:33:00,telegram,social,{15569323},web-geo-analyt
2024-10-08 16:36:00,telegram,social,{11980183},web-geo-analyt
2024-10-08 16:37:00,telegram,bot-send,{5807709},web-geo-analyt
2024-10-08 16:38:00,telegram,paid-placement,"{17156637,20605369,20764479}",web-geo-analyt
2024-10-08 16:38:00,telegram,paid-placement,"{17156637,20605369,20764479}",web-geo-analyt
2024-10-08 16:40:00,telegram,bot-send,{16003201},web-geo-analyt
2024-10-08 16:40:00,telegram,bot-send,{16003201},web-geo-analyt
2024-10-08 16:56:00,unisender,email,"{16013171,16762871}",web-geo-analyt
2024-10-08 16:59:00,telegram,social,"{15969863,18953713}",web-geo-analyt
2024-10-08 17:03:00,telegram,social,{11980183},web-geo-analyt
2024-10-08 17:04:00,telegram,social,{5799545},web-geo-analyt
2023-12-19 21:06:00,unisender,email,{15916845},Pandas-pre
2023-12-20 08:33:00,unisender,email,"{15921793,15927163,17122529}",Pandas-pre
2023-12-20 08:33:00,unisender,email,"{15921793,15927163,17122529}",Pandas-v1
2024-02-28 07:18:00,telegram,bot,{13166349},Оплата
2024-02-28 07:18:00,telegram,bot,{13166349},Оплата
2024-06-25 16:10:00,telegram,bot-send,"{16762199,18914983,20980525}",Ozon-25-06
2024-09-13 11:11:00,telegram,bot-send,{17150093},become-bi
2024-10-08 17:13:00,telegram,bot-send,"{16815413,17006383,17006385}",web-geo-analyt
2024-10-08 17:13:00,telegram,bot-send,"{16815413,17006383,17006385}",web-geo-analyt
2024-10-08 19:31:00,telegram,bot-send,{15920135},web-geo-analyt
2024-10-09 05:47:00,telegram,social,{16765561},web-geo-analyt
2024-11-22 11:11:00,telegram,social,{11989079},web-2611
2024-04-19 09:18:00,Unisender,email,{16005629},SPEC-DA-TEST-START
2023-12-20 07:43:00,telegram,,{5801595},Pandas-pre
2023-12-20 07:43:00,telegram,,{5801595},Pandas-v1
2023-12-20 07:43:00,telegram,,{5801595},Pandas-v1
2024-03-01 11:13:00,telegram,bot-send,{16763245},HARD-SQL
2024-03-04 16:17:00,instagram,cpa,"{11792445,16764207}",Workshop-RFM
2024-03-05 09:24:00,unisender,email,"{15948581,16764269}",ROADMAP
2024-06-25 16:38:00,telegram,social,"{15916041,18583517}",Ozon-25-06
2024-09-17 16:09:00,telegram,social,{16442961},become-bi
2023-12-20 01:12:00,unisender,email,"{16764091,16764093}",Pandas-VIP
2023-12-15 10:11:00,bot,events-simulative,{16741325},Pandas
2024-03-01 11:08:00,telegram,bot-send,"{15916041,18583517}",HARD-SQL
2024-03-01 11:08:00,telegram,bot-send,"{15916041,18583517}",HARD-SQL
2024-03-05 09:23:00,unisender,email,{17177743},ROADMAP
2024-04-04 11:27:00,telegram,bot-send,"{16570977,18237375}",DA-TEST-START
2024-09-17 16:14:00,telegram,bot-send,{17060195},become-bi
2023-12-15 11:35:00,bot,events-simulative,{16784741},Pandas
2024-10-10 10:32:00,unisender,email,"{5983741,16765093}",web-power-bi
2024-10-10 10:32:00,unisender,email,{16287433},web-power-bi
2024-10-10 10:37:00,unisender,email,"{16002965,18672699}",web-power-bi
2024-10-10 11:00:00,unisender,email,"{15208695,17145269,21719045}",web-power-bi
2024-10-10 11:02:00,unisender,email,{17118163},web-power-bi
2024-10-10 11:05:00,unisender,email,"{15545853,20697223}",web-power-bi
2024-10-10 11:17:00,telegram,bot-send,"{16762221,16954607}",web-power-bi
2024-10-10 11:17:00,telegram,bot-send,{16489279},web-power-bi
2024-10-10 11:18:00,telegram,bot-send,"{17156637,20605369,20764479}",web-power-bi
2024-10-10 11:19:00,telegram,bot-send,"{15895095,21196294,21339476}",web-power-bi
2024-10-10 11:20:00,telegram,bot-send,{16529429},web-power-bi
2024-10-10 11:20:00,telegram,bot-send,{15924251},web-power-bi
2024-10-10 11:20:00,telegram,bot-send,"{16774955,18347079}",web-power-bi
2024-10-10 11:20:00,telegram,bot-send,"{15969863,18953713}",web-power-bi
2024-11-22 09:24:00,telegram,bot-send,{16764879},web-2611
2024-11-22 09:25:00,telegram,bot-send,"{16763135,17560101}",web-2611
2024-10-10 11:23:00,telegram,bot-send,{16001333},web-power-bi
2024-10-10 11:27:00,telegram,bot-send,"{16013985,17154261,19412264,20682793}",web-power-bi
2024-10-10 11:28:00,telegram,bot-send,{5820699},web-power-bi
2024-10-10 11:31:00,telegram,bot-send,"{16017013,16532045,18912267}",web-power-bi
2024-10-10 11:54:00,unisender,email,{5824941},web-power-bi
2024-10-10 11:54:00,telegram,bot-send,{16238231},web-power-bi
2024-10-10 11:56:00,telegram,bot-send,"{5848071,20887407}",web-power-bi
2024-10-10 11:57:00,telegram,bot-send,{16051969},web-power-bi
2023-12-20 09:01:00,unisender,email,{5804501},Pandas-VIP
2023-12-20 09:34:00,unisender,email,{11537905},Pandas-pre
2023-12-20 11:03:00,unisender,email,{16531725},Pandas-pre
2024-10-10 12:26:00,telegram,bot-send,"{16002555,16784777}",web-power-bi
2024-10-10 12:29:00,telegram,bot-send,{16978579},web-power-bi
2023-12-16 09:14:00,bot,testovoe-ozon,"{16893085,18609873,19990099}",Pandas
2024-10-10 12:29:00,telegram,bot-send,"{15581307,18895045,25753591}",web-power-bi
2024-10-10 12:31:00,telegram,bot-send,"{16561367,16766579,16864685,19270727}",web-power-bi
2024-10-10 12:35:00,telegram,bot-send,"{16561367,16766579,16864685,19270727}",web-power-bi
2024-10-10 13:03:00,telegram,bot-send,{7366116},web-power-bi
2024-10-10 13:07:00,telegram,social,"{10421587,12718265,22965161}",lottery
2024-10-10 13:12:00,telegram,bot-send,{2199985},web-power-bi
2024-10-10 13:14:00,telegram,bot-send,"{15942213,16974953,20010059}",web-power-bi
2024-10-10 13:22:00,unisender,email,"{11088915,12130285}",web-power-bi
2024-10-10 13:35:00,telegram,bot-send,{16104917},web-power-bi
2023-12-20 11:15:00,bot,events-simulative,{16257235},Pandas-pre
2023-12-20 11:18:00,unisender,email,"{16893085,18609873,19990099}",Pandas-v1
2023-12-20 11:32:00,unisender,email,{16741325},Pandas-v1
2023-12-20 11:32:00,unisender,email,{16741325},Pandas-v1
2024-10-10 15:12:00,telegram,bot-send,"{15895095,16011643,19032967}",web-power-bi
2024-10-10 15:25:00,telegram,paid-placement,"{11787181,12343743,25212617}",Студент
2024-11-27 17:28:00,,,{17089011},itresume
2024-10-10 17:03:00,unisender,email,"{16784957,20490049}",web-power-bi
2024-10-10 17:31:00,unisender,email,"{9649707,18908843,24129719}",web-power-bi
2024-10-10 17:55:00,unisender,email,"{2200671,5806435,18084533,20586583}",web-power-bi
2024-10-10 18:00:00,telegram,bot-send,{17150061},web-power-bi
2024-10-10 18:49:00,telegram,bot-send,{5807709},web-power-bi
2024-10-10 19:46:00,telegram,bot-send,{5801595},lottery
2024-10-10 19:48:00,telegram,bot-send,{5801595},web-power-bi
2024-10-10 20:46:00,unisender,email,{17105135},web-power-bi
2024-10-11 00:23:00,telegram,bot-send,"{16764091,16764093}",web-power-bi
2024-11-26 16:16:00,telegram,social,{16008929},web-2611
2024-09-21 11:39:00,unisender,email,"{15560415,16770403}",web-2409
2024-11-27 09:29:00,telegram,paid-placement,{10419305},Кейс-АЦ
2024-03-10 13:29:00,telegram,bot-send,"{17154027,18661341,21033137}",08.03.2024
2024-11-27 15:22:00,telegram,social,{16572265},web-2611
2024-05-24 09:09:00,telegram,social,"{16572045,22960543}",20ideas
2024-06-20 09:12:00,unisender,email,{17060195},plan-python
2024-10-11 07:27:00,unisender,email,"{15927075,16695207,16773339,17310203,17631349,18418999,23553585}",web-power-bi
2024-10-11 07:55:00,telegram,social,"{5693721,16690195,18716943}",web-power-bi
2023-12-20 12:44:00,bot,testovoe-bank-otkrytie,"{11792445,16764207}",HARD-SQL
2023-12-20 12:44:00,bot,testovoe-bank-otkrytie,"{11792445,16764207}",HARD-SQL
2023-12-20 12:57:00,bot,testovoe-bank-otkrytie,"{11792445,16764207}",Pandas-pre
2024-12-24 10:21:00,telegram,bot-send,{16820111},web-2412
2023-12-20 15:24:00,unisender,email,{11980183},Pandas-pre
2023-12-20 15:24:00,unisender,email,{11980183},Pandas-v1
2023-12-20 16:13:00,telegram,,{17032093},Pandas-pre
2023-12-20 16:13:00,telegram,,{17032093},Pandas-v1
2023-12-20 16:47:00,bot,testovoe-ozon,{16742527},Pandas-v1
2023-12-20 16:47:00,bot,testovoe-ozon,{16742527},Pandas-v1
2023-12-20 17:57:00,telegram,,"{15948581,16764269}",Pandas-pre
2024-04-17 08:29:00,,,{15873001},Консультация
2025-01-18 19:07:00,unisender,email,"{11436455,16520809}",web-geo-analyt
2023-12-15 03:22:00,vkontakte,cpc,{16857289},Pandas
2025-01-18 21:36:00,telegram,paid-placement,"{16763135,17560101}",autoweb-yandex
2024-01-03 15:42:00,unisender,email,"{15889391,16766247,19329846,20771041}",Pandas-v2
2023-12-20 12:46:00,telegram,,{16857289},Pandas-pre
2023-12-20 15:54:00,bot,free-course-pandas,"{16336117,16778411,17631349,18418999}",Pandas-v1
2023-12-20 17:57:00,telegram,,"{15948581,16764269}",Pandas-v1
2024-10-11 09:34:00,unisender,email,"{16170213,16978525}",Python-FREE
2024-02-09 14:31:00,telegram,social,{15959625},Экскурсия
2024-02-10 19:24:00,instagram,cpa,"{11088915,12130285}",Workshop-RFM
2023-12-18 08:57:00,Unisender,email,"{10694763,10904619}",Экскурсия
2023-12-18 15:30:00,bot,testovoe-ozon,{16603359},Pandas
2024-01-17 08:47:00,Unisender,email,"{16763135,17560101}",Pandas-v3
2024-01-16 10:22:00,unisender,email,{15556555},Pandas-pre
2024-09-17 16:23:00,unisender,email,"{16784197,17303493}",become-bi
2024-09-20 11:36:00,unisender,email,"{11454861,21354740}",web-2409
2024-09-24 16:01:00,unisender,email,{15929783},web-2409
2024-09-24 16:12:00,telegram,bot-send,{5799759},web-2409
2024-09-24 17:15:00,telegram,social,"{16056423,16769383}",web-2409
2024-09-24 17:16:00,telegram,bot-send,"{16003565,17553527,17829067,20886197,22364977,23647487,24161655}",web-2409
2024-03-17 17:22:00,telegram,social,"{15946775,16785195,17577077}",20ideas
2024-03-17 17:30:00,telegram,bot-send,{15585685},Workshop-RFM
2024-10-26 22:08:00,telegram,bot-send,"{2200671,5806435,18084533,20586583}",web-2910
2024-10-26 23:36:00,telegram,social,{12367367},web-2910
2024-10-27 03:55:00,telegram,bot-send,"{17147699,17428973,17428975,18451713}",web-2910
2024-03-27 11:22:00,telegram,social,{17167845},tinkoff-1
2024-03-27 11:31:00,telegram,social,"{16552793,17148487}",tinkoff-1
2024-10-27 05:59:00,telegram,bot-send,{16743397},web-2910
2024-07-03 11:53:00,telegram,social,{16270415},PRODUCT-TEST-START
2024-07-03 11:55:00,unisender,email,{15930551},PRODUCT-TEST
2023-12-21 17:24:00,unisender,email,{15922359},Pandas-v1
2023-12-21 17:24:00,unisender,email,{15922359},Pandas-v1
2023-12-21 17:53:00,telegram,,{16603359},Pandas-v1
2023-12-22 13:35:00,bot,events-simulative,{16031367},Pandas-v1
2023-12-21 17:05:00,vkontakte,cpc,{17060195},Pandas-v1
2023-12-22 10:16:00,youtube,web-online,"{16259985,16762065,19576502,24830799}",Студент
2023-12-22 10:17:00,unisender,email,{16748657},Pandas-pre
2023-12-22 10:18:00,unisender,email,{16748657},Pandas-v1
2023-12-23 06:20:00,instagram,cpa,{17098575},Pandas-v1
2023-12-23 06:21:00,instagram,cpa,{17098575},Pandas-v1
2024-10-14 20:26:00,telegram,bot-send,"{17064877,17101475}",Консультация
2024-01-05 14:02:00,unisender,email,{16489279},Pandas-v2
2023-12-24 11:23:00,unisender,email,{16930131},HARD-SQL
2024-10-15 07:02:00,telegram,social,{5825207},web-power-bi
2024-10-15 07:37:00,unisender,email,"{16784197,17303493}",web-power-bi
2024-12-24 11:33:00,telegram,bot-send,{16003201},web-2412
2025-01-08 01:17:00,telegram,social,{9832301},advent
2025-01-15 19:01:00,telegram,bot,"{16003565,16764873,17290925,17553527,17829067,19544884,19867361,20886197,24161655,24395845}",Demo
2025-01-15 19:02:00,telegram,bot,"{16003565,17553527,17829067,20886197,22364977,23647487,24161655}",Demo
2025-01-15 20:00:00,telegram,bot-send,"{9164281,17166441}",Студент
2025-01-15 20:51:00,telegram,bot-send,"{16785101,17610155}",Ads-metrics
2025-01-15 23:42:00,telegram,social,"{15539937,16762403}",Ads-metrics
2025-01-16 04:25:00,telegram,social,{16002315},Ads-metrics
2025-01-16 04:51:00,telegram,bot-send,"{16684485,18689443}",Ads-metrics
2025-01-16 07:03:00,telegram,bot-send,"{9349901,18448353}",Ads-metrics
2025-01-16 07:03:00,telegram,bot-send,"{9349901,18448353}",Ads-metrics
2025-01-16 07:33:00,telegram,social,"{5809673,6441653,19725721,24714571}",web-1401
2025-01-19 01:20:00,telegram,bot-send,{11587469},web-2101
2025-01-19 09:05:00,telegram,bot-send,"{15931845,16774847}",advent
2025-01-19 09:51:00,telegram,bot-send,{5799545},web-2101
2025-01-19 13:32:00,telegram,bot-send,{16547969},web-2101
2025-01-19 15:58:00,unisender,email,"{15895095,16011643,19032967}",Ads-metrics
2025-01-19 18:23:00,telegram,social,"{5693721,16690195,18716943}",Ads-metrics
2025-01-20 03:39:00,telegram,bot-send,"{16773339,17163457,18418999}",web-2101
2025-01-20 05:42:00,,,{16521983},SPEC-DA-TEST-START
2025-01-20 06:01:00,,,{16521983},SPEC-DA-TEST
2025-01-20 06:45:00,telegram,social,"{16762221,16954607}",Ads-metrics
2024-11-14 00:12:00,bloger,post,"{15921749,16695207,16773339}",web-1211
2025-01-20 08:36:00,telegram,social,{12367367},web-2101
2025-01-20 08:43:00,telegram,social,{6707403},web-2101
2025-01-20 08:52:00,telegram,social,"{15942213,16974953,20010059}",web-2101
2025-01-20 12:25:00,telegram,paid-placement,{17034101},web-2101
2025-01-20 12:41:00,telegram,paid-placement,"{16561769,17099415}",web-2101
2025-01-20 13:30:00,unisender,email,"{17146903,20603317}",web-2101
2025-01-20 14:04:00,telegram,paid-placement,{16924767},web-2101
2025-01-20 14:28:00,telegram,paid-placement,"{17160445,17748333}",web-2101
2025-01-20 14:58:00,telegram,paid-placement,"{11436455,16520809}",web-2101
2024-04-16 08:20:00,unisender,email,{15960225},SQL-16-04-24
2024-01-02 10:49:00,bot,events-simulative,"{16766369,17160145,17556815}",Pandas-v2
2023-12-13 07:48:00,unisender,email,"{8358657,16574417}",LTV-Веб
2023-12-14 09:26:00,bot,value-sql,{5804161},Экскурсия
2023-12-15 09:34:00,bot,testovoe-ozon,{16766665},Pandas
2023-12-19 13:30:00,Unisender,email,{15556555},Pandas-v1
2023-12-19 20:37:00,unisender,email,{5824941},Pandas-v1
2023-12-20 09:49:00,Unisender,email,{15922633},Pandas-VIP
2023-12-22 14:37:00,bot,marafon-interview,"{16529705,17157253}",Pandas-pre
2024-01-16 11:06:00,unisender,email,"{12089567,16764831,16764843}",Pandas-v3
2024-01-16 14:38:00,telegram,bot-send,{16104917},Pandas-pre
2024-01-16 14:38:00,telegram,bot-send,{16104917},Pandas-v3
2024-01-16 15:41:00,unisender,email,"{15889391,16766247,19329846,20771041}",Pandas-pre
2024-01-17 06:29:00,unisender,email,{5801075},Pandas-v3
2024-01-17 09:41:00,telegram,bot-send,"{17104677,17569777}",Pandas-pre
2024-01-17 09:44:00,telegram,bot-send,"{17104677,17569777}",Pandas-VIP
2024-01-17 11:05:00,,,{17264537},Pandas-pre
2024-01-21 15:15:00,unisender,email,"{16003791,16767769}",Pandas-pre
2024-03-08 18:59:00,unisender,email,"{16013171,16762871}",08.03.2024
2024-03-31 11:35:00,telegram,bot-send,"{11014471,18361379}",DA-TEST-START
2024-05-06 15:58:00,telegram,bot-send,"{11014471,18361379}",DA-TEST-START
2024-05-10 16:36:00,,,{16816361},Python-FREE
2024-05-13 11:10:00,telegram,social,{16529429},Python-FREE
2024-05-13 13:51:00,unisender,email,{2494413},plan-python
2024-05-13 14:52:00,unisender,email,{16528805},plan-python
2024-05-13 15:53:00,telegram,bot-send,"{15946775,16785195,17577077}",plan-python
2024-05-16 11:46:00,telegram,social,{15924251},plan-python
2024-05-16 15:19:00,unisender,email,{11807293},Select-Materials
2024-05-16 19:49:00,telegram,social,"{15908653,16763405}",Select-Materials
2024-05-18 05:41:00,instagram,cpa,{11537905},Workshop-RFM
2024-05-22 15:15:00,telegram,social,"{16003159,18616975}",Select-Materials
2024-06-11 09:37:00,telegram,bot-send,{16996099},student-project
2024-06-11 20:09:00,telegram,social,{5807709},student-project
2024-06-12 02:26:00,unisender,email,"{15927075,16695207,17631349,19006309}",Python-FREE
2024-06-12 15:36:00,telegram,bot-send,"{15922169,16767575}",student-project
2024-06-13 04:46:00,telegram,social,"{5693721,16690195,18716943}",student-project
2024-06-13 07:56:00,telegram,bot-send,{16878207},web_13_06
2024-06-13 16:40:00,telegram,social,"{17174229,17563043}",web_13_06
2024-06-23 16:45:00,telegram,bot-send,"{16081745,16601531,17159091,18908721}",Ozon-25-06
2024-06-23 17:12:00,telegram,bot-send,{16200535},Ozon-25-06
2024-06-25 16:11:00,telegram,social,{12488361},Ozon-25-06
2024-07-03 16:33:00,unisender,email,"{17147401,17177859}",PRODUCT-TEST-START
2024-07-19 09:41:00,telegram,social,{12367367},web_23_07
2025-01-20 16:01:00,telegram,paid-placement,"{16763135,17560101}",autoweb-yandex
2025-01-21 10:41:00,telegram,bot-send,"{16833065,18771457}",web-2101
2025-01-21 10:56:00,telegram,social,"{5840561,16823375,17195057}",web-2101
2025-01-21 09:33:00,telegram,social,"{15923171,21320212}",web-2101
2025-01-21 13:56:00,telegram,bot-send,"{16312435,19011609}",web-2101
2023-12-13 16:27:00,youtube,webinar,"{10331397,16761959}",Экскурсия
2025-01-21 15:48:00,unisender,email,"{11787181,12343743,25212617}",web-2101
2025-01-21 15:51:00,unisender,email,{16816361},web-2101
2025-01-21 15:52:00,telegram,bot-send,"{15922681,16560611}",web-2101
2025-01-21 15:53:00,telegram,bot-send,"{16785101,17610155}",web-2101
2025-01-21 15:54:00,unisender,email,"{16059185,19052623}",web-2101
2025-01-21 15:57:00,telegram,paid-placement,{11587469},web-2101
2025-01-21 15:58:00,telegram,bot-send,"{17154027,18661341,21033137}",web-2101
2025-01-21 15:58:00,telegram,social,"{16275885,17101289}",web-2101
2025-01-21 15:59:00,telegram,paid-placement,{17034101},web-2101
2025-01-21 16:02:00,telegram,bot-send,{11989079},web-2101
2025-01-21 16:02:00,telegram,bot-send,{12349789},web-2101
2025-01-21 16:02:00,unisender,email,{16529237},web-2101
2025-01-21 16:02:00,telegram,bot-send,"{16259985,16762065,19576502,24830799}",web-2101
2025-01-21 16:02:00,telegram,bot-send,{2205259},web-2101
2024-01-03 12:11:00,bot,free-course-pandas,{15989583},Pandas-pre
2024-01-03 12:11:00,bot,free-course-pandas,{15989583},Pandas-v2
2024-01-03 15:00:00,unisender,email,"{15923171,21320212}",Pandas-pre
2024-01-03 15:39:00,bot,events-simulative,"{15970405,16774017}",Pandas-v2
2024-06-20 09:07:00,unisender,email,"{16561769,17099415}",МК-Python
2024-09-23 23:07:00,telegram,bot-send,"{15969863,18953713}",web-2409
2024-10-15 16:05:00,telegram,bot-send,"{15946775,16785195,17577077}",web-power-bi
2024-10-15 16:06:00,telegram,bot-send,"{15946775,16785195,17577077}",web-power-bi
2024-10-15 16:08:00,unisender,email,"{2200671,5806435,18084533,20586583}",web-power-bi
2023-12-19 13:38:00,unisender,email,{16978579},Pandas-pre
2023-12-20 11:14:00,Unisender,email,{16784025},Pandas-v1
2023-12-26 07:09:00,telegram,itresume,{14763967},Sber-Веб
2024-01-03 09:41:00,bot,events-simulative,"{16013985,17154261,19412264,20682793}",Pandas-VIP
2024-11-08 08:23:00,telegram,bot-send,{16741325},web-1211
2024-01-22 08:32:00,telegram,bot-send,"{8887233,16766255}",Pandas-v3
2024-01-24 15:41:00,telegram,pandas-chat,{17034101},Workshop-RFM
2024-01-26 16:43:00,telegram,bot-send,"{15557477,16767411}",Pandas-VIP
2024-01-26 17:30:00,livedigital,video,"{15943891,16773887}",Оплата
2024-02-26 16:04:00,telegram,bot-send,{6953413},HARD-SQL
2024-03-05 12:04:00,telegram,social,{16842355},ROADMAP
2024-03-05 12:04:00,telegram,social,{16842355},ROADMAP
2024-03-05 12:29:00,telegram,social,"{16003565,17553527,17829067,20886197,22364977,23647487,24161655}",ROADMAP
2024-03-05 12:29:00,telegram,social,"{16003565,17553527,17829067,20886197,22364977,23647487,24161655}",ROADMAP
2024-03-05 13:28:00,unisender,email,"{8887233,16766255}",ROADMAP
2024-03-05 15:17:00,,,{15932451},ROADMAP
2024-03-05 15:57:00,telegram,bot-send,{11377605},ROADMAP
2024-03-05 15:57:00,telegram,bot-send,{11377605},ROADMAP
2024-03-05 17:17:00,telegram,bot-send,"{16312435,19011609}",ROADMAP
2024-10-14 09:11:00,telegram,paid-placement,{15943559},web-power-bi
2024-03-05 17:38:00,telegram,bot-send,{16857289},ROADMAP
2024-03-12 11:08:00,telegram,bot-send,{15999087},portfolio ideas
2024-03-12 11:18:00,telegram,bot-send,{17124297},20ideas
2025-01-21 10:36:00,telegram,bot-send,{17099405},web-2101
2025-01-21 10:36:00,telegram,bot-send,{7366116},web-2101
2024-03-29 17:24:00,unisender,email,"{16056423,16769383}",tinkoff-1
2024-03-31 14:10:00,telegram,social,{13166349},20ideas
2024-04-01 10:31:00,telegram,bot-send,"{16003159,18616975}",DA-TEST-START
2024-04-02 18:06:00,unisender,email,{16930131},6 каверз
2024-04-02 18:11:00,unsender,email,{16930131},HARD-SQL
2024-04-04 10:43:00,telegram,bot,{17124297},Экскурсия
2024-04-04 10:43:00,telegram,social,"{16281907,16792385}",abc-portfolio
2024-04-04 10:56:00,unisender,email,{16003161},abc-portfolio
2024-04-04 11:25:00,telegram,bot-send,"{16570977,18237375}",Ads-metrics
2024-04-04 13:53:00,telegram,social,{5825207},abc-portfolio
2024-04-04 13:57:00,unisender,email,{16489279},abc-portfolio
2024-04-04 16:54:00,telegram,social,"{16001125,16761823}",abc-portfolio
2024-04-04 17:01:00,telegram,social,"{16003565,16764873,17290925,17553527,17829067,19544884,19867361,20886197,24161655,24395845}",abc-portfolio
2024-04-05 09:15:00,telegram,social,"{17123865,17560467,18878981}",SPEC-DA-TEST
2024-04-05 10:01:00,telegram,social,{16270415},SPEC-DA-TEST-START
2024-04-05 10:13:00,telegram,bot-send,{13336155},SPEC-DA-TEST
2024-04-05 10:37:00,telegram,social,{5825207},SPEC-DA-TEST
2024-04-05 10:53:00,telegram,bot-send,{15989583},SPEC-DA-TEST-START
2024-04-05 10:55:00,telegram,bot-send,{15556555},SPEC-DA-TEST
2024-04-05 12:54:00,site,test,"{17146215,17146219,17177795}",Экскурсия
2024-04-05 12:54:00,telegram,bot-send,{16770865},abc-portfolio
2024-04-05 12:54:00,telegram,social,"{17146215,17146219,17177795}",SPEC-DA-TEST
2024-04-05 14:06:00,telegram,social,"{17129421,17562213}",SPEC-DA-TEST
2024-04-05 14:13:00,telegram,social,{15927495},SPEC-DA-TEST
2024-04-05 16:12:00,telegram,social,"{15938237,16761965}",SPEC-DA-TEST
2024-04-05 18:14:00,unisender,email,"{17151345,17232163,19399386}",SPEC-DA-TEST
2024-04-08 12:47:00,unisender,email,"{11418857,20595651}",SPEC-DA-TEST
2024-04-09 09:23:00,unisender,email,"{16084991,16977925,18659265}",Python-FREE
2024-04-09 10:32:00,telegram,bot-send,"{16561367,16766579,16864685,19270727}",Python-FREE
2024-04-09 11:34:00,unisender,email,"{16003335,16767837}",Python-FREE
2024-04-10 07:59:00,unisender,email,{11264135},Python-FREE
2024-04-11 11:01:00,telegram,social,"{11929247,16765787,18772107}",ROADMAP
2024-04-11 15:34:00,vkontakte,social,"{16739833,24522659}",ROADMAP
2024-04-11 16:01:00,unisender,email,"{16784957,20490049}",ROADMAP
2024-04-11 20:26:00,telegram,social,"{15970405,16774017}",DA-TEST
2024-04-13 09:39:00,telegram,social,{17032093},DA-TEST
2024-04-15 17:02:00,unisender,email,"{12089567,16764831,16764843}",Python-FREE
2024-04-15 17:27:00,Unisender,email,"{17147699,17428973,17428975,18451713}",DA-TEST-START
2024-04-16 08:42:00,unisender,email,{17177743},SQL-16-04-24
2024-04-16 11:07:00,unisender,email,"{10331397,16761959}",SQL-16-04-24
2024-04-16 13:13:00,telegram,social,"{9164281,17166441}",SQL-16-04-24
2024-04-16 13:22:00,telegram,bot-send,"{11014471,18361379}",SQL-16-04-24
2024-04-17 10:18:00,,,{15873001},Оплата
2024-04-27 10:01:00,unisender,email,"{17147699,17428973,17428975,18451713}",Python-FREE
2024-04-27 11:12:00,partner,cpa,{17160145},50%discount
2024-05-05 21:09:00,instagram,cpa,{16686601},Workshop-RFM
2024-06-12 03:08:00,telegram,social,"{15571275,17145655}",ROADMAP
2024-06-12 07:30:00,telegram,social,"{15970405,16774017}",student-project
2024-08-21 13:49:00,webinar,livedigital,{16397299},Студент
2024-08-28 13:14:00,telegram,social,{13166349},Студент
2024-09-04 09:20:00,telegram,bot-send,{15923167},become-analyst
2024-09-04 10:41:00,unisender,email,"{11088915,12130285}",become-analyst
2024-09-17 08:29:00,unisender,email,{16511641},become-bi
2024-09-17 16:05:00,telegram,social,"{16772541,20843231}",become-bi
2024-09-17 16:11:00,bloger,post,"{15916041,18583517}",become-bi
2024-09-17 16:26:00,telegram,bot-send,"{16784957,20490049}",become-bi
2024-09-17 16:51:00,bloger,post,{15943559},become-bi
2024-09-20 11:15:00,telegram,bot-send,{16489279},web-2409
2023-12-14 19:09:00,bot,testovoe-ozon,"{16549177,20634357}",Кейс-АЦ
2024-10-04 15:18:00,telegram,bot-send,"{15946741,16764241,20152897}",web-geo-analyt
2024-10-06 16:30:00,,,"{9347081,17154923}",DA-TEST-START
2024-10-15 20:54:00,telegram,social,{12367367},web-power-bi
2023-12-26 18:38:00,Unisender,email,"{17150867,17177837}",Pandas-v2
2024-01-05 10:46:00,bot,events-simulative,{5803341},Pandas-pre
2023-12-14 09:16:00,bot,testovoe-ozon,"{16833065,18771457}",Кейс-АЦ
2023-12-14 09:59:00,bot,value-sql,{12488361},Экскурсия
2023-12-23 14:19:00,bot,live-course-sql,{14712829},Pandas-pre
2023-12-24 18:35:00,bot,free-course-pandas,"{11014471,18361379}",Pandas-v1
2024-01-03 17:36:00,bot,events-simulative,{16531725},Pandas-pre
2024-01-03 17:39:00,unisender,email,{16531725},Pandas-pre
2024-01-03 17:39:00,unisender,email,{16531725},Pandas-v2
2024-01-03 17:50:00,unisender,email,{17098575},Pandas-pre
2024-01-03 17:50:00,unisender,email,{17098575},Pandas-v2
2024-01-03 17:50:00,unisender,email,{17098575},Pandas-v2
2024-01-03 17:58:00,unisender,email,"{16066779,16770183}",Pandas-v2
2024-01-03 17:58:00,unisender,email,"{16066779,16770183}",Pandas-v2
2023-12-15 09:18:00,bot,testovoe-ozon,"{16741423,18595441}",Pandas
2023-12-12 13:02:00,bot,testovoe-ozon,{16769049},Pandas
2023-12-15 09:54:00,unisender,email,"{15889391,16766247,19329846,20771041}",Pandas
2023-12-25 12:09:00,bot,events-simulative,"{17006467,18897949}",Sber-Веб
2024-10-18 10:51:00,unisender,email,"{16287273,16767225}",web-2310
2024-10-18 14:31:00,telegram,social,"{7710743,14717267}",web-2310
2024-01-03 20:15:00,bot,free-course-pandas,{15954809},Pandas-pre
2024-10-21 08:00:00,vkontakte,social,{17177743},web-2310
2024-10-29 16:15:00,telegram,bot-send,"{16815413,17006383,17006385}",web-2910
2024-10-29 17:36:00,telegram,bot-send,{15538843},web-2910
2024-11-02 09:06:00,telegram,bot-send,{5804161},web-0611
2024-01-03 23:46:00,unisender,email,{9327543},Pandas-v2
2024-01-03 23:46:00,unisender,email,{9327543},Pandas-v2
2024-01-04 00:35:00,bot,events-simulative,"{16003791,16767769}",Pandas-VIP
2024-11-06 15:50:00,unisender,email,"{2200671,5806435,18084533,20586583}",web-0611
2024-11-10 08:01:00,telegram,paid-placement,"{16773339,17163457,18418999}",web-1211
2024-11-12 08:04:00,bloger,post,{17099405},web-1211
2024-11-12 11:23:00,telegram,bot-send,{8346889},web-1211
2024-11-13 23:34:00,telegram,social,"{16552793,17148487}",web-1211
2024-11-13 23:38:00,telegram,paid-placement,{16069723},web-1211
2024-11-29 09:31:00,unisender,email,"{16529705,17157253}",web-0412
2024-11-29 17:32:00,unisender,email,{16003203},web-0412
2024-12-02 11:29:00,telegram,social,"{17146067,20598005}",web-0412
2025-01-04 09:34:00,telegram,paid-placement,{17070179},autoweb-yandex
2025-01-06 09:11:00,site,,{16816881},Python-FREE
2025-01-07 15:54:00,,,"{15889391,16766247,19329846,20771041}",advent
2025-01-17 07:02:00,telegram,bot-send,"{1460603,23961501}",web-2101
2025-01-17 07:02:00,telegram,bot-send,"{1460603,23961501}",web-2101
2025-01-21 16:03:00,unisender,email,{5807709},web-2101
2025-01-21 16:03:00,telegram,paid-placement,{16924767},web-2101
2025-01-21 16:04:00,telegram,paid-placement,{17034101},web-2101
2025-01-21 16:04:00,unisender,email,"{17038527,17683033}",web-2101
2025-01-21 16:04:00,unisender,email,"{5983741,16765093}",web-2101
2025-01-21 16:05:00,telegram,bot-send,{16053929},web-2101
2025-01-21 16:06:00,telegram,social,"{9825095,23710543}",Ads-metrics
2025-01-21 16:07:00,telegram,bot-send,"{10787621,16772781}",web-2101
2025-01-21 16:07:00,telegram,bot-send,"{15922439,19436980,20455897}",web-2101
2025-01-21 16:08:00,telegram,social,"{2200671,5806435,18084533,20586583}",web-2101
2025-01-21 16:09:00,telegram,paid-placement,"{16350253,24481101,25366559}",web-2101
2025-01-21 16:09:00,telegram,paid-placement,"{16350253,24481101,25366559}",web-2101
2025-01-21 16:09:00,telegram,paid-placement,"{16350253,24481101,25366559}",web-2101
2025-01-21 16:10:00,telegram,bot-send,"{17143617,20730839}",web-2101
2025-01-21 16:11:00,telegram,social,"{9825095,23710543}",Ads-metrics
2025-01-26 12:06:00,telegram,paid-placement,{11377605},web-2801
2024-10-15 17:27:00,telegram,social,"{7710743,14717267}",web-power-bi
2024-10-15 18:09:00,telegram,bot-send,"{16815413,17006383,17006385}",web-power-bi
2024-10-15 18:14:00,unisender,email,{17118163},web-power-bi
2024-11-11 17:22:00,telegram,social,"{11787181,12343743,25212617}",SPEC-DA-TEST
2023-12-13 09:46:00,unisender,email,{5807709},LTV-Веб
2023-12-13 10:32:00,unisender,email,{16788821},LTV-Веб
2023-12-19 13:12:00,bot,free-course-pandas,{15378039},Pandas-pre
2023-12-19 13:41:00,Unisender,email,{16978579},Pandas-v1
2023-12-19 14:13:00,bot,testovoe-ozon,{16603359},Pandas-pre
2023-12-19 14:44:00,bot,events-simulative,{15378039},Pandas-pre
2023-12-19 19:47:00,bot,events-simulative,{16057487},Pandas-pre
2023-12-19 19:48:00,bot,events-simulative,{16057487},Pandas-v1
2023-12-20 06:33:00,bot,events-simulative,"{8358657,16574417}",Pandas-pre
2023-12-20 08:11:00,unisender,email,"{15921749,16695207,16773339}",Pandas-v1
2024-01-03 14:30:00,unisender,email,"{15549745,16778589}",Pandas-v2
2024-01-04 15:56:00,bot,free-course-pandas,"{15555667,16762071}",Pandas-v2
2024-01-14 23:52:00,,,{12488361},Pandas-pre
2024-02-10 10:49:00,instagram,cpa,"{11418857,20595651}",Workshop-RFM
2024-02-11 08:39:00,instagram,cpa,{16016135},Workshop-RFM
2024-02-21 20:45:00,telegram,social,{15916845},HARD-SQL
2024-02-26 15:40:00,telegram,bot-send,{7366116},HARD-SQL
2024-02-29 03:24:00,unsender,email,{15566497},HARD-SQL
2024-02-29 12:04:00,,,"{15903385,16766413,18515647}",Студент
2024-03-05 19:48:00,telegram,social,{12481235},ROADMAP
2024-03-05 23:23:00,unisender,email,{15930551},ROADMAP
2024-03-07 08:24:00,unisender,email,"{16864161,18675121}",LTV-Веб
2024-03-07 08:37:00,unisender,email,"{16748663,17100103}",LTV-Веб
2024-03-07 08:37:00,unisender,email,"{16748663,17100103}",LTV-Веб
2024-03-08 08:10:00,unisender,email,{11989079},08.03.2024
2024-03-08 09:15:00,,,{9041779},08.03.2024
2024-03-08 09:16:00,telegram,social,"{16275885,17101289,24452351}",08.03.2024
2024-03-08 20:26:00,telegram,bot-send,{17167117},08.03.2024
2024-03-09 08:55:00,telegram,social,"{17146215,17146219,17177795}",08.03.2024
2024-03-20 23:03:00,telegram,bot-send,{15916845},Ads-metrics
2024-04-16 15:56:00,telegram,social,{16069723},SQL-16-04-24
2024-04-16 17:27:00,webinar,livedigital,"{16003565,16764873,17290925,17553527,17829067,19544884,19867361,20886197,24161655,24395845}",Оплата
2024-05-08 05:34:00,telegram,bot-send,"{3817811,12210285,18900811,19630602}",Python-FREE
2024-05-20 14:01:00,,,"{5814679,20781819}",DA-TEST-START
2024-06-04 15:04:00,telegram,social,{15564527},DA-TEST-START
2024-06-13 16:04:00,telegram,paid-placement,"{17156637,20605369,20764479}",web_13_06
2024-06-13 17:11:00,telegram,social,"{17146035,17191367}",web_13_06
2024-06-14 11:59:00,,,{16442961},SQL автовеб 15.08.23
2024-06-20 15:33:00,telegram,bot-send,"{16163271,16222289}",МК-Python
2024-06-21 03:37:00,unisender,email,"{9349901,18448353}",МК-Python
2024-06-23 15:16:00,telegram,bot-send,"{16773339,17310203}",Ozon-25-06
2024-06-24 17:20:00,telegram,paid-placement,{15924905},Ozon-25-06
2024-06-25 15:59:00,telegram,bot-send,"{15950709,16529323,16770067}",Ozon-25-06
2024-07-03 16:42:00,unisender,email,"{17147401,17177859}",PRODUCT-TEST
2024-07-03 16:50:00,telegram,social,{11989079},PRODUCT-TEST-START
2023-12-15 10:39:00,bot,events-simulative,"{16764091,16764093}",Pandas
2024-07-09 15:57:00,telegram,social,"{16765779,18914999}",web_09_07
2024-07-09 15:57:00,telegram,paid-placement,{16292997},web_09_07
2024-07-09 16:02:00,telegram,bot-send,{16003201},web_09_07
2024-07-09 16:02:00,telegram,social,{12349789},web_09_07
2024-07-09 16:04:00,telegram,social,"{9164281,17166441}",web_09_07
2024-07-09 16:07:00,telegram,bot-send,{17034101},web_09_07
2024-07-09 16:41:00,telegram,social,{9327543},web_09_07
2024-07-09 16:41:00,telegram,bot-send,{17034101},web_09_07
2024-07-10 04:59:00,telegram,social,"{16275885,17101289}",web_09_07
2024-07-10 13:55:00,telegram,social,"{16572045,22960543}",Python-FREE
2024-07-14 15:12:00,partner,itresume,{13166349},6 каверз
2024-07-16 10:25:00,unisender,email,"{16762569,18846263}",КАРЬЕРНЫЙ
2024-07-17 15:41:00,telegram,social,{17177205},КАРЬЕРНЫЙ
2023-12-20 11:05:00,bot,events-simulative,"{16528877,16801525,16816427,16865855}",Pandas-pre
2024-07-19 14:44:00,telegram,social,"{9164281,17166441}",web_23_07
2024-07-19 14:46:00,telegram,bot-send,{16842355},web_23_07
2024-07-21 15:20:00,telegram,bot-send,"{17154027,18661341,21033137}",web_23_07
2024-07-22 07:34:00,unisender,email,{11464607},web_23_07
2024-07-23 06:26:00,telegram,social,{11766391},DA-TEST-START
2024-07-23 08:35:00,telegram,social,{16762377},web_23_07
2024-07-23 11:04:00,telegram,bot-send,{16489279},web_23_07
2024-07-23 11:09:00,telegram,social,{17130693},web_23_07
2024-07-23 11:09:00,telegram,social,{17130693},web_23_07
2024-07-23 15:14:00,telegram,bot-send,{17177205},web_23_07
2024-07-23 15:30:00,telegram,social,{12349789},web_23_07
2024-07-23 16:02:00,telegram,social,"{16228633,16771429}",web_23_07
2024-07-23 16:02:00,telegram,bot-send,"{16056423,16769383}",web_23_07
2024-07-23 16:04:00,telegram,bot-send,"{16081745,16601531,17159091,18908721}",web_23_07
2024-07-23 18:08:00,unisender,email,"{11088915,12130285}",web_23_07
2024-07-23 18:08:00,unisender,email,"{11088915,12130285}",web_23_07
2024-07-25 03:11:00,,,"{16084821,20106453}",abc-portfolio
2023-12-25 08:35:00,telegram,itresume,"{11787181,12343743,25212617}",Sber-Веб
2023-12-25 08:43:00,telegram,itresume,{15923745},Sber-Веб
2024-07-30 10:06:00,telegram,social,{14712829},Студент
2024-07-30 14:14:00,telegram,social,"{17146035,17191367}",Студент
2024-08-06 17:40:00,telegram,paid-placement,{17145927},web-resume
2024-08-06 18:51:00,telegram,bot-send,"{3817811,12210285,18900811,19630602}",web-resume
2024-08-20 15:59:00,telegram,bot-send,"{16003565,17553527,17829067,20886197,22364977,23647487,24161655}",КАРЬЕРНЫЙ
2024-08-21 11:14:00,unisender,email,{11989079},plan-python
2024-09-10 16:03:00,unisender,email,{17098575},become-analyst
2024-09-17 13:30:00,unisender,email,"{15882917,17164025}",become-bi
2023-12-31 04:30:00,bot,events-simulative,{12488361},Pandas-pre
2024-09-17 16:24:00,bloger,post,"{15916041,18583517}",become-bi
2024-09-24 15:52:00,telegram,bot-send,{2494413},web-2409
2024-09-24 17:36:00,telegram,social,"{15916041,18583517}",web-2409
2024-10-14 12:09:00,telegram,bot-send,{14728903},web-power-bi
2024-10-29 16:01:00,telegram,bot-send,{5804161},web-2910
2024-10-29 16:21:00,telegram,bot-send,{5804161},web-2910
2024-10-29 17:29:00,telegram,bot-send,"{16003791,16767769}",web-2910
2024-03-07 08:05:00,telegram,social,"{15924193,17108465,22058459}",ROADMAP
2024-03-07 18:23:00,telegram,bot-send,"{15570281,16770335}",ROADMAP
2024-10-30 16:02:00,unisender,email,"{16815989,19322542,20014965}",web-2910
2024-11-02 10:10:00,telegram,bot-send,"{16060763,22961007}",web-0611
2024-11-06 16:20:00,telegram,bot-send,{9327543},web-0611
2024-11-11 15:50:00,telegram,social,"{16699695,19653806}",SPEC-DA-TEST-START
2024-11-13 22:58:00,telegram,bot-send,"{16259985,16762065,19576502,24830799}",web-1211
2024-11-14 00:35:00,telegram,bot-send,"{5800233,16764845}",web-1211
2024-11-22 11:00:00,telegram,social,{16031367},web-2611
2024-11-22 17:30:00,telegram,social,{16238231},web-2611
2024-11-29 13:29:00,unisender,email,"{2200671,5806435,18084533,20586583}",web-0412
2024-07-19 12:10:00,telegram,social,"{5848071,20887407}",web_23_07
2024-12-01 09:04:00,telegram,bot-send,"{15927075,16695207,17631349,19006309}",web-2611
2024-12-02 14:49:00,telegram,bot-send,{2494413},6 каверз
2024-12-02 15:01:00,telegram,bot-send,"{15570281,16770335}",6 каверз
2024-12-03 06:20:00,telegram,bot-send,"{16011643,16871171,19092417}",6 каверз
2024-12-03 12:52:00,telegram,social,"{15560051,16754921}",6 каверз
2024-12-03 14:14:00,telegram,paid-placement,{16669409},web-0412
2024-12-04 09:28:00,telegram,bot-send,"{16684485,18689443}",web-0412
2024-12-10 10:42:00,telegram,bot-send,{16003369},6 каверз
2024-12-11 16:10:00,telegram,bot-send,"{9825095,23710543}",web-1112
2024-12-17 15:58:00,telegram,social,"{15950709,16529323,16770067}",web-1712
2024-12-20 15:03:00,telegram,paid-placement,"{17143617,20730839}",web-2412
2024-12-20 19:40:00,telegram,paid-placement,{16002315},web-2412
2025-01-06 08:52:00,telegram,paid-placement,"{17160445,17748333}",autoweb-become-analyst
2024-11-13 17:19:00,bloger,post,"{15928337,19015561,19024235}",web-1211
2025-01-14 09:45:00,telegram,bot-send,"{16001545,17165757}",web-1401
2024-11-14 12:15:00,unisender,email,{12262075},Консультация
2024-11-18 16:07:00,telegram,social,"{11787181,12343743,25212617}",HARD-SQL
2023-12-22 08:11:00,unisender,email,{17070179},Pandas-VIP
2023-12-22 11:57:00,bot,testovoe-ozon,{16529035},Pandas-pre
2023-12-22 14:38:00,bot,marafon-interview,"{16529705,17157253}",Pandas-v1
2023-12-22 17:24:00,bot,events-simulative,"{15921749,16695207,16773339}",Pandas-v1
2023-12-23 14:38:00,telegram,,"{15924193,17108465,22058459}",Кейс-АЦ
2023-12-24 05:15:00,telegram,itresume,"{7710743,14717267}",Sber-Веб
2023-12-24 20:22:00,vk,,"{17064877,17101475}",Pandas-pre
2023-12-25 19:15:00,bot,events-simulative,{17160145},Pandas-v2
2023-12-25 19:15:00,bot,events-simulative,{17160145},Pandas-v2
2023-12-25 19:15:00,bot,events-simulative,{17160145},Pandas-v2
2023-12-26 17:30:00,bot,testovoe-bank-otkrytie,{17177743},Pandas-VIP
2023-12-27 08:30:00,,,{9041779},Pandas-pre
2023-12-27 08:30:00,,,{9041779},Pandas-v2
2023-12-27 23:13:00,unisender,email,"{11436455,16520809}",Pandas-pre
2024-01-03 09:45:00,Unisender,email,"{16013985,17154261,19412264,20682793}",Pandas-v2
2024-01-03 15:34:00,unisender,email,{16541723},Pandas-v2
2024-01-03 16:25:00,unisender,email,{5801075},Pandas-pre
2024-01-04 00:37:00,Unisender,email,"{16003791,16767769}",Pandas-VIP
2025-01-10 17:18:00,telegram,bot-send,{16764267},web-2412
2024-01-24 18:05:00,telegram,social,{16814977},Workshop-RFM
2024-02-17 20:49:00,telegram,bot,"{17147329,17580017,21615360}",Оплата
2024-02-19 14:38:00,telegram,bot-send,{16104917},Workshop-RFM
2024-02-19 16:21:00,telegram,bot-send,"{15942213,16974953,20010059}",Workshop-RFM
2024-02-20 07:23:00,telegram,bot-send,{16741325},Workshop-RFM
2024-02-20 15:48:00,telegram,bot-send,"{15946775,16785195,17577077}",Workshop-RFM
2024-02-21 10:05:00,unsender,email,"{15950709,16529323,16770067}",HARD-SQL
2024-02-21 13:01:00,unisender,email,"{16766403,17180005,18381355}",Workshop-RFM
2024-02-21 17:20:00,telegram,social,"{15549257,17146927,18114357}",HARD-SQL
2024-03-05 11:02:00,telegram,bot-send,{16769049},ROADMAP
2024-03-22 15:34:00,unisender,email,"{17151345,17232163,19399386}",DA-TEST
2024-04-17 06:50:00,unisender,email,"{15946741,16764241,20152897}",tinkoff-1
2024-05-17 15:15:00,telegram,bot-send,{832697},Python-FREE
2024-06-04 14:41:00,telegram,bot-send,"{16775127,16980287}",plan-python
2024-06-11 07:49:00,telegram,bot-send,"{11929247,16765787,18772107}",student-project
2024-06-18 19:20:00,,,{15932451},SPEC-DA-TEST
2024-06-25 16:40:00,telegram,bot-send,{15929783},Ozon-25-06
2024-06-25 17:32:00,telegram,bot-send,{17150093},Ozon-25-06
2024-06-25 18:08:00,telegram,social,"{16765779,18914999}",Ozon-25-06
2024-06-25 18:13:00,telegram,bot-send,"{10787621,16772781}",Ozon-25-06
2024-06-29 12:11:00,bot,live-course-sql,"{10654999,17558293}",Студент
2024-06-30 09:19:00,telegram,social,{13166349},Python-FREE
2024-07-18 12:39:00,vkontakte,social,"{16011643,16871171,19092417}",КАРЬЕРНЫЙ
2024-07-23 16:22:00,telegram,social,"{16815989,19322542,20014965}",web_23_07
2024-08-01 17:38:00,partner,itresume,{9041779},6 каверз
2024-08-02 12:07:00,telegram,social,"{15948581,16764269}",web-resume
2024-08-02 14:15:00,unisender,email,"{16762569,18846263}",web-resume
2024-08-04 11:07:00,unisender,email,{17089011},web-resume
2023-12-25 18:12:00,,,"{17064877,17101475}",Оплата
2023-12-26 05:48:00,,,"{17163457,18257003,22568895}",Pandas-v2
2024-08-05 08:16:00,telegram,paid-placement,{9327543},web-resume
2023-12-26 17:33:00,youtube,web-online,"{17146215,17146219,17177795}",НГ-Консультация
2023-12-12 16:16:00,bot,events-simulative,"{15889391,16766247,19329846,20771041}",LTV-Веб
2023-12-25 10:39:00,telegram,analyticsgrowthmindset,{16087433},Sber-Веб
2023-12-13 20:44:00,telegram,itresume,"{5840561,16823375,17195057}",HARD-SQL
2023-12-19 12:55:00,bot,testovoe-bank-otkrytie,"{15931845,16774847}",Pandas-v1
2023-12-19 12:55:00,bot,testovoe-bank-otkrytie,"{15931845,16774847}",Pandas-v1
2023-12-25 18:36:00,bot,events-simulative,{16529237},Sber-Веб
2023-12-19 13:53:00,bot,free-course-pandas,"{15999363,16775393}",Pandas-VIP
2023-12-19 20:36:00,unisender,email,{5824941},Pandas-pre
2023-12-25 14:21:00,bot,free-course-pandas,"{15928661,23819030}",Sber-Веб
2023-12-26 19:38:00,youtube,web-online,"{17146215,17146219,17177795}",Студент
2023-12-30 23:58:00,,,{17264537},Pandas-v2
2023-12-15 10:02:00,bot,events-simulative,{5820699},Pandas
2023-12-15 11:52:00,telegram,,"{8358657,16574417}",Pandas
2023-12-15 11:52:00,telegram,,"{8358657,16574417}",Pandas
2023-12-27 08:23:00,,,{9041779},Pandas-pre
2023-12-27 23:13:00,unisender,email,"{11436455,16520809}",Pandas-v2
2024-03-06 05:13:00,telegram,social,{15922451},ROADMAP
2023-12-16 10:57:00,unisender,email,"{5814679,20781819}",Pandas
2024-03-13 16:12:00,instagram,cpa,"{17262125,17262127}",Студент
2024-08-06 14:32:00,telegram,social,{16841379},Python-FREE
2024-08-06 15:59:00,telegram,bot-send,"{16815413,17006383,17006385}",web-resume
2024-08-06 17:08:00,telegram,paid-placement,{17070179},web-resume
2024-08-06 17:43:00,unisender,email,{15539831},web-resume
2024-08-06 17:43:00,unisender,email,{15539831},web-resume
2024-08-06 18:51:00,telegram,bot-send,"{3817811,12210285,18900811,19630602}",web-resume
2024-08-08 11:33:00,,,{9041779},SPEC-DA-TEST-START
2024-08-10 12:28:00,,,{15588591},Python-FREE
2023-12-12 13:58:00,,,{15954809},Кейс-АЦ
2024-08-15 07:10:00,telegram,social,{15539831},intensive-analyst
2024-08-15 07:43:00,telegram,social,"{17151209,19295911,21692221}",intensive-analyst
2024-08-16 11:47:00,,,{16397299},Python-FREE
2024-08-19 18:51:00,bloger,post,"{17156637,20605369,20764479}",intensive-analyst
2024-08-20 15:08:00,telegram,social,{15935273},intensive-analyst
2024-08-20 15:59:00,unisender,email,"{17147401,17177859}",intensive-analyst
2023-12-13 08:47:00,bot,events-simulative,{16003369},LTV-Веб
2023-12-13 08:47:00,bot,events-simulative,{16003369},LTV-Веб
2024-08-20 16:31:00,bloger,post,"{16312435,19011609}",intensive-analyst
2024-08-20 16:33:00,telegram,bot-send,{14728903},intensive-analyst
2024-09-13 17:59:00,unisender,email,{16816361},become-bi
2024-09-17 16:20:00,telegram,bot-send,{17060195},become-bi
2024-09-20 11:05:00,telegram,bot-send,"{16774955,18347079}",web-2409
2024-09-20 11:19:00,telegram,bot-send,{12349789},web-2409
2024-09-20 14:40:00,telegram,social,{9327543},web-2409
2024-09-22 07:39:00,unisender,email,"{16815989,19322542,20014965}",web-2409
2024-10-08 16:45:00,telegram,bot-send,"{9343497,22856197,25323757}",web-geo-analyt
2024-10-23 15:58:00,telegram,bot-send,{17034101},web-2310
2024-10-25 14:33:00,telegram,social,"{2200671,5806435,18084533,20586583}",web-2910
2024-11-06 16:29:00,unisender,email,"{15928337,19015561,19024235}",web-0611
2024-11-06 17:38:00,unisender,email,{16924767},web-0611
2024-11-06 17:42:00,telegram,bot-send,{11074775},web-0611
2024-11-13 23:10:00,telegram,social,"{7710743,14717267}",web-1211
2024-11-13 23:20:00,telegram,bot-send,{16256923},web-1211
2023-12-29 21:53:00,,,"{11470833,16796217,16796225}",Pandas-pre
2024-11-13 23:37:00,telegram,social,"{7710743,14717267}",web-1211
2024-11-13 23:38:00,telegram,bot-send,{16529429},web-1211
2024-01-17 16:56:00,unisender,email,"{16815413,17006383,17006385}",Pandas-pre
2024-11-13 23:57:00,telegram,bot-send,{17033243},web-1211
2024-11-17 21:48:00,telegram,social,"{17163457,21323678,25588667}",web-1211
2024-01-25 16:00:00,telegram,pandas-chat,"{5809177,16767187,16767203}",Workshop-RFM
2024-12-04 16:01:00,unisender,email,"{16529705,17157253}",web-0412
2024-02-07 12:13:00,unisender,email,{16008929},6 каверз
2024-02-07 13:49:00,unisender,email,{15569323},6 каверз
2024-12-04 19:14:00,telegram,social,"{10331397,16761959}",web-0412
2024-12-06 16:54:00,unisender,email,"{2200671,5806435,18084533,20586583}",web-1112
2024-12-07 07:12:00,telegram,paid-placement,{16529295},Кейс-АЦ
2024-12-10 10:20:00,telegram,social,"{16003565,17553527,17829067,20886197,22364977,23647487,24161655}",web-1112
2024-12-11 07:31:00,unisender,email,{15744043},web-1112
2024-12-11 15:56:00,telegram,social,"{11787181,12343743,25212617}",web-1112
2024-12-11 16:03:00,telegram,paid-placement,"{16013985,17154261,19412264,20682793}",web-1112
2024-12-24 15:50:00,telegram,bot-send,{16292997},web-2412
2024-12-24 15:58:00,telegram,bot-send,"{15208695,17145269,21719045}",web-2412
2024-12-24 16:16:00,webinar,livedigital,"{16003565,17553527,17829067,20886197,22364977,23647487,24161655}",Консультация
2024-12-25 07:17:00,telegram,bot-send,"{17123865,17560467,18878981}",web-2412
2025-01-04 00:24:00,partner,cpc,"{16766403,17180005,18381355}",Python-FREE
2025-01-04 14:52:00,telegram,paid-placement,{17168589},autoweb-yandex
2025-01-11 13:36:00,telegram,social,"{15943891,16773887}",web-1401
2025-01-14 16:33:00,telegram,paid-placement,{15922897},web-1401
2025-01-15 11:11:00,telegram,bot-send,"{16775127,16980287}",Ads-metrics
2025-01-17 12:16:00,unisender,email,"{12578989,18222813}",web-2101
2025-01-17 12:17:00,unisender,email,"{11787181,12343743,25212617}",web-2101
2025-01-17 12:18:00,telegram,bot-send,"{1460603,23961501}",web-2101
2025-01-17 12:35:00,telegram,bot-send,{2205259},web-2101
2025-01-17 12:50:00,telegram,bot-send,{16764879},web-2101
2025-01-17 13:04:00,telegram,bot-send,{16077105},web-2101
2025-01-30 11:01:00,bot,testovoe-ozon,"{16978917,16978919}",Ads-metrics
2024-11-23 18:43:00,telegram,social,"{9825095,23710543}",HARD-SQL
2024-11-26 16:08:00,telegram,bot-send,{15556555},web-2611
2024-12-10 06:02:00,telegram,bot-send,{15538843},web-1112
2024-02-20 11:42:00,unisender,email,"{16774955,18347079}",Workshop-RFM
2024-02-21 10:35:00,telegram,social,"{15942213,16974953,20010059}",HARD-SQL
2024-02-21 11:53:00,unsender,email,"{17147699,17428973,17428975,18451713}",HARD-SQL
2024-02-21 12:28:00,telegram,social,"{16003565,16764873,17290925,17553527,17829067,19544884,19867361,20886197,24161655,24395845}",HARD-SQL
2024-02-21 15:53:00,telegram,social,{16031367},HARD-SQL
2024-02-21 15:53:00,telegram,social,{16031367},HARD-SQL
2024-08-27 11:06:00,telegram,social,{11989079},Консультация
2025-01-15 11:16:00,unisender,email,{16016135},Ads-metrics
2025-01-15 11:16:00,telegram,social,{2199985},Ads-metrics
2025-01-15 11:17:00,telegram,social,"{17006467,18897949}",Ads-metrics
2025-01-15 11:18:00,telegram,bot-send,"{15560415,16770403}",Ads-metrics
2023-12-12 13:25:00,unisender,email,{8346889},Кейс-АЦ
2023-12-14 15:30:00,unisender,email,"{15921589,16766225,18451399}",Кейс-АЦ
2023-12-19 14:42:00,bot,events-simulative,"{16011643,16871171,19092417}",Pandas-v1
2023-12-20 11:52:00,Unisender,email,"{16084991,16977925,18659265}",Pandas-v1
2023-12-20 17:34:00,bot,events-simulative,"{16785101,17610155}",Pandas-v1
2024-01-03 10:57:00,bot,free-course-pandas,{15270129},Pandas-pre
2024-01-03 13:34:00,,,{5807709},Pandas-v2
2024-01-13 05:42:00,Unisender,email,"{17220445,17493701}",Pandas-v3
2024-01-16 11:55:00,,,"{16766595,17554027}",Pandas-pre
2024-01-24 13:22:00,telegram,bot-send,{15922359},Workshop-RFM
2024-01-25 15:37:00,telegram,social,"{16743379,19453462,21000955}",Workshop-RFM
2024-01-25 16:02:00,telegram,pandas-chat,"{11999701,16767673}",Workshop-RFM
2024-01-27 23:20:00,telegram,pandas-chat,"{11999701,16767673}",Pandas-VIP
2024-01-29 09:23:00,,,{16740831},Pandas-v3
2023-12-23 14:26:00,,,{14712829},Pandas-VIP
2024-02-07 16:15:00,unisender,email,"{16784957,20490049}",6 каверз
2024-02-08 08:15:00,vkontakte,social,{11587469},6 каверз
2024-02-08 10:06:00,telegram,social,"{12084195,16975267}",6 каверз
2025-01-12 17:43:00,telegram,social,{16529429},web-1401
2024-02-08 10:22:00,telegram,social,"{15549257,17146927,18114357}",6 каверз
2024-02-09 18:05:00,unisender,email,{16529727},6 каверз
2024-02-10 14:10:00,unisender,email,{17175813},HARD-SQL
2023-12-25 14:18:00,bot,free-course-pandas,{15954809},Sber-Веб
2024-03-10 08:10:00,telegram,bot-send,{6953413},08.03.2024
2024-03-10 12:43:00,unisender,email,{17264537},08.03.2024
2024-03-11 13:21:00,telegram,bot-send,"{17123457,17541177,18678281,21487554}",ROADMAP
2024-03-12 09:34:00,unisender,email,"{17162229,17554629,18678053,19001817}",20ideas
2024-03-12 09:34:00,unisender,email,"{17162229,17554629,18678053,19001817}",portfolio ideas
2024-03-12 09:47:00,unisender,email,"{17147699,17428973,17428975,18451713}",20ideas
2024-03-12 10:27:00,unisender,email,"{12578989,18222813}",20ideas
2024-03-12 11:05:00,telegram,bot-send,{16542771},20ideas
2024-03-12 11:18:00,telegram,bot-send,"{16561641,17151733}",20ideas
2024-03-12 12:03:00,telegram,bot-send,"{15946775,16785195,17577077}",20ideas
2024-02-21 09:22:00,unisender,email,"{16059185,19052623}",Workshop-RFM
2024-03-12 13:40:00,unisender,email,{5844181},20ideas
2024-03-12 19:21:00,telegram,bot-send,"{17150165,18698663}",20ideas
2024-03-13 21:41:00,telegram,social,"{17064877,17101475}",20ideas
2024-03-14 17:03:00,telegram,social,"{15970405,16774017}",20ideas
2024-03-15 17:03:00,unisender,email,"{17160445,17748333}",20ideas
2024-03-16 18:37:00,instagram,cpa,{11537905},Workshop-RFM
2024-03-16 18:47:00,telegram,social,{16069723},08.03.2024
2024-03-19 11:19:00,telegram,social,"{15948581,16764269}",Ads-metrics
2024-03-19 15:35:00,unisender,email,{9832301},20ideas
2024-03-19 15:40:00,unisender,email,{5799759},Ads-metrics
2024-03-20 08:41:00,telegram,social,"{15924193,17108465,22058459}",Ads-metrics
2024-03-20 14:18:00,telegram,bot-send,{16561627},20ideas
2024-03-21 07:29:00,unisender,email,{16857289},Ads-metrics
2024-03-21 10:34:00,,,{16008929},DA-TEST-START
2024-03-21 10:38:00,,,"{16002555,16784777}",DA-TEST-START
2024-03-21 11:48:00,,,"{15557477,16767411}",DA-TEST-START
2024-03-21 15:11:00,,,"{15921589,16766225,18451399}",DA-TEST-START
2024-03-25 09:33:00,telegram,social,{5825207},DA-TEST
2024-03-26 18:36:00,telegram,social,"{17162229,17554629,18678053,19001817}",DA-TEST
2024-03-27 10:16:00,telegram,social,{15930477},tinkoff-1
2024-03-27 10:17:00,telegram,social,"{16011643,19950481,20319115}",tinkoff-1
2024-03-27 10:44:00,telegram,bot-send,"{15555667,16762071}",tinkoff-1
2024-03-27 10:48:00,telegram,bot-send,"{15999339,16764375}",DA-TEST
2024-03-28 07:33:00,telegram,bot-send,{16764267},tinkoff-1
2024-03-29 11:19:00,unisender,email,{5825207},tinkoff-1
2024-04-10 06:16:00,telegram,bot-send,{16528793},Python-FREE
2024-04-15 12:06:00,telegram,bot-send,"{15922439,19436980,20455897}",Python-FREE
2024-04-15 21:24:00,telegram,bot-send,"{5802551,18648021}",Python-FREE
2024-04-24 10:45:00,telegram,bot-send,{16561627},abc-portfolio
2024-05-10 09:56:00,telegram,bot-send,"{16561367,16766579,16864685,19270727}",СОБЕС-ДЕМО
2024-05-10 10:33:00,,,{16463705},DA-TEST
2024-05-11 10:29:00,telegram,bot-send,"{16017013,16532045,18912267}",DA-TEST-START
2024-05-13 14:00:00,telegram,bot-send,{5799759},plan-python
2024-05-13 16:36:00,telegram,bot-send,"{9825095,19271961,25233199}",plan-python
2024-05-16 08:44:00,telegram,social,"{15924193,17108465,22058459}",Select-Materials
2024-05-17 09:57:00,material,big-selection-of-materials-for-testing-skills,"{16561769,17099415}",DA-TEST
2024-05-23 13:19:00,telegram,social,"{17123865,17560467,18878981}",20ideas
2024-06-06 11:48:00,vkontakte,social,{16957229},ROADMAP
2024-06-11 13:37:00,telegram,bot-send,"{17146067,20598005}",web_13_06
2024-06-11 15:48:00,unisender,email,{15921957},web_13_06
2024-07-03 12:07:00,telegram,bot-send,"{10654999,17558293}",student-project
2024-10-25 14:40:00,telegram,bot-send,{17160145},web-2910
2024-10-26 05:47:00,telegram,social,"{16084821,20106453}",web-2910
2024-10-26 08:23:00,unisender,email,{16510153},web-2910
2024-10-26 08:31:00,telegram,social,"{7710743,14717267}",web-2910
2024-10-26 10:16:00,telegram,social,"{15970405,16774017}",web-2910
2024-10-29 15:58:00,telegram,bot-send,"{16763135,17560101}",web-2910
2024-11-02 13:26:00,unisender,email,{16511641},web-0611
2024-11-02 13:49:00,telegram,bot-send,"{15999363,16775393}",web-0611
2023-12-26 17:55:00,,,"{17064877,17101475}",Заморозка
2024-11-12 15:23:00,telegram,bot-send,{16256923},web-1211
2024-11-12 15:57:00,telegram,bot-send,"{16001545,17165757}",web-1211
2024-11-13 23:07:00,telegram,social,"{16552793,17148487}",web-1211
2024-11-14 00:31:00,telegram,bot-send,{16256923},web-1211
2024-11-20 12:46:00,unisender,email,{5804161},Кейс-АЦ
2024-11-20 13:19:00,telegram,bot-send,"{17123447,19839367}",Кейс-АЦ
2024-11-20 14:51:00,telegram,bot-send,{15924401},Кейс-АЦ
2024-01-03 14:30:00,unisender,email,"{15549745,16778589}",Pandas-pre
2024-01-03 14:30:00,unisender,email,{17110453},Pandas-v2
2024-11-21 06:04:00,unisender,email,{10945781},Кейс-АЦ
2024-11-22 09:18:00,telegram,bot-send,"{17147699,17428973,17428975,18451713}",web-2611
2024-11-22 09:58:00,vkontakte,social,"{11787181,12343743,25212617}",web-2611
2024-11-22 13:36:00,telegram,social,"{17064877,17101475}",web-2611
2024-11-25 12:46:00,vkontakte,social,{16816361},PRODUCT-TEST
2024-11-25 14:06:00,telegram,social,"{16815989,19322542,20014965}",web-2611
2024-11-25 18:31:00,telegram,bot-send,{5844181},PRODUCT-TEST-START
2024-11-25 18:33:00,telegram,bot-send,{5844181},PRODUCT-TEST-START
2024-11-25 18:37:00,telegram,bot-send,"{5802551,18648021}",PRODUCT-TEST
2024-11-26 15:59:00,telegram,social,"{7710743,14717267}",web-2611
2024-11-29 09:06:00,telegram,social,"{15621747,16768801}",web-0412
2024-11-29 09:13:00,telegram,bot-send,{16003201},web-0412
2024-12-01 16:17:00,unisender,email,"{15895095,16011643,19032967}",web-0412
2024-12-13 12:15:00,telegram,bot-send,"{15999363,16775393}",web-1712
2024-01-17 10:46:00,telegram,bot-send,{16979047},Pandas-pre
2024-01-17 15:26:00,unisender,email,"{15548445,17102057}",Pandas-v3
2024-12-14 19:17:00,telegram,bot-send,{15585685},web-1712
2024-03-10 12:08:00,telegram,bot-send,{5820699},08.03.2024
2025-01-14 15:22:00,telegram,social,{15930477},web-1401
2025-01-16 05:57:00,telegram,bot-send,{16045707},web-1401
2024-09-17 16:09:00,telegram,bot-send,{17060195},become-bi
2023-12-12 13:26:00,unisender,email,{8346889},Кейс-АЦ
2023-12-15 10:08:00,,,{16741325},Pandas
2023-12-29 07:02:00,telegram,bot,"{17146035,17191367}",Студент
2024-01-05 22:57:00,bot,analytics-pandas-python,{16816881},Pandas-v2
2024-05-10 17:16:00,unisender,email,"{17147401,17177859}",DA-TEST-START
2024-05-27 07:21:00,telegram,social,{13166349},Python-FREE
2024-06-04 11:43:00,telegram,social,"{11787181,12343743,25212617}",plan-python
2024-06-11 14:09:00,unisender,email,{17089011},student-project
2024-06-17 08:48:00,telegram,bot-send,{16842355},КАРЬЕРНЫЙ
2024-06-17 08:49:00,telegram,bot-send,{16740831},КАРЬЕРНЫЙ
2024-06-17 11:16:00,telegram,social,"{15908653,16763405}",КАРЬЕРНЫЙ
2024-06-18 11:25:00,unisender,email,"{12578989,18222813}",SPEC-DA-TEST-START
2024-06-18 13:49:00,unisender,email,{2494413},SPEC-DA-TEST
2024-07-03 11:18:00,telegram,social,"{17123865,17560467,18878981}",PRODUCT-TEST
2024-07-23 16:29:00,telegram,social,"{15924193,17108465,22058459}",web_23_07
2024-08-12 12:11:00,,,"{17151209,19295911,21692221}",Экскурсия
2024-09-04 11:46:00,telegram,bot-send,"{16774955,18347079}",become-analyst
2024-09-24 16:03:00,unisender,email,{17098575},web-2409
2024-10-02 14:45:00,,,{16541723},Python-FREE
2024-10-03 12:34:00,telegram,social,"{16003159,18616975}",web-geo-analyt
2024-10-03 12:55:00,telegram,social,"{11787181,12343743,25212617}",web-geo-analyt
2024-10-05 10:46:00,telegram,bot-send,"{17124341,17323493,18223273}",web-geo-analyt
2024-10-05 18:19:00,yandex,cpc,{11789383},DA-TEST-START
2024-10-05 18:35:00,yandex,cpc,{11789383},DA-TEST
2024-10-07 15:09:00,telegram,paid-placement,"{17156637,20605369,20764479}",web-geo-analyt
2024-10-08 09:02:00,telegram,social,{11980183},web-geo-analyt
2024-10-08 09:55:00,telegram,social,{12367367},web-geo-analyt
2024-01-29 09:21:00,,,{16740831},Pandas-pre
2024-10-10 12:19:00,telegram,bot-send,{17060195},web-power-bi
2024-10-15 12:47:00,telegram,bot-send,"{10787621,16772781}",web-power-bi
2024-02-10 14:52:00,telegram,social,"{15999793,17100049,18568773}",6 каверз
2024-10-29 17:30:00,telegram,social,{15538843},web-2910
2024-11-02 09:20:00,unisender,email,"{16287273,16767225}",web-0611
2024-11-02 09:22:00,telegram,bot-send,{16003201},web-0611
2024-11-08 08:30:00,telegram,bot-send,"{15922439,19436980,20455897}",web-1211
2023-12-16 10:57:00,unisender,email,"{5814679,20781819}",Pandas
2023-12-16 11:32:00,telegram,itresume,{15923745},HARD-SQL
2024-01-17 12:11:00,unisender,email,"{16785101,17610155}",Pandas-VIP
2024-02-20 18:00:00,telegram,bot-send,{5845449},Workshop-RFM
2024-02-22 08:03:00,telegram,bot-send,{16603359},Студент
2024-03-09 08:01:00,unisender,email,{5825207},08.03.2024
2024-03-19 10:17:00,unisender,email,{2494413},Ads-metrics
2024-01-17 13:20:00,unisender,email,"{9343497,22856197,25323757}",Pandas-pre
2024-09-24 16:37:00,unisender,email,"{2200671,5806435,18084533,20586583}",web-2409
2023-12-13 08:05:00,bot,sql-product-metrics,{16749391},LTV-Веб
2024-01-18 04:53:00,unisender,email,"{15548445,17102057}",Pandas-v3
2024-01-18 04:53:00,unisender,email,"{15548445,17102057}",Pandas-v3
2024-03-19 12:17:00,unisender,email,"{15924235,17743009}",Ads-metrics
2024-03-21 09:49:00,,,"{8597793,15922723,17127455}",DA-TEST-START
2025-01-28 16:05:00,telegram,paid-placement,"{2200671,5806435,18084533,20586583}",web-2801
2025-01-28 16:05:00,telegram,paid-placement,{16996099},web-2801
2024-03-22 18:30:00,,,{15932451},DA-TEST
2024-03-27 17:35:00,unisender,email,"{17147699,17428973,17428975,18451713}",tinkoff-1
2024-04-02 17:08:00,unisender,email,{16930131},tinkoff-1
2024-04-15 12:53:00,unisender,email,{16841379},Python-FREE
2024-04-16 08:42:00,unisender,email,{17167117},SQL-16-04-24
2024-05-23 15:23:00,telegram,bot-send,"{9649707,18908843,24129719}",20ideas
2024-11-13 22:54:00,telegram,social,"{15942213,16974953,20010059}",web-1211
2024-11-13 22:56:00,telegram,paid-placement,{16820111},web-1211
2024-11-18 16:06:00,telegram,social,"{16163271,16222289}",HARD-SQL
2024-11-19 10:25:00,admitad,,{15873001},Python-FREE
2024-11-25 12:19:00,unisender,email,{16037581},PRODUCT-TEST-START
2024-11-26 11:04:00,unisender,email,{16582491},web-2611
2024-11-26 12:43:00,telegram,social,{13904427},web-2611
2024-11-29 11:04:00,telegram,paid-placement,"{16572479,17133213}",Кейс-АЦ
2024-11-29 11:53:00,telegram,bot-send,{2199985},web-0412
2024-12-03 10:35:00,telegram,paid-placement,"{11787181,12343743,25212617}",web-0412
2024-12-11 09:51:00,unisender,email,{5807709},web-1112
2024-12-11 18:26:00,telegram,bot-send,"{15943891,16773887}",Студент
2023-12-13 10:26:00,unisender,email,{16003161},LTV-Веб
2024-12-13 09:30:00,telegram,bot-send,"{15995043,16764165,18222859}",web-1712
2024-12-17 14:02:00,telegram,bot-send,"{16003565,17553527,17829067,20886197,22364977,23647487,24161655}",web-1712
2024-12-17 15:11:00,telegram,social,"{17146067,20598005}",web-1712
2023-12-19 13:38:00,unisender,email,{16978579},Pandas-v1
2023-12-19 13:50:00,,,"{16978917,16978919}",Pandas-pre
2024-12-17 16:08:00,telegram,bot-send,{15924251},web-1712
2024-12-17 16:08:00,telegram,bot-send,{15916845},web-1712
2024-12-17 16:26:00,telegram,bot-send,"{8853445,19554774}",web-1712
2024-12-20 10:07:00,telegram,paid-placement,"{15708039,16764909,23523293}",web-2412
2024-12-20 10:17:00,telegram,social,{15930477},web-2412
2024-12-23 05:29:00,telegram,bot-send,{15924401},web-2412
2024-12-24 15:15:00,unisender,email,{16037581},web-2412
2025-01-01 10:36:00,telegram,bot-send,"{8853445,19554774}",Студент
2025-01-10 10:05:00,telegram,social,{16008929},web-1401
2025-01-15 15:08:00,telegram,social,"{16003565,16764873,17290925,17553527,17829067,19544884,19867361,20886197,24161655,24395845}",Ads-metrics
2025-01-15 18:19:00,telegram,social,{15569323},Ads-metrics
2024-01-12 15:50:00,telegram,itresume,"{17220445,17493701}",Студент
2025-01-17 12:04:00,telegram,paid-placement,"{11787181,12343743,25212617}",autoweb-yandex
2025-01-17 12:27:00,unisender,email,"{15208695,17145269,21719045}",web-2101
2025-01-17 13:15:00,telegram,social,"{9349901,18448353}",web-2101
2025-01-19 15:41:00,telegram,paid-placement,{11587469},web-2101
2025-01-19 17:48:00,unisender,email,{15932451},web-2101
2024-01-16 11:05:00,telegram,itresume,{16864421},Pandas-pre
2025-01-19 22:04:00,vkontakte,social,{16078217},web-2611
2025-01-20 03:32:00,telegram,social,"{9825095,23710543}",Ads-metrics
2025-01-21 04:23:00,unisender,email,"{16784957,20490049}",Ads-metrics
2025-01-21 04:24:00,telegram,bot-send,"{16784957,20490049}",web-2101
2025-01-21 10:46:00,unisender,email,{16200535},web-2101
2025-01-21 14:00:00,telegram,bot-send,{15536401},web-2101
2025-01-21 15:37:00,telegram,bot-send,{16292997},web-2101
2025-01-21 15:52:00,telegram,bot-send,"{15581307,18895045,25753591}",web-2101
2025-01-21 15:57:00,telegram,paid-placement,{16764879},web-2101
2025-01-21 16:12:00,telegram,bot-send,"{8853445,19554774}",web-2101
2024-02-07 12:44:00,unisender,email,{15378039},6 каверз
2024-02-07 13:55:00,unisender,email,"{16066779,16770183}",6 каверз
2024-02-07 19:36:00,unisender,email,"{16002315,17136577,18651907,18658731,19040861}",6 каверз
2025-01-22 06:24:00,telegram,paid-placement,{5825307},autoweb-yandex
2024-02-28 08:04:00,telegram,social,{15569323},Студент
2024-02-28 08:21:00,partner,cpa,"{15903385,16766413,18515647}",Экскурсия
2025-01-22 11:17:00,telegram,social,"{16228633,16771429}",web-2101
2025-01-22 11:32:00,telegram,social,"{16815413,17006383,17006385}",portfolio ideas
2025-01-22 13:48:00,telegram,social,"{17099545,17756329,18078281}",portfolio ideas
2025-01-22 15:27:00,telegram,social,{16529295},portfolio ideas
2025-01-22 15:27:00,telegram,social,{15922633},portfolio ideas
2025-01-22 15:36:00,telegram,paid-placement,"{15549257,17146927,18114357}",autoweb-yandex
2025-01-22 15:36:00,telegram,bot-send,"{15549257,17146927,18114357}",web-2101
2025-01-22 19:00:00,telegram,social,"{16002555,16784777}",portfolio ideas
2025-01-24 08:58:00,telegram,bot-send,{17105135},web-2801
2025-01-24 10:48:00,telegram,social,"{17146067,20598005}",web-2801
2025-01-24 15:32:00,telegram,bot-send,{11264135},web-2801
2025-01-28 08:54:00,telegram,bot-send,"{17146579,24244743}",web-2801
2025-01-28 11:22:00,telegram,social,"{15882917,17164025}",HARD-SQL
2025-01-28 15:52:00,telegram,social,"{16815413,17006383,17006385}",web-2801
2025-01-28 16:05:00,telegram,bot-send,{16784739},web-2801
2025-01-28 16:43:00,telegram,paid-placement,{16527467},web-2801
2025-01-31 09:24:00,telegram,social,{16001333},web-0502
2024-05-23 09:54:00,telegram,social,"{15970405,16774017}",20ideas
2024-01-03 20:15:00,bot,free-course-pandas,{15954809},Pandas-v2
2024-01-04 07:40:00,unisender,email,"{16785101,17610155}",Pandas-v2
2024-01-04 08:08:00,unisender,email,"{15995043,16764165,18222859}",Pandas-pre
2024-01-04 08:08:00,unisender,email,"{15995043,16764165,18222859}",Pandas-v2
2024-01-04 10:39:00,bot,events-simulative,{17034101},Pandas-pre
2024-01-04 11:10:00,,,"{15922439,19436980,20455897}",Pandas-pre
2024-01-04 18:11:00,bot,events-simulative,{16057487},НГ-Оплата
2024-01-07 12:32:00,,,"{15667785,18847199,19503222}",Заморозка
2024-01-08 17:47:00,bot,free-course-pandas,{16087433},Оплата
2024-01-11 18:52:00,bot,testovoe-ozon,{15922423},Pandas-pre
2024-01-16 10:24:00,unisender,email,{17033243},Pandas-pre
2024-01-16 10:39:00,unisender,email,{16978579},Pandas-v3
2024-01-16 11:29:00,unisender,email,{8346889},Pandas-pre
2024-01-16 12:39:00,telegram,bot-send,"{15916041,18583517}",Pandas-pre
2024-01-16 14:05:00,unisender,email,"{16766369,17160145,17556815}",Pandas-v3
2024-01-17 08:54:00,telegram,bot-send,{15270129},Pandas-pre
2024-01-17 17:06:00,unisender,email,"{16815413,17006383,17006385}",Pandas-v3
2024-01-17 19:01:00,unisender,email,{15960225},Pandas-v3
2024-01-24 07:05:00,pyth0n_er,,"{11787181,12343743,25212617}",Workshop-RFM
2024-01-24 11:24:00,unisender,email,"{16741423,18595441}",Workshop-RFM
2024-01-24 15:19:00,telegram,social,{16857289},Workshop-RFM
2024-01-24 16:41:00,telegram,python-chat,"{5800233,16764845}",Workshop-RFM
2024-01-25 00:19:00,telegram,pandas-chat,"{17162229,17554629,18678053,19001817}",Workshop-RFM
2024-01-25 01:20:00,telegram,social,"{16084821,20106453}",Workshop-RFM
2024-01-25 07:08:00,bot,cpc,{15941867},Студент
2024-01-25 07:24:00,telegram,social,{16033989},Workshop-RFM
2024-01-25 07:39:00,python_job_interview,,{15588591},Workshop-RFM
2024-01-25 08:59:00,devsp,,"{16060763,22961007}",Workshop-RFM
2024-01-25 09:36:00,telegram,social,{15924195},Workshop-RFM
2024-05-28 09:55:00,telegram,bot-send,"{16572045,22960543}",DA-TEST-START
2025-01-21 16:15:00,telegram,bot-send,{16257629},web-2101
2024-01-16 11:44:00,unisender,email,"{15548445,17102057}",Pandas-v3
2025-01-21 16:16:00,webinar,livedigital,{16924767},Web-Book
2025-01-21 16:17:00,telegram,bot-send,"{7710743,14717267}",web-2101
2025-01-21 16:19:00,telegram,bot-send,"{7710743,14717267}",web-2101
2025-01-21 16:21:00,unisender,email,{15935273},web-2101
2025-01-21 16:21:00,unisender,email,{15935273},web-2101
2025-01-21 16:23:00,telegram,bot-send,"{15995043,16764165,18222859}",web-2101
2025-01-21 16:25:00,telegram,paid-placement,{17034101},web-2101
2025-01-21 16:28:00,unisender,email,"{17146903,20603317}",web-2101
2025-01-21 16:29:00,telegram,social,{15556555},web-2101
2025-01-21 16:30:00,telegram,bot-send,"{16774955,18347079}",web-2101
2025-01-21 16:35:00,unisender,email,"{15591603,16773121,18378405}",web-2101
2025-01-21 16:47:00,telegram,bot-send,{16256923},web-2101
2025-01-21 16:47:00,telegram,bot-send,{16256923},web-2101
2025-01-21 16:48:00,telegram,bot-send,{16256923},web-2101
2024-04-04 11:09:00,telegram,bot-send,"{15581307,18895045,25753591}",abc-portfolio
2025-01-21 17:02:00,telegram,social,"{16815413,17006383,17006385}",web-2101
2025-01-21 17:02:00,telegram,social,"{16815413,17006383,17006385}",web-2101
2025-01-21 17:05:00,telegram,social,"{16815413,17006383,17006385}",web-2101
2025-01-21 17:06:00,telegram,social,"{5840561,16823375,17195057}",web-2101
2025-01-21 17:06:00,telegram,social,"{16287273,16767225}",abc-portfolio
2025-01-21 17:07:00,telegram,social,"{16815413,17006383,17006385}",web-2101
2025-01-21 17:14:00,telegram,bot-send,"{15921749,16695207,16773339}",web-2101
2025-01-21 17:17:00,telegram,bot-send,"{16815413,17006383,17006385}",web-2101
2024-05-17 19:06:00,,,"{16531399,16771081}",Python-FREE
2025-01-21 17:24:00,telegram,bot-send,{16748657},web-2101
2025-01-21 17:33:00,site,,"{17000877,18084425,20490435,22069703,24667759}",Студент
2025-01-21 17:42:00,telegram,paid-placement,{11587469},web-2101
2025-01-21 17:44:00,telegram,bot-send,{15536401},web-2101
2025-01-21 18:16:00,telegram,paid-placement,{11587469},web-2101
2025-01-21 18:17:00,telegram,paid-placement,{11587469},web-2101
2025-01-21 19:08:00,telegram,bot-send,"{9164281,17166441}",web-2101
2025-01-22 09:26:00,telegram,social,"{8887233,16766255}",web-2101
2025-01-22 11:32:00,telegram,social,"{17143617,20730839}",portfolio ideas
2025-01-22 11:38:00,telegram,social,{16287433},portfolio ideas
2025-01-23 09:09:00,telegram,bot-send,{11464607},portfolio ideas
2025-01-23 09:09:00,telegram,bot-send,{15548917},portfolio ideas
2023-12-22 12:57:00,telegram,,{16857289},Pandas-v1
2025-01-23 09:17:00,telegram,bot-send,"{17128911,20600771}",portfolio ideas
2025-01-23 14:18:00,telegram,bot-send,"{17160445,17748333}",portfolio ideas
2025-01-23 14:32:00,telegram,paid-placement,{17176185},autoweb-yandex
2025-01-23 15:03:00,telegram,paid-placement,"{16815413,17006383,17006385}",autoweb-yandex
2025-01-28 16:42:00,telegram,paid-placement,{16527467},web-2801
2025-01-28 16:43:00,unisender,email,{5807709},web-2801
2025-01-30 09:03:00,telegram,social,"{16762011,16816349}",research
2025-01-30 09:03:00,telegram,social,{15556555},research
2025-01-30 09:19:00,telegram,bot-send,"{17149715,19953343,20314445}",research
2025-01-30 09:32:00,telegram,bot-send,{15922837},research
2025-01-30 10:16:00,unisender,email,{16015601},research
2025-01-30 10:50:00,bot,testovoe-ozon,"{16978917,16978919}",portfolio ideas
2025-01-30 10:51:00,telegram,bot-send,"{16833065,18771457}",research
2025-01-30 14:46:00,vkontakte,social,{17177743},research
2025-01-31 01:41:00,unisender,email,{16547969},research
2025-01-31 01:41:00,telegram,bot-send,{16547969},research
2025-01-31 10:05:00,unisender,email,"{15895095,16011643,19032967}",research
2025-01-31 10:42:00,telegram,bot-send,{16257235},web-0502
2025-01-31 12:03:00,telegram,bot-send,"{16789437,16819743}",web-0502
2025-01-31 12:45:00,unisender,email,{17175813},research
2025-01-31 13:05:00,unisender,email,{16603359},web-0502
2025-01-31 17:55:00,telegram,social,"{2200671,5806435,18084533,20586583}",web-0502
2023-12-13 11:10:00,telegram,,{15930477},LTV-Веб
2023-12-28 08:58:00,Unisender,email,"{16774081,17032641}",Pandas-v2
2024-01-05 18:12:00,bot,free-course-pandas,{16287433},Pandas-pre
2024-03-12 11:08:00,telegram,bot-send,"{15889391,16766247,19329846,20771041}",portfolio ideas
2023-12-24 20:23:00,Unisender,email,"{17064877,17101475}",Pandas-VIP
2023-12-28 19:26:00,telegram,,"{17220445,17493701}",Pandas-v2
2024-03-19 10:50:00,telegram,social,{16770865},Ads-metrics
2024-01-04 00:37:00,Unisender,email,"{16003791,16767769}",Pandas-v2
2024-01-04 11:05:00,bot,events-simulative,"{11014471,18361379}",Pandas-pre
2024-01-11 14:45:00,,,{17105135},Pandas-v3
2024-01-11 18:53:00,bot,testovoe-ozon,{15922423},Pandas-v3
2024-01-12 22:39:00,,,{16816361},Pandas-v3
2024-01-25 12:19:00,telegram,pandas-chat,"{17064877,17101475}",Workshop-RFM
2024-01-25 12:29:00,telegram,social,"{15560051,16754921}",Workshop-RFM
2024-01-25 15:12:00,telegram,pandas-chat,"{17123457,17541177,18678281,21487554}",Workshop-RFM
2024-01-25 15:23:00,telegram,pandas-chat,"{17129421,17562213}",Workshop-RFM
2024-04-09 10:34:00,telegram,bot-send,{16051969},Python-FREE
2024-06-20 17:37:00,unisender,email,{17176185},МК-Python
2024-04-11 08:34:00,unisender,email,{15744043},Python-FREE
2024-08-06 17:54:00,telegram,paid-placement,{17145927},web-resume
2024-10-02 09:22:00,telegram,bot-send,"{16011643,16871171,19092417}",lottery
2024-10-02 09:22:00,unisender,email,"{16520771,21705141}",lottery
2024-10-02 09:22:00,telegram,bot-send,"{15924235,17743009}",lottery
2024-10-02 09:23:00,telegram,bot-send,"{16003335,16767837}",lottery
2024-10-02 09:24:00,telegram,bot-send,"{11929247,16765787,18772107}",lottery
2024-10-02 09:24:00,telegram,bot-send,"{15942213,16974953,20010059}",lottery
2024-10-02 09:24:00,unisender,email,{15923167},lottery
2024-10-02 09:27:00,telegram,bot-send,"{16570977,18237375}",lottery
2024-10-02 09:27:00,telegram,bot-send,"{17147699,17428973,17428975,18451713}",lottery
2024-10-02 09:29:00,telegram,bot-send,{15564527},lottery
2024-10-02 09:29:00,telegram,bot-send,{16739833},lottery
2024-10-02 09:33:00,telegram,bot-send,{16841379},lottery
2024-10-02 09:35:00,telegram,social,"{9164281,17166441}",lottery
2024-10-02 09:35:00,telegram,social,"{899109,18648001}",lottery
2024-10-02 09:42:00,unisender,email,{15922837},lottery
2024-10-02 09:46:00,telegram,bot-send,"{17000877,18084425,20490435,22069703,24667759}",lottery
2024-10-15 13:22:00,telegram,bot-send,{5799759},web-power-bi
2024-10-27 09:37:00,telegram,social,"{17156637,20605369,20764479}",web-2910
2024-10-27 10:23:00,unisender,email,{17130693},web-2910
2024-10-29 08:12:00,telegram,bot-send,"{16815413,17006383,17006385}",web-2910
2024-10-29 14:47:00,telegram,bot-send,{16299591},web-2910
2024-10-29 16:07:00,telegram,bot-send,"{16815413,17006383,17006385}",web-2910
2024-07-19 09:58:00,telegram,social,{16784739},web_23_07
2024-07-23 16:22:00,telegram,bot-send,"{10787621,16772781}",web_23_07
2024-10-29 18:28:00,telegram,bot-send,{12022681},web-2910
2024-11-02 09:02:00,telegram,social,{11989079},web-0611
2024-11-02 09:18:00,telegram,bot-send,{16299591},web-0611
2024-11-02 11:06:00,telegram,bot-send,"{15895095,21196294,21339476}",web-0611
2024-11-02 11:48:00,unisender,email,"{5800343,16767323}",web-0611
2024-11-02 11:55:00,telegram,bot-send,"{16084991,16977925,18659265}",web-0611
2024-11-02 17:27:00,vlontakte,social,{17177743},web-0611
2024-11-06 16:02:00,telegram,paid-placement,"{15943993,16768259}",web-0611
2024-11-06 17:12:00,unisender,email,"{15928337,19015561,19024235}",web-0611
2024-11-08 09:34:00,telegram,bot-send,"{15571275,17145655}",web-1211
2023-12-13 16:24:00,youtube,webinar,{16816361},Экскурсия
2023-12-13 16:25:00,youtube,webinar,"{14972525,16762689,16816411,18568901}",Экскурсия
2023-12-13 16:37:00,bot,vebinar-simulative,{9832301},LTV-Веб
2024-11-12 10:02:00,bloger,post,"{15916041,18583517}",web-1211
2024-11-12 16:03:00,telegram,social,"{15208695,17145269,21719045}",web-1211
2023-12-19 12:20:00,unisender,email,"{15549745,16778589}",Pandas-pre
2024-11-13 22:54:00,telegram,paid-placement,{12349789},web-1211
2024-11-13 23:34:00,telegram,paid-placement,"{16312435,19011609}",web-1211
2024-11-13 23:42:00,telegram,social,"{7710743,14717267}",web-1211
2024-11-18 17:54:00,telegram,social,"{16570977,18237375}",HARD-SQL
2024-11-18 17:54:00,telegram,social,"{16570977,18237375}",HARD-SQL
2024-11-20 17:14:00,telegram,bot-send,{15920135},Кейс-АЦ
2024-11-21 20:16:00,telegram,bot-send,{15566497},Кейс-АЦ
2024-12-24 15:44:00,telegram,social,"{16003565,17553527,17829067,20886197,22364977,23647487,24161655}",web-2412
2024-11-13 23:24:00,telegram,social,{15538843},web-1211
2024-09-16 09:08:00,bloger,post,{11074775},become-bi
2024-09-04 09:45:00,telegram,bot-send,"{17147699,17428973,17428975,18451713}",become-analyst
2024-10-10 12:11:00,unisender,email,"{15950709,16529323,16770067}",web-power-bi
2024-06-24 16:05:00,telegram,bot-send,{15996447},Ozon-25-06
2024-08-16 12:57:00,telegram,bot-send,{15417229},ROADMAP
2024-08-21 11:04:00,telegram,bot-send,{17005839},plan-python
2024-06-20 11:22:00,telegram,bot-send,{16489279},МК-Python
2024-01-24 16:15:00,telegram,pandas-chat,"{16531341,16775575}",Workshop-RFM
2025-01-31 10:48:00,telegram,bot-send,"{15970405,16774017}",web-0502
2023-12-20 08:49:00,unisender,email,"{17000877,18084425,20490435,22069703,24667759}",Pandas-v1
2024-01-17 08:22:00,Unisender,email,"{16003791,16767769}",Pandas-v3
2024-02-29 03:25:00,unsender,email,{15566497},HARD-SQL
2024-03-07 08:24:00,unisender,email,"{16864161,18675121}",LTV-Веб
2024-09-10 16:05:00,telegram,social,{16287433},become-analyst
2024-09-10 16:05:00,telegram,social,{16287433},become-analyst
2023-12-26 04:54:00,bot,events-simulative,{16857289},Sber-Веб
2024-11-18 19:17:00,telegram,social,"{15208695,17145269,21719045}",HARD-SQL
2023-12-20 12:07:00,unisender,email,{16527467},Pandas-v1
2024-12-04 08:12:00,telegram,bot-send,"{15921749,16695207,16773339}",web-0412
2023-12-26 07:45:00,bot,live-course-sql,{14712829},Pandas-v2
2024-12-24 16:05:00,telegram,bot-send,"{16743379,19453462,21000955}",web-2412
2025-01-22 11:50:00,telegram,social,{16001333},portfolio ideas
2025-01-22 13:45:00,telegram,paid-placement,"{11787181,12343743,25212617}",autoweb-yandex
2025-01-22 14:46:00,telegram,social,"{16281907,16792385}",portfolio ideas
2025-01-22 14:55:00,telegram,paid-placement,"{17146067,20598005}",autoweb-yandex
2025-01-22 15:03:00,telegram,paid-placement,"{16815413,17006383,17006385}",autoweb-yandex
2025-01-22 16:42:00,telegram,paid-placement,{16762351},web-2101
2025-01-22 17:40:00,telegram,social,"{5809673,6441653,19725721,24714571}",portfolio ideas
2025-01-24 08:23:00,telegram,bot-send,"{8853445,19554774}",web-2801
2025-01-24 09:21:00,telegram,social,{16057487},web-2801
2024-03-05 12:46:00,unisender,email,{16857289},ROADMAP
2024-03-14 09:04:00,unisender,email,{5807709},6 каверз
2024-06-13 11:37:00,telegram,social,{16104917},web_13_06
2024-05-03 18:46:00,telegram,social,{16529035},Python-FREE
2024-01-03 08:11:00,bot,events-simulative,{15927361},Pandas-v2
2024-01-16 13:51:00,unisender,email,"{9347081,17154923}",Pandas-pre
2024-01-16 15:25:00,telegram,bot-send,{16857289},Pandas-v3
2024-01-16 15:26:00,telegram,bot-send,"{17151787,17558471,21456436,21502670,21566010}",Pandas-pre
2024-01-16 17:10:00,unisender,email,"{15667785,18847199,19503222}",Pandas-pre
2024-01-17 15:56:00,,,"{15557477,16767411}",Pandas-v3
2024-01-18 15:41:00,telegram,,{15999087},Pandas-v3
2024-01-22 08:32:00,telegram,bot-send,"{8887233,16766255}",Pandas-pre
2024-01-24 13:34:00,telegram,social,{5799545},Workshop-RFM
2024-01-24 13:55:00,telegram,social,{15930477},Workshop-RFM
2024-01-25 05:57:00,telegram,pandas-chat,"{15921749,16695207,16773339}",Workshop-RFM
2024-01-25 06:20:00,telegram,pandas-chat,"{15942213,16974953,20010059}",Workshop-RFM
2024-01-25 16:04:00,telegram,social,"{17146035,17191367}",Workshop-RFM
2024-01-25 16:04:00,telegram,social,"{17146035,17191367}",Workshop-RFM
2024-06-11 07:38:00,telegram,bot-send,{11766391},student-project
2024-01-25 16:12:00,telegram,social,{16529727},Workshop-RFM
2024-01-25 19:30:00,telegram,bot,"{9164281,17166441}",Оплата
2024-01-25 21:06:00,telegram,social,{16816361},Оплата
2024-01-25 22:54:00,telegram,social,{16814977},Workshop-RFM
2024-01-26 07:48:00,vkontakte,,"{16275885,17101289,24452351}",Студент
2024-01-26 08:56:00,telegram,bot,{15996447},Оплата
2024-01-26 08:57:00,telegram,bot,{15996447},Оплата
2024-01-26 14:04:00,telegram,bot,"{16066779,16770183}",Заморозка
2024-06-13 08:09:00,telegram,bot-send,{17060195},web_13_06
2024-01-26 14:40:00,telegram,bot,"{15927075,16695207,16773339,17310203,17631349,18418999,23553585}",Заморозка
2024-01-26 19:49:00,,,{16816361},Оплата
2024-01-26 20:08:00,telegram,bot,"{9164281,17166441}",Студент
2024-01-27 02:49:00,bot,events-simulative,"{16766369,17160145,17556815}",Pandas-v3
2024-01-27 02:49:00,bot,events-simulative,"{16766369,17160145,17556815}",Pandas-pre
2024-01-27 07:54:00,telegram,bot-send,"{16003565,16764873,17290925,17553527,17829067,19544884,19867361,20886197,24161655,24395845}",Pandas-v3
2024-01-27 07:54:00,telegram,bot-send,"{16003565,16764873,17290925,17553527,17829067,19544884,19867361,20886197,24161655,24395845}",Pandas-pre
2024-01-28 07:46:00,telegram,bot-send,"{16003565,16764873,17290925,17553527,17829067,19544884,19867361,20886197,24161655,24395845}",Pandas-v3
2024-01-28 07:46:00,telegram,bot-send,"{16003565,16764873,17290925,17553527,17829067,19544884,19867361,20886197,24161655,24395845}",Pandas-pre
2024-01-28 11:58:00,telegram,bot,"{15667785,18847199,19503222}",Заморозка
2024-01-28 12:11:00,telegram,bot,"{15667785,18847199,19503222}",Заморозка
2024-01-28 14:00:00,,,{15564527},Pandas-v3
2024-01-28 14:03:00,,,{15564527},Pandas-v3
2024-01-28 16:33:00,telegram,bot-send,"{16003565,17553527,17829067,20886197,22364977,23647487,24161655}",Pandas-v3
2024-01-28 16:34:00,telegram,bot-send,"{16003565,16764873,17290925,17553527,17829067,19544884,19867361,20886197,24161655,24395845}",Pandas-pre
2024-01-28 16:34:00,telegram,bot-send,"{16003565,16764873,17290925,17553527,17829067,19544884,19867361,20886197,24161655,24395845}",Pandas-v3
2024-01-29 08:17:00,telegram,bot-send,"{8887233,16766255}",Pandas-pre
2024-01-29 09:14:00,,,{14763967},Pandas-v3
2024-01-29 09:14:00,,,{14763967},Pandas-pre
2024-01-29 09:21:00,,,{16740831},Pandas-v3
2024-01-29 09:23:00,,,{16740831},Pandas-pre
2023-12-26 10:58:00,bot,events-simulative,{14712829},Sber-Веб
2024-01-31 21:17:00,telegram,itresume,{16005629},6 каверз
2024-02-01 07:22:00,,,{16001333},Студент
2024-02-01 07:23:00,bot,cpc,{16270415},Студент
2024-02-01 14:07:00,bot,sql-product-metrics,{12367367},6 каверз
2024-02-02 15:06:00,instagram,cpa,{16051969},Workshop-RFM
2024-02-03 14:16:00,instagram,cpa,"{16060763,22961007}",Workshop-RFM
2024-02-03 18:49:00,telegram,pandas-chat,{17175813},Workshop-RFM
2024-03-28 07:50:00,telegram,bot-send,{15929783},tinkoff-1
2024-02-07 11:19:00,unisender,email,{5800297},6 каверз
2024-02-07 11:20:00,unisender,email,"{15667785,18847199,19503222}",6 каверз
2024-02-07 11:22:00,unisender,email,"{15924235,17743009}",6 каверз
2024-02-07 11:32:00,unisender,email,"{15545853,24411065,24447353}",6 каверз
2024-02-07 11:37:00,unisender,email,{15539831},Студент
2024-02-07 13:10:00,unisender,email,"{8887233,16766255}",6 каверз
2024-02-20 19:36:00,unisender,email,"{12089567,16764831,16764843}",Workshop-RFM
2024-02-21 10:59:00,unsender,email,{8346889},HARD-SQL
2024-02-21 19:00:00,vkontakte,cpc,"{16766403,17180005,18352763,18371345,18522335}",Workshop-RFM
2024-03-10 09:45:00,unisender,email,"{16762569,18846263}",08.03.2024
2024-03-10 12:38:00,telegram,bot-send,"{17151345,17232163,19399386}",08.03.2024
2024-03-12 12:51:00,unisender,email,"{2200671,5806435,18084533,20586583}",20ideas
2024-03-13 11:49:00,,,"{17122293,18713659}",itresume
2024-03-26 08:40:00,telegram,bot-send,"{17150867,17177837}",20ideas
2024-03-27 15:19:00,telegram,,{13166349},Кейс-АЦ
2024-04-05 12:54:00,telegram,social,"{17146215,17146219,17177795}",SPEC-DA-TEST-START
2024-04-11 12:43:00,telegram,bot-send,{5986731},DA-TEST
2023-12-13 18:18:00,telegram,,"{15560051,16754921}",Кейс-АЦ
2024-04-18 06:44:00,telegram,bot-send,"{12089567,16764831,16764843}",Python-FREE
2024-04-18 06:44:00,,,"{12089567,16764831,16764843}",Python-FREE
2024-04-27 03:47:00,telegram,social,"{15548959,16763825,18256737,19434630}",abc-portfolio
2024-05-14 08:52:00,unisender,email,{16957229},plan-python
2024-05-21 06:21:00,telegram,bot-send,"{15708039,16764909,23523293}",plan-python
2024-05-22 05:40:00,telegram,social,{15929783},Select-Materials
2024-06-01 05:28:00,telegram,bot-send,"{9649707,18908843,24129719}",20ideas
2024-06-04 14:39:00,telegram,bot-send,{16529727},plan-python
2024-06-09 10:55:00,telegram,bot-send,"{16744437,20683779,21610186}",web_13_06
2024-06-09 13:29:00,unisender,email,"{11088915,12130285}",web_13_06
2024-06-10 11:48:00,partner,itresume,"{16520771,21705141}",6 каверз
2024-06-11 07:35:00,telegram,bot-send,"{15548959,16763825,18256737,19434630}",student-project
2024-06-11 08:11:00,unisender,email,"{16774081,17032641}",student-project
2024-06-13 05:33:00,telegram,bot-send,"{16531399,16771081}",student-project
2024-06-13 10:42:00,telegram,social,"{17099545,17756329,18078281}",web_13_06
2024-07-16 09:59:00,telegram,bot-send,"{15928661,23819030}",КАРЬЕРНЫЙ
2024-07-22 22:58:00,unisender,email,{15930551},web_23_07
2024-10-02 09:55:00,telegram,bot-send,{15569467},lottery
2024-10-02 10:19:00,unisender,email,{15378039},lottery
2024-10-15 13:56:00,telegram,social,"{15208695,17145269,21719045}",web-power-bi
2024-01-30 11:22:00,telegram,social,{17098575},Экскурсия
2024-11-14 11:01:00,telegram,social,"{15927075,16695207,17631349,19006309}",SPEC-DA-TEST-START
2024-11-14 11:07:00,telegram,social,"{15927075,16695207,17631349,19006309}",SPEC-DA-TEST
2024-11-19 13:21:00,bloger,post,"{15946775,16785195,17577077}",web-1211
2024-11-22 11:12:00,telegram,social,"{7710743,14717267}",web-2611
2024-11-24 22:52:00,telegram,social,{16996099},web-2611
2024-02-07 11:31:00,unisender,email,{5803341},6 каверз
2024-11-25 19:00:00,telegram,social,{15935273},PRODUCT-TEST-START
2024-11-26 15:02:00,unisender,email,"{16784957,20490049}",web-2611
2024-11-26 15:54:00,telegram,bot-send,"{10787621,16772781}",web-2611
2024-11-26 16:11:00,telegram,social,{16238231},web-2611
2024-11-26 16:32:00,telegram,bot-send,{17177205},web-2611
2024-11-26 17:44:00,telegram,social,{11377605},web-2611
2024-11-29 09:04:00,telegram,social,{12367367},web-0412
2024-11-29 09:07:00,telegram,bot-send,"{16017013,16532045,18912267}",web-0412
2024-11-29 09:09:00,telegram,bot-send,"{16561367,16766579,16864685,19270727}",web-0412
2024-11-29 09:13:00,telegram,bot-send,"{15995043,16764165,18222859}",web-0412
2024-11-30 15:01:00,unisender,email,"{8853445,19554774}",Студент
2024-12-02 08:03:00,,,{16299591},Кейс-АЦ
2024-12-02 08:03:00,,,{16299591},Кейс-АЦ
2024-12-03 10:38:00,telegram,paid-placement,"{17123447,19839367}",web-0412
2024-12-03 11:49:00,telegram,social,"{15908653,16763405}",6 каверз
2024-03-19 11:34:00,telegram,social,"{16003401,16776137,19318216}",Ads-metrics
2025-01-22 18:20:00,telegram,social,{17160145},portfolio ideas
2023-12-13 06:16:00,vk,itresume,{16748657},HARD-SQL
2024-02-26 11:13:00,telegram,bot-send,{16529237},HARD-SQL
2024-08-22 05:15:00,material,plan-for-learning-python,"{15921793,15927163,17122529}",Python-FREE
2023-12-15 13:01:00,telegram,,"{15970405,16774017}",Pandas
2024-10-08 17:22:00,telegram,social,"{16267739,19910637,22930899}",web-geo-analyt
2024-10-03 11:32:00,unisender,email,{11989079},web-geo-analyt
2024-06-18 09:17:00,telegram,social,"{15927075,16695207,17631349,19006309}",SPEC-DA-TEST-START
2024-08-02 09:42:00,telegram,bot-send,{16299591},web-resume
2024-04-04 11:56:00,telegram,bot-send,"{16013985,17154261,19412264,20682793}",abc-portfolio
2024-04-04 12:00:00,unisender,email,{6707403},abc-portfolio
2024-04-05 09:42:00,unisender,email,{16003915},SPEC-DA-TEST
2024-04-05 09:52:00,unisender,email,{15999087},SPEC-DA-TEST-START
2024-04-05 09:53:00,unisender,email,"{17147699,17428973,17428975,18451713}",SPEC-DA-TEST
2024-06-22 11:00:00,telegram,bot-send,"{8597793,15922723,17127455}",МК-Python
2024-08-29 08:49:00,telegram,social,{12367367},Студент
2025-01-15 21:35:00,vkontakte,social,{9832301},web-1401
2023-12-20 13:49:00,bot,events-simulative,"{16066779,16770183}",Pandas-v1
2023-12-20 11:12:00,bot,events-simulative,"{16013171,16762871}",Pandas-pre
2024-04-05 10:20:00,telegram,social,{15536401},SPEC-DA-TEST-START
2024-04-05 12:53:00,telegram,social,"{17146215,17146219,17177795}",SPEC-DA-TEST-START
2024-04-05 12:53:00,telegram,social,"{17146215,17146219,17177795}",SPEC-DA-TEST
2024-04-05 13:43:00,telegram,bot-send,"{16748663,17100103}",SPEC-DA-TEST
2024-04-05 13:47:00,telegram,social,"{16552793,17148487}",SPEC-DA-TEST
2024-04-06 07:13:00,telegram,social,"{17146943,18333051,18385799,18908377}",SPEC-DA-TEST
2024-04-08 12:13:00,telegram,bot-send,"{16011643,16871171,19092417}",SPEC-DA-TEST-START
2023-12-13 08:45:00,instagram,cpa,"{16784957,20490049}",Pandas
2024-04-09 10:28:00,telegram,bot-send,"{15927075,16695207,16773339,17310203,17631349,18418999,23553585}",Python-FREE
2024-04-09 10:38:00,telegram,bot-send,{17060195},Python-FREE
2024-04-09 11:03:00,telegram,social,"{15927075,16695207,17631349,19006309}",Python-FREE
2024-06-14 11:38:00,telegram,bot-send,"{16691305,16798093}",student-project
2023-12-19 14:01:00,bot,testovoe-ozon,{5801595},Pandas-v1
2024-07-06 16:04:00,telegram,bot-send,{17177743},web_09_07
2024-07-08 15:16:00,telegram,paid-placement,"{16572479,17133213}",web_09_07
2024-07-09 16:15:00,telegram,social,"{16743379,19453462,21000955}",web_09_07
2024-07-09 16:20:00,telegram,bot-send,"{17000877,18084425,20490435,22069703,24667759}",web_09_07
2024-07-16 10:28:00,telegram,social,"{17149715,19953343,20314445}",student-project
2024-07-16 13:13:00,telegram,social,"{11418857,20595651}",КАРЬЕРНЫЙ
2024-07-16 17:58:00,telegram,social,"{15938237,16761965}",КАРЬЕРНЫЙ
2024-03-27 10:07:00,telegram,social,{16238231},DA-TEST-START
2024-07-19 11:00:00,telegram,bot-send,{17150093},web_23_07
2024-07-21 11:58:00,,,{17198039},Python-FREE
2024-07-22 06:11:00,telegram,social,"{15943993,16768259}",web_23_07
2024-07-22 13:07:00,unisender,email,"{16002965,18672699}",web_23_07
2024-07-23 15:59:00,telegram,social,"{15208695,17145269,21719045}",КАРЬЕРНЫЙ
2024-07-23 16:15:00,telegram,bot-send,"{16815413,17006383,17006385}",web_23_07
2024-07-23 16:34:00,telegram,social,{15539831},web_23_07
2024-07-23 16:54:00,telegram,social,{15929783},web_23_07
2024-07-23 17:59:00,telegram,social,"{16762221,16954607}",web_23_07
2024-07-30 13:40:00,telegram,bot-send,{16442961},DA-TEST-START
2024-07-31 11:45:00,telegram,social,"{16789437,16819743}",Студент
2024-08-01 09:48:00,admitad,,{16299591},Кейс-АЦ
2024-08-01 09:48:00,,,{16299591},Кейс-АЦ
2024-08-02 09:35:00,telegram,bot-send,{13166349},web-resume
2024-08-02 09:36:00,telegram,bot-send,"{15995043,16764165,18222859}",web-resume
2024-08-02 10:41:00,telegram,bot-send,"{16774955,18347079}",web-resume
2024-08-02 10:56:00,telegram,bot-send,{16122975},web-resume
2024-08-02 12:07:00,telegram,bot-send,"{15549745,16778589}",web-resume
2024-08-05 21:54:00,telegram,bot-send,{16862903},web-resume
2024-08-16 03:28:00,telegram,social,"{16570977,18237375}",intensive-analyst
2024-05-03 20:39:00,telegram,social,"{16762221,16954607}",Python-FREE
2024-08-19 08:22:00,telegram,paid-placement,"{899109,18648001}",intensive-analyst
2024-08-25 03:56:00,telegram,bot-send,"{16017013,16532045,18912267}",Консультация
2024-08-27 14:07:00,unisender,email,{15960225},Консультация
2024-08-28 08:20:00,bloger,post,"{15571275,17145655}",Консультация
2024-08-29 07:51:00,telegram,paid-placement,{16669409},plan-python
2024-09-24 08:44:00,unisender,email,"{15950709,16529323,16770067}",web-2409
2024-09-24 08:46:00,telegram,bot-send,"{16785101,17610155}",web-2409
2024-09-24 08:48:00,telegram,bot-send,{5799759},web-2409
2024-09-24 08:50:00,telegram,bot-send,"{16775127,16980287}",web-2409
2024-09-24 16:28:00,telegram,bot-send,"{15667785,18847199,19503222}",web-2409
2024-10-03 05:18:00,,,{15922837},itresume
2024-10-08 15:59:00,unisender,email,"{15950709,16529323,16770067}",web-geo-analyt
2024-10-15 15:59:00,unisender,email,{16510153},web-power-bi
2024-11-02 09:09:00,telegram,bot-send,{5804501},web-0611
2024-11-02 09:09:00,telegram,bot-send,"{17150165,18698663}",web-0611
2025-01-10 11:00:00,unisender,email,"{17146579,24244743}",web-1401
2025-01-10 11:11:00,telegram,bot-send,"{15922169,16767575}",web-1401
2025-01-10 12:27:00,unisender,email,"{15591603,16773121,18378405}",web-1401
2025-01-10 17:06:00,unisender,email,"{15667785,18847199,19503222}",web-1401
2025-01-13 09:10:00,telegram,bot-send,{5804161},web-1401
2025-01-13 15:44:00,telegram,bot,"{16003565,16764873,17290925,17553527,17829067,19544884,19867361,20886197,24161655,24395845}",Python-FREE
2025-01-13 17:22:00,telegram,paid-placement,{15922897},web-1401
2025-01-15 11:50:00,unisender,email,{17123277},Ads-metrics
2025-01-15 12:02:00,telegram,bot-send,{17150061},Ads-metrics
2025-01-15 12:12:00,telegram,social,"{16281907,16792385}",Ads-metrics
2025-01-15 12:18:00,telegram,bot-send,{5820699},Ads-metrics
2025-01-15 12:19:00,unisender,email,{5799759},Ads-metrics
2024-01-03 14:16:00,bot,free-course-pandas,{15588591},Pandas-v2
2023-12-22 10:17:00,unisender,email,{16748657},Pandas-v1
2023-12-23 15:18:00,telegram,itresume,{15930477},Sber-Веб
2023-12-23 16:01:00,instagram,cpa,{17110453},Pandas-pre
2024-04-04 12:21:00,telegram,bot-send,"{16785101,17610155}",abc-portfolio
2024-04-04 12:22:00,telegram,bot-send,{16008929},abc-portfolio
2024-04-04 12:23:00,unisender,email,{16008929},abc-portfolio
2024-04-04 14:57:00,unisender,email,"{8887233,16766255}",abc-portfolio
2024-04-05 12:07:00,telegram,social,{15924195},SPEC-DA-TEST-START
2024-04-11 13:10:00,telegram,bot-send,{5986731},Ads-metrics
2024-04-17 10:55:00,telegram,social,{12367367},SQL-16-04-24
2024-04-27 08:54:00,telegram,social,"{9164281,17166441}",Студент
2024-05-06 17:29:00,unisender,email,"{16570977,18237375}",DA-TEST-START
2024-05-06 18:19:00,telegram,bot-send,{16037581},Python-FREE
2024-05-06 18:22:00,telegram,bot-send,{16037581},Python-FREE
2024-05-07 08:03:00,unisender,email,{17264537},DA-TEST-START
2024-06-13 15:19:00,telegram,social,"{15999793,17100049,18568773}",web_13_06
2024-06-17 13:28:00,telegram,bot-send,"{17143617,20730839}",КАРЬЕРНЫЙ
2024-06-17 13:29:00,telegram,bot-send,{5986731},КАРЬЕРНЫЙ
2024-06-17 13:53:00,telegram,bot-send,{15960225},КАРЬЕРНЫЙ
2024-06-17 13:58:00,telegram,paid-placement,"{16081745,16601531,17159091,18908721}",КАРЬЕРНЫЙ
2024-06-17 14:15:00,telegram,bot-send,{16003203},КАРЬЕРНЫЙ
2024-06-17 14:18:00,telegram,bot-send,{15577061},КАРЬЕРНЫЙ
2024-06-17 14:23:00,telegram,paid-placement,{17099405},КАРЬЕРНЫЙ
2024-06-17 14:27:00,telegram,bot-send,"{16561367,16766579,16864685,19270727}",КАРЬЕРНЫЙ
2024-06-18 23:21:00,telegram,bot-send,"{16570977,18237375}",SPEC-DA-TEST-START
2024-06-20 10:52:00,telegram,bot-send,"{16228633,16771429}",МК-Python
2024-07-04 08:16:00,unisender,email,{6707403},PRODUCT-TEST
2024-07-18 09:41:00,telegram,bot-send,"{16081745,16601531,17159091,18908721}",DA-TEST-START
2024-07-19 12:49:00,telegram,social,{16528805},web_23_07
2024-07-23 16:08:00,unisender,email,"{15950709,16529323,16770067}",web_23_07
2024-01-24 12:55:00,unisender,email,{16003203},Workshop-RFM
2024-01-24 14:16:00,,,"{15924193,17562089}",Студент
2024-08-02 13:53:00,telegram,social,{16743397},web-resume
2024-09-10 15:46:00,telegram,social,"{17151209,19295911,21692221}",become-analyst
2024-06-11 12:28:00,telegram,social,"{11787181,12343743,25212617}",student-project
2024-02-21 10:15:00,telegram,social,{12367367},HARD-SQL
2024-11-13 22:56:00,telegram,bot-send,{15569467},web-1211
2023-12-14 15:09:00,vkontakte,cpc,{16847909},Pandas
2024-03-10 08:31:00,telegram,bot-send,{16529237},08.03.2024
2024-06-21 10:24:00,telegram,bot-send,{17060195},student-project
2023-12-20 08:49:00,unisender,email,"{17000877,18084425,20490435,22069703,24667759}",Pandas-pre
2024-04-16 15:06:00,telegram,bot-send,{16287433},SQL-16-04-24
2024-06-11 11:46:00,telegram,bot-send,{17060195},student-project
2024-07-19 09:50:00,telegram,social,{16529429},web_23_07
2024-05-06 22:40:00,unisender,email,"{16570977,18237375}",DA-TEST-START
2024-08-06 05:43:00,telegram,paid-placement,{17145927},web-resume
2024-08-06 15:58:00,telegram,bot-send,"{16815413,17006383,17006385}",web-resume
2024-08-06 16:03:00,telegram,bot-send,"{17038527,17683033}",web-resume
2024-08-06 16:07:00,telegram,social,{17130693},web-resume
2024-08-06 17:35:00,telegram,bot-send,"{5802551,18648021}",web-resume
2024-08-07 12:29:00,unisender,email,"{16789437,16819743}",web-resume
2024-08-07 17:44:00,unisender,email,"{12705807,19177727}",web-resume
2024-08-08 11:42:00,,,{9041779},SPEC-DA-TEST
2024-08-09 19:58:00,telegram,social,{5801595},КАРЬЕРНЫЙ
2024-08-20 14:18:00,telegram,bot-send,{5799759},intensive-analyst
2024-08-21 15:39:00,telegram,bot-send,{5799759},plan-python
2024-08-22 00:14:00,telegram,bot-send,"{16815413,17006383,17006385}",plan-python
2024-08-24 10:57:00,bloger,post,{5804161},intensive-analyst
2024-08-24 15:01:00,unisender,email,{9327543},plan-python
2024-08-24 20:10:00,telegram,social,{9327543},6 каверз
2024-08-25 03:52:00,telegram,bot-send,"{16017013,16532045,18912267}",plan-python
2024-08-25 06:34:00,telegram,bot-send,{15417229},20ideas
2024-08-26 13:03:00,unisender,email,{5845449},plan-python
2024-08-26 13:04:00,telegram,bot-send,{5845449},plan-python
2024-08-26 14:13:00,unisender,email,{16816361},Консультация
2024-08-26 14:16:00,telegram,bot-send,{16816361},plan-python
2024-08-26 15:50:00,telegram,bot-send,{13336155},Консультация
2024-08-26 16:06:00,,,{13904427},Консультация
2024-07-17 13:07:00,telegram,social,"{16570977,18237375}",КАРЬЕРНЫЙ
2024-08-28 02:25:00,unisender,email,"{15946741,16764241,20152897}",plan-python
2024-08-28 09:11:00,telegram,social,{16031367},Консультация
2024-08-29 09:15:00,unisender,email,{15943559},Студент
2024-11-11 16:06:00,telegram,social,{17178355},SPEC-DA-TEST-START
2024-11-11 16:21:00,telegram,social,"{17143617,20730839}",web-1211
2024-11-11 16:26:00,telegram,social,"{15356727,17100247}",SPEC-DA-TEST-START
2024-11-13 23:32:00,telegram,social,"{16281907,16792385}",web-1211
2024-12-04 16:21:00,telegram,social,"{16056423,16769383}",web-0412
2025-01-14 16:08:00,telegram,paid-placement,"{9343497,22856197,25323757}",web-1401
2025-01-14 16:26:00,webinar,livedigital,"{17146579,24244743}",Консультация
2025-01-16 09:54:00,telegram,bot-send,{15922423},Ads-metrics
2025-01-22 22:46:00,telegram,paid-placement,"{15923171,21320212}",autoweb-yandex
2025-01-22 23:53:00,telegram,paid-placement,"{16774955,18347079}",autoweb-yandex
2025-01-23 09:53:00,telegram,bot-send,"{16011643,16871171,19092417}",portfolio ideas
2024-11-06 14:34:00,telegram,social,"{5840561,16823375,17195057}",web-0611
2024-11-06 15:39:00,telegram,bot-send,"{16775127,16980287}",web-0611
2025-01-13 15:45:00,telegram,bot-send,{16037581},web-1401
2024-07-16 11:18:00,unisender,email,"{16784197,17303493}",КАРЬЕРНЫЙ
2024-08-14 08:44:00,telegram,social,{16788821},intensive-analyst
2024-08-14 08:45:00,telegram,social,{16054019},intensive-analyst
2024-08-14 16:18:00,telegram,bot-send,{17177205},intensive-analyst
2024-08-19 08:40:00,telegram,paid-placement,"{17151345,17232163,19399386}",intensive-analyst
2024-08-19 08:40:00,telegram,paid-placement,{11074775},intensive-analyst
2024-08-20 03:54:00,vk_ads,cpm,{17163457},intensive-analyst
2024-08-20 05:22:00,yandex,cpc,{16299591},intensive-analyst
2024-08-20 06:49:00,bloger,post,{17098575},intensive-analyst
2024-08-20 15:58:00,telegram,bot-send,{16051969},intensive-analyst
2024-08-20 16:02:00,telegram,social,{15935273},intensive-analyst
2024-08-20 16:02:00,,,{16397299},intensive-analyst
2024-08-21 15:18:00,material,plan-for-learning-python,{15924401},Python-FREE
2024-08-22 06:24:00,bloger,post,{16784741},intensive-analyst
2024-08-22 13:56:00,Unisender,email,"{15916041,18583517}",intensive-analyst
2024-08-22 13:57:00,telegram,bot-send,"{15916041,18583517}",МК-Python
2024-08-29 09:21:00,telegram,paid-placement,{17163457},plan-python
2024-08-29 10:27:00,telegram,paid-placement,{17163457},plan-python
2024-08-29 10:48:00,telegram,paid-placement,{17163457},plan-python
2024-08-29 12:57:00,telegram,bot-send,"{16017013,16532045,18912267}",DA-TEST-START
2024-08-29 13:01:00,telegram,bot-send,"{16017013,16532045,18912267}",DA-TEST
2024-08-29 13:08:00,telegram,paid-placement,{17163457},plan-python
2024-08-29 20:05:00,telegram,social,"{9164281,17166441}",Студент
2024-08-30 12:19:00,telegram,social,"{7710743,14717267}",Студент
2024-08-30 16:00:00,unisender,email,{5824941},DA-TEST-START
2024-08-31 10:00:00,unisender,email,{15929783},plan-python
2024-08-31 12:56:00,telegram,bot-send,"{16017013,16532045,18912267}",Студент
2024-09-01 12:56:00,telegram,paid-placement,{17163457},plan-python
2024-09-01 12:58:00,material,plan-for-learning-python,{17163457},Python-FREE
2024-09-02 06:04:00,yandex,cpc,"{17151209,19295911,21692221}",DA-TEST-START
2024-09-02 06:05:00,yandex,cpc,"{17151209,19295911,21692221}",PRODUCT-TEST-START
2024-09-04 09:19:00,telegram,social,"{11787181,12343743,25212617}",become-analyst
2024-09-04 11:49:00,telegram,bot-send,{16442961},become-analyst
2024-09-04 11:54:00,telegram,bot-send,"{16638863,21141338,21960773,25014165}",become-analyst
2024-09-04 12:09:00,unisender,email,"{17154281,18638507}",become-analyst
2024-10-23 15:04:00,,,"{17146903,20603317}",web-2310
2024-11-02 09:10:00,telegram,social,"{16552793,17148487}",web-0611
2024-11-02 09:10:00,telegram,bot-send,{16122975},web-0611
2024-11-02 09:11:00,telegram,bot-send,"{16013171,16762871}",web-0611
2024-11-02 09:12:00,telegram,bot-send,"{8597793,15922723,17127455}",web-0611
2024-11-13 23:52:00,telegram,bot-send,{8346889},web-1211
2024-11-14 00:03:00,unisender,email,"{16336117,16778411,17631349,18418999}",web-1211
2024-11-20 13:23:00,unisender,email,{16542771},Кейс-АЦ
2024-12-20 02:32:00,bloger,social,"{17154281,18638507}",web-0412
2024-12-24 11:00:00,unisender,email,{17118163},web-2412
2025-01-01 08:30:00,telegram,bot-send,"{16785101,17610155}",advent
2025-01-10 16:22:00,telegram,bot-send,{16489279},web-1401
2025-01-21 10:59:00,telegram,bot-send,"{16763135,17560101}",web-2101
2025-01-21 11:11:00,telegram,bot-send,{11989079},web-2101
2025-01-21 11:13:00,telegram,bot-send,"{15621747,16768801}",web-2101
2025-01-23 03:33:00,telegram,social,{17168589},portfolio ideas
2025-01-23 03:37:00,telegram,social,"{15930551,23484153}",portfolio ideas
2025-01-23 06:10:00,telegram,paid-placement,{16292997},autoweb-yandex
2025-01-23 06:10:00,telegram,paid-placement,{16292997},autoweb-yandex
2025-01-23 07:35:00,telegram,paid-placement,{16528805},autoweb-yandex
2025-01-23 08:51:00,unisender,email,{16016135},portfolio ideas
2025-01-23 10:57:00,telegram,bot-send,"{16561367,16766579,16864685,19270727}",portfolio ideas
2025-01-30 09:01:00,telegram,social,{17033243},research
2025-01-30 09:12:00,telegram,bot-send,"{8597793,15922723,17127455}",research
2023-12-13 15:51:00,unisender,email,{16814977},LTV-Веб
2023-12-14 09:47:00,bot,testovoe-ozon,"{16833811,16833813}",Pandas
2023-12-20 08:52:00,unisender,email,{16016135},Pandas-pre
2023-12-15 07:51:00,unisender,email,{15569323},Pandas
2023-12-15 09:36:00,bot,events-simulative,"{16691305,16798093}",Pandas
2023-12-15 10:04:00,bot,events-simulative,{16005629},Pandas
2023-12-15 11:30:00,,,{15607005},Pandas
2023-12-15 12:31:00,bot,events-simulative,"{16011643,16871171,19092417}",Pandas
2023-12-15 13:43:00,telegram,,{14763967},Pandas
2023-12-19 13:33:00,bot,free-course-pandas,{16299591},Pandas-pre
2023-12-19 13:58:00,vk,,"{16059185,19052623}",Pandas-v1
2023-12-19 16:57:00,unisender,email,{15744043},Pandas-pre
2023-12-19 16:57:00,unisender,email,{15744043},Pandas-v1
2023-12-19 18:59:00,bot,events-simulative,{15931597},Pandas-v1
2023-12-19 19:35:00,Unisender,email,{5807709},Pandas-v1
2023-12-20 01:27:00,Unisender,email,"{16764091,16764093}",Pandas-VIP
2023-12-20 08:31:00,unisender,email,"{16066779,16770183}",Pandas-pre
2023-12-20 10:50:00,bot,events-simulative,{16847909},Студент
2023-12-20 12:19:00,bot,free-course-pandas,"{16003565,16764873,17290925,17553527,17829067,19544884,19867361,20886197,24161655,24395845}",Pandas-pre
2023-12-20 20:08:00,bot,free-course-pandas,"{11999701,16767673}",Pandas-v1
2023-12-21 17:05:00,vkontakte,cpc,{17060195},Pandas-pre
2023-12-21 17:24:00,unisender,email,{15922359},Pandas-pre
2023-12-22 17:24:00,bot,events-simulative,"{15921749,16695207,16773339}",Pandas-v1
2024-01-14 09:39:00,telegram,,{15960225},Pandas-v3
2024-02-14 12:12:00,itresume,top-color-block,"{15549257,17146927,18114357}",Оплата
2024-02-14 13:32:00,telegram,bot-send,"{5693721,16690195,18716943}",Оплата
2024-02-15 03:29:00,instagram,cpa,{9041779},Workshop-RFM
2024-02-26 11:27:00,telegram,bot-send,{17032093},HARD-SQL
2024-02-26 11:27:00,telegram,bot-send,{17032093},HARD-SQL
2024-02-27 09:43:00,telegram,social,{15569323},Экскурсия
2024-03-10 08:12:00,telegram,bot-send,{6953413},ROADMAP
2024-03-10 08:14:00,telegram,bot-send,"{10331397,16761959}",08.03.2024
2024-03-10 08:14:00,telegram,bot-send,{15927361},08.03.2024
2024-03-10 10:38:00,telegram,social,{13336155},08.03.2024
2024-03-10 10:56:00,telegram,bot-send,"{16001739,19950265}",08.03.2024
2024-03-10 15:05:00,telegram,bot-send,"{16003565,16764873,17290925,17553527,17829067,19544884,19867361,20886197,24161655,24395845}",HARD-SQL
2024-03-10 15:05:00,telegram,bot-send,"{16003565,16764873,17290925,17553527,17829067,19544884,19867361,20886197,24161655,24395845}",HARD-SQL
2024-03-10 17:01:00,telegram,social,{16603359},08.03.2024
2024-03-10 17:37:00,telegram,social,{16031367},ROADMAP
2024-03-10 17:37:00,telegram,social,{16031367},ROADMAP
2024-03-11 06:33:00,telegram,social,"{16789571,18175055}",ROADMAP
2024-03-11 10:52:00,telegram,social,"{16084821,20106453}",HARD-SQL
2024-03-11 10:52:00,telegram,social,"{16084821,20106453}",HARD-SQL
2024-03-11 13:20:00,unisender,email,"{17123457,17541177,18678281,21487554}",ROADMAP
2024-03-11 13:26:00,telegram,bot-send,"{17123457,17541177,18678281,21487554}",ROADMAP
2024-03-11 13:26:00,unisender,email,{12022681},ROADMAP
2024-03-11 13:26:00,unisender,email,{12022681},ROADMAP
2024-03-12 09:32:00,unisender,email,{16788821},20ideas
2024-03-12 09:33:00,unisender,email,"{16066779,16770183}",20ideas
2024-03-12 09:33:00,unisender,email,{17177743},portfolio ideas
2024-03-12 09:35:00,unisender,email,{16529727},20ideas
2024-03-12 09:36:00,telegram,social,{17167845},portfolio ideas
2024-03-12 09:37:00,telegram,social,{17167845},20ideas
2024-03-12 09:37:00,unisender,email,"{16066779,16770183}",20ideas
2024-03-12 09:38:00,unisender,email,{12022681},portfolio ideas
2024-03-12 09:40:00,telegram,social,"{16003565,16764873,17290925,17553527,17829067,19544884,19867361,20886197,24161655,24395845}",20ideas
2024-03-12 09:41:00,unisender,email,"{16775127,16980287}",portfolio ideas
2024-03-12 09:42:00,telegram,social,{5825207},20ideas
2024-03-12 09:44:00,unisender,email,"{15924235,17743009}",20ideas
2024-03-12 09:44:00,unisender,email,{16764879},portfolio ideas
2024-03-12 09:45:00,telegram,social,{15960225},portfolio ideas
2024-03-12 09:45:00,telegram,social,{15960225},20ideas
2024-03-12 09:47:00,telegram,social,"{16011643,16871171,19092417}",20ideas
2024-03-12 09:49:00,telegram,social,"{17146215,17146219,17177795}",20ideas
2024-03-12 09:50:00,unisender,email,{16857289},portfolio ideas
2024-03-12 09:51:00,telegram,social,{11980183},20ideas
2024-03-12 10:09:00,unisender,email,{5799759},20ideas
2024-03-12 10:18:00,telegram,social,{13336155},20ideas
2024-03-12 10:24:00,unisender,email,"{16741423,18595441}",20ideas
2024-03-12 10:39:00,telegram,social,{15536401},portfolio ideas
2024-03-12 10:39:00,unisender,email,{16742527},20ideas
2024-03-12 10:39:00,unisender,email,{16742527},portfolio ideas
2024-03-12 10:44:00,unisender,email,"{16002315,17136577,18651907,18658731,19040861}",portfolio ideas
2024-03-12 10:44:00,unisender,email,"{16002315,17136577,18651907,18658731,19040861}",20ideas
2024-03-12 10:44:00,unisender,email,"{17123865,17560467,18878981}",portfolio ideas
2024-03-12 11:05:00,telegram,bot-send,{16542771},portfolio ideas
2024-03-12 11:15:00,telegram,bot-send,"{16766403,17180005,18352763,18371345,18522335}",20ideas
2024-03-12 11:15:00,telegram,bot-send,"{16013985,17154261,19412264,20682793}",portfolio ideas
2024-03-12 11:15:00,telegram,bot-send,"{16766403,17180005,18352763,18371345,18522335}",portfolio ideas
2024-03-12 11:15:00,telegram,bot-send,"{16013985,17154261,19412264,20682793}",ROADMAP
2024-03-12 11:19:00,telegram,bot-send,"{16561641,17151733}",portfolio ideas
2024-03-12 11:26:00,telegram,social,{15930477},20ideas
2024-03-12 11:29:00,telegram,social,{15930477},portfolio ideas
2024-03-12 11:36:00,unisender,email,{16003161},20ideas
2024-03-12 11:51:00,telegram,bot-send,"{16003401,16776137,19318216}",20ideas
2024-03-12 11:51:00,telegram,bot-send,"{16003401,16776137,19318216}",portfolio ideas
2024-03-12 11:53:00,telegram,bot-send,{17034101},20ideas
2024-03-12 12:04:00,telegram,bot-send,{15989583},ROADMAP
2024-03-12 12:07:00,unisender,email,"{15948581,16764269}",20ideas
2024-03-12 12:30:00,Unisender,email,"{17147699,17428973,17428975,18451713}",Оплата
2024-03-12 12:35:00,Unisender,email,"{17147699,17428973,17428975,18451713}",Оплата
2024-03-12 12:52:00,unisender,email,"{2200671,5806435,18084533,20586583}",portfolio ideas
2024-03-12 13:28:00,,,{9041779},20ideas
2024-03-12 13:30:00,,,{9041779},20ideas
2024-03-12 13:36:00,telegram,bot,"{16013985,17154261,19412264,20682793}",Экскурсия
2024-03-12 13:45:00,unisender,email,{15930551},20ideas
2024-03-12 13:50:00,telegram,bot-send,"{15922169,16767575}",20ideas
2024-03-12 13:58:00,unisender,email,{8346889},20ideas
2024-03-12 14:11:00,telegram,bot-send,"{15557477,16767411}",20ideas
2024-03-12 14:16:00,telegram,bot-send,{16762377},20ideas
2024-04-18 09:10:00,,,{832697},DA-TEST-START
2024-06-09 08:25:00,unisender,email,"{16785101,17610155}",web_13_06
2024-07-05 10:38:00,telegram,bot-send,{14728903},web_09_07
2024-07-16 17:45:00,telegram,social,"{5848071,20887407}",КАРЬЕРНЫЙ
2024-07-16 18:17:00,telegram,social,"{15208695,17145269,21719045}",КАРЬЕРНЫЙ
2024-07-16 18:22:00,telegram,social,"{16789437,16819743}",КАРЬЕРНЫЙ
2024-07-16 18:39:00,vkontakte,social,"{16739833,24522659}",КАРЬЕРНЫЙ
2024-07-16 21:08:00,unisender,email,{6513319},КАРЬЕРНЫЙ
2024-07-16 21:41:00,unisender,email,{10945781},20ideas
2024-07-17 07:09:00,telegram,social,{15927495},КАРЬЕРНЫЙ
2024-07-17 07:09:00,telegram,social,{15927495},КАРЬЕРНЫЙ
2024-07-17 07:09:00,telegram,social,{15927495},КАРЬЕРНЫЙ
2024-07-17 07:18:00,telegram,social,"{16773339,17310203}",КАРЬЕРНЫЙ
2024-07-17 07:34:00,telegram,social,{15922633},КАРЬЕРНЫЙ
2024-07-17 11:12:00,telegram,paid-placement,{12481235},ROADMAP
2024-07-17 11:13:00,telegram,paid-placement,{12481235},ROADMAP
2024-07-17 11:21:00,telegram,social,"{5809673,6441653,19725721,24714571}",КАРЬЕРНЫЙ
2024-10-23 17:06:00,webinar,livedigital,"{8853445,19554774}",Консультация
2024-11-02 09:09:00,telegram,bot-send,"{16529705,17157253}",web-0611
2024-11-05 08:24:00,telegram,social,"{16084821,20106453}",web-0611
2024-11-18 16:07:00,telegram,social,"{11787181,12343743,25212617}",HARD-SQL
2024-11-26 13:13:00,telegram,paid-placement,{11464607},Кейс-АЦ
2024-12-17 16:10:00,unisender,email,{2494413},web-1712
2024-12-20 07:56:00,manager,,{15996447},web-2412
2024-12-20 10:26:00,unisender,email,{5807709},web-2412
2024-12-20 10:35:00,telegram,bot-send,"{15560051,16754921}",web-2412
2024-12-20 10:47:00,telegram,bot-send,{16542771},web-2412
2024-12-20 10:55:00,telegram,bot-send,{15536401},Студент
2024-12-20 10:56:00,telegram,bot-send,{12349789},web-2412
2024-12-21 18:37:00,telegram,bot-send,{5804501},web-2412
2024-12-23 07:28:00,telegram,paid-placement,"{15548959,16763825,18256737,19434630}",web-2412
2025-01-15 16:28:00,telegram,bot-send,"{9164281,17166441}",web-1401
2025-01-17 17:44:00,telegram,social,"{5809673,6441653,19725721,24714571}",web-2101
2025-01-21 16:44:00,telegram,social,{5807709},web-2101
2025-01-21 17:29:00,telegram,social,{16191753},web-2101
2024-11-06 15:48:00,unisender,email,"{16815989,19322542,20014965}",web-0611
2024-11-06 06:04:00,telegram,paid-placement,"{15931845,16774847}",web-0611
2024-07-09 04:18:00,telegram,social,"{15916041,18583517}",web_09_07
2024-01-17 06:10:00,unisender,email,"{15916041,18583517}",Pandas-pre
2024-04-10 06:30:00,unisender,email,"{9649707,18908843,24129719}",Python-FREE
2024-04-10 19:29:00,unisender,email,"{16524625,19066647,20106413}",Python-FREE
2024-10-25 15:25:00,telegram,social,{5825207},web-2910
2024-08-16 11:11:00,unisender,email,{15930551},intensive-analyst
2024-08-20 08:57:00,unisender,email,{5800297},intensive-analyst
2023-12-20 13:20:00,bot,free-course-pandas,"{11014471,18361379}",Pandas-v1
2023-12-25 09:53:00,unisender,email,{16057487},Sber-Веб
2023-12-25 17:28:00,Unisender,email,"{17064877,17101475}",Pandas-v2
2023-12-25 17:30:00,,,"{17064877,17101475}",Оплата
2023-12-25 19:15:00,bot,events-simulative,{17160145},Pandas-v2
2023-12-26 11:16:00,bot,free-course-pandas,"{15946775,16785195,17577077}",Sber-Веб
2023-12-27 09:49:00,,,{15931597},НГ-Оплата
2023-12-28 09:58:00,bot,analytics-pandas-python,"{9347081,17154923}",НГ-Оплата
2023-12-28 12:45:00,bot,testovoe-bank-otkrytie,{15989583},Студент
2023-12-29 21:53:00,,,"{11470833,16796217,16796225}",Pandas-v2
2024-01-08 07:27:00,telegram,bot,"{3817811,12210285,18900811,19630602}",Экскурсия
2024-01-14 17:48:00,,,"{15927075,16695207,16773339,17310203,17631349,18418999,23553585}",Pandas-pre
2024-01-16 15:10:00,Unisender,email,{17167845},Pandas-v3
2024-01-30 04:47:00,telegram,social,"{17146035,17191367}",Студент
2024-02-06 19:26:00,,,"{16552793,17148487}",itresume
2024-03-12 18:14:00,telegram,bot-send,{16764267},20ideas
2024-03-12 18:22:00,telegram,bot-send,"{16785101,17610155}",20ideas
2024-03-12 18:24:00,unisender,email,"{16570977,18237375}",20ideas
2024-03-12 18:27:00,telegram,bot-send,"{16570977,18237375}",Экскурсия
2024-03-12 18:39:00,unisender,email,"{11088915,12130285}",20ideas
2024-03-12 18:44:00,telegram,social,"{16002555,16784777}",20ideas
2024-03-13 07:24:00,telegram,bot-send,{11377605},20ideas
2024-03-13 09:55:00,telegram,social,{16996099},20ideas
2024-08-31 17:05:00,telegram,social,{13166349},web_23_07
2024-03-13 10:36:00,unisender,email,{15539831},08.03.2024
2024-03-13 13:35:00,telegram,bot-send,"{16833065,18771457}",20ideas
2024-03-13 15:26:00,unisender,email,{5801075},20ideas
2024-03-13 18:13:00,telegram,social,{15930477},ROADMAP
2024-03-13 18:17:00,telegram,social,{15930477},ROADMAP
2024-03-13 20:22:00,instagram,cpa,{11537905},Workshop-RFM
2024-03-14 07:38:00,telegram,bot-send,{11980183},20ideas
2024-03-14 08:09:00,unisender,email,{5807709},20ideas
2024-03-14 08:18:00,,,{16529727},itresume
2024-03-14 11:54:00,telegram,bot-send,"{15927075,16695207,17631349,19006309}",20ideas
2024-03-14 17:23:00,telegram,social,"{15548959,16763825,18256737,19434630}",ROADMAP
2024-03-15 06:47:00,instagram,cpa,"{11792445,16764207}",Workshop-RFM
2024-03-15 06:47:00,instagram,cpa,"{11792445,16764207}",Workshop-RFM
2024-03-15 09:19:00,telegram,bot-send,"{17162229,17554629,18678053,19001817}",20ideas
2024-03-15 10:19:00,instagram,cpa,"{16773339,17310203}",Workshop-RFM
2024-03-15 13:30:00,unisender,email,{11264135},20ideas
2024-03-16 10:07:00,telegram,social,"{15924193,17108465,22058459}",20ideas
2024-03-16 18:34:00,telegram,social,{16069723},ROADMAP
2024-03-16 18:34:00,telegram,social,{16069723},ROADMAP
2024-03-16 18:34:00,telegram,social,{16069723},ROADMAP
2024-03-16 18:48:00,telegram,social,{16069723},20ideas
2024-03-17 08:15:00,telegram,social,{16762351},20ideas
2024-03-18 11:14:00,telegram,social,{13166349},Экскурсия
2024-03-18 19:20:00,vkontakte,social,"{16001545,17165757}",ROADMAP
2024-03-19 10:19:00,telegram,social,{12367367},Ads-metrics
2024-03-19 10:19:00,unisender,email,{16003369},Ads-metrics
2024-03-19 10:19:00,unisender,email,"{11436455,16520809}",Ads-metrics
2024-03-19 10:21:00,telegram,social,"{11787181,12343743,25212617}",Ads-metrics
2024-03-19 10:24:00,unisender,email,{15999087},Ads-metrics
2024-03-19 10:24:00,unisender,email,{15999087},Ads-metrics
2024-03-19 10:33:00,unisender,email,"{12578989,18222813}",Ads-metrics
2024-03-19 10:34:00,telegram,social,{16270415},Ads-metrics
2024-03-19 10:34:00,unisender,email,"{16766595,17554027}",Ads-metrics
2024-03-19 10:35:00,telegram,social,"{17220445,17493701}",Ads-metrics
2024-03-19 10:40:00,telegram,social,"{16275885,17101289,24452351}",Ads-metrics
2024-03-19 10:48:00,telegram,social,{16842355},Ads-metrics
2024-03-19 10:48:00,unisender,email,"{16003335,16767837}",Ads-metrics
2024-03-19 10:48:00,unisender,email,{17123277},Ads-metrics
2024-03-19 10:52:00,unisender,email,"{16561769,17099415}",Ads-metrics
2024-03-19 11:00:00,telegram,social,"{2200671,5806435,18084533,20586583}",Ads-metrics
2024-03-19 11:09:00,telegram,social,{16529429},Ads-metrics
2024-03-19 11:23:00,unisender,email,"{15570281,16770335}",Ads-metrics
2024-03-19 11:33:00,telegram,social,"{17064877,17101475}",Ads-metrics
2024-03-19 11:33:00,telegram,social,{16033989},Ads-metrics
2024-03-19 11:40:00,unisender,email,"{16002965,18672699}",Ads-metrics
2024-03-19 12:05:00,unisender,email,"{15667785,18847199,19503222}",Ads-metrics
2024-03-19 12:09:00,unisender,email,"{16762569,18846263}",Ads-metrics
2024-03-19 13:07:00,unisender,email,"{16267739,19910637,22930899}",Ads-metrics
2024-03-19 13:21:00,unisender,email,{16868745},Ads-metrics
2024-03-19 14:20:00,telegram,social,{15930477},Ads-metrics
2024-03-19 14:35:00,telegram,social,"{17146035,17191367}",Ads-metrics
2024-03-19 15:54:00,telegram,bot-send,"{16691305,16798093}",Workshop-RFM
2024-03-19 15:59:00,telegram,social,{15960225},Ads-metrics
2024-03-19 16:31:00,unisender,email,"{16748663,17100103}",Ads-metrics
2024-03-19 20:42:00,partner,itresume,"{17220445,17493701}",6 каверз
2024-03-19 21:38:00,telegram,social,"{17141895,18859951,22029899}",Ads-metrics
2024-03-20 02:23:00,unisender,email,"{16784957,20490049}",Ads-metrics
2024-03-20 03:18:00,telegram,social,{11980183},Ads-metrics
2024-03-20 06:55:00,unisender,email,{16924767},Ads-metrics
2024-03-20 09:25:00,telegram,bot-send,{17178355},Ads-metrics
2024-03-20 09:25:00,telegram,bot-send,"{17123865,17560467,18878981}",Ads-metrics
2024-03-20 09:26:00,telegram,bot-send,{15556555},Ads-metrics
2024-03-20 09:28:00,telegram,bot-send,{16003201},Ads-metrics
2024-03-20 09:29:00,telegram,bot-send,"{17141409,18672391}",Ads-metrics
2024-03-20 09:31:00,telegram,bot-send,{13166349},Ads-metrics
2024-03-20 09:40:00,telegram,bot-send,"{8887233,16766255}",Ads-metrics
2024-03-20 09:45:00,telegram,bot-send,{16051969},Ads-metrics
2024-03-20 09:47:00,telegram,bot-send,{15920135},Ads-metrics
2024-03-20 09:49:00,telegram,bot-send,"{16013171,16762871}",Ads-metrics
2024-03-20 10:25:00,telegram,bot-send,{16033989},Ads-metrics
2024-04-17 08:43:00,telegram,social,{15873001},Оплата
2024-04-17 08:46:00,telegram,social,{15873001},Консультация
2024-05-04 14:06:00,vk_ads,cpm,{15607005},Workshop-RFM
2024-06-13 15:58:00,telegram,bot-send,"{15667785,18847199,19503222}",web_13_06
2024-07-03 11:11:00,telegram,social,"{16765779,18914999}",PRODUCT-TEST-START
2024-11-02 09:09:00,telegram,bot-send,"{17150165,18698663}",web-2910
2024-09-10 18:44:00,unisender,email,"{16524625,19066647,20106413}",become-analyst
2024-09-17 08:41:00,telegram,social,"{15950709,16529323,16770067}",become-bi
2024-09-24 16:02:00,telegram,social,"{15924193,17562089}",web-2409
2024-10-08 08:20:00,unisender,email,"{16784957,20490049}",web-geo-analyt
2025-01-22 14:18:00,telegram,social,{15569323},portfolio ideas
2025-01-22 17:51:00,telegram,social,"{16774955,18347079}",portfolio ideas
2025-01-23 09:20:00,telegram,bot-send,"{16572479,17133213}",portfolio ideas
2024-12-20 10:31:00,telegram,bot-send,{5804161},web-2412
2025-01-24 09:31:00,unisender,email,{16769049},web-2801
2025-01-24 09:31:00,telegram,social,{12367367},web-2801
2023-12-13 15:56:00,bot,events-simulative,{16764267},Кейс-АЦ
2023-12-20 15:03:00,Unisender,email,{12022681},Pandas-v1
2023-12-25 06:34:00,telegram,data_publication,{16529035},Sber-Веб
2023-12-25 10:24:00,bot,testovoe-ozon,{16529727},Sber-Веб
2023-12-25 11:48:00,telegram,data_study,"{16762011,16816349}",Sber-Веб
2023-12-25 12:35:00,bot,events-simulative,{16191753},Sber-Веб
2023-12-25 17:37:00,telegram,pandas,{5803341},Экскурсия
2023-12-26 06:22:00,telegram,pandas,"{16789437,16819743}",Студент
2023-12-26 20:43:00,unisender,email,"{16531341,16775575}",Pandas-VIP
2023-12-27 09:48:00,telegram,bot,{15931597},НГ-Консультация
2024-01-02 10:49:00,bot,events-simulative,"{16766369,17160145,17556815}",Pandas-pre
2024-01-03 07:57:00,telegram,itresume,{15959625},Pandas-pre
2024-01-03 07:57:00,telegram,itresume,{15959625},Pandas-v2
2024-01-03 07:57:00,telegram,itresume,{15959625},Pandas-v2
2024-01-03 08:04:00,telegram,itresume,"{17146035,17191367}",Pandas-v2
2024-01-03 08:04:00,telegram,itresume,"{17146035,17191367}",Pandas-v2
2024-01-03 08:05:00,bot,events-simulative,"{16524625,19066647,20106413}",Pandas-pre
2024-01-03 08:05:00,bot,events-simulative,"{16524625,19066647,20106413}",Pandas-v2
2024-01-03 08:05:00,bot,events-simulative,"{16524625,19066647,20106413}",Pandas-v2
2024-01-03 08:06:00,bot,events-simulative,"{16003335,16767837}",Pandas-v2
2024-01-03 08:06:00,bot,events-simulative,"{16003335,16767837}",Pandas-v2
2024-01-03 08:16:00,bot,events-simulative,{16816881},Pandas-v2
2024-01-03 08:51:00,bot,testovoe-ozon,"{15548959,16763825,18256737,19434630}",Pandas-v2
2024-01-03 13:44:00,Unisender,email,{5807709},Pandas-v2
2024-01-03 17:58:00,unisender,email,"{16066779,16770183}",Pandas-pre
2024-01-03 20:27:00,unisender,email,{15930551},Pandas-pre
2024-01-04 11:10:00,,,"{15922439,19436980,20455897}",Pandas-v2
2024-03-12 10:23:00,unisender,email,"{16741423,18595441}",portfolio ideas
2024-01-04 13:43:00,Unisender,email,"{17146799,17328989}",Pandas-v2
2024-01-04 13:55:00,unisender,email,"{16066779,16770183}",HARD-SQL
2024-01-04 13:56:00,unisender,email,"{16066779,16770183}",HARD-SQL
2024-01-04 13:56:00,unisender,email,"{16066779,16770183}",HARD-SQL
2024-01-04 13:57:00,unisender,email,"{16066779,16770183}",Кейс-АЦ
2024-01-04 13:59:00,unisender,email,"{16066779,16770183}",Кейс-АЦ
2024-01-04 15:44:00,telegram,itresume,"{16003401,16776137,19318216}",Pandas-pre
2024-01-04 15:44:00,telegram,itresume,"{16003401,16776137,19318216}",Pandas-v2
2024-01-04 15:44:00,telegram,itresume,"{16003401,16776137,19318216}",Pandas-v2
2024-01-04 15:56:00,bot,free-course-pandas,"{15555667,16762071}",Pandas-pre
2024-01-04 16:11:00,telegram,itresume,"{16766403,17180005,18381355}",Pandas-v2
2024-01-04 16:11:00,telegram,itresume,"{16766403,17180005,18381355}",Pandas-pre
2024-01-04 16:11:00,telegram,itresume,"{16766403,17180005,18381355}",Pandas-v2
2024-01-04 17:04:00,bot,events-simulative,"{11470833,16796217,16796225}",Pandas-v2
2024-01-04 17:26:00,bot,free-course-pandas,{15270129},Pandas-v2
2024-01-04 17:27:00,bot,free-course-pandas,{15270129},Pandas-v2
2024-01-05 07:03:00,unisender,email,"{16228633,16771429}",Pandas-pre
2024-01-05 07:04:00,unisender,email,"{16228633,16771429}",Pandas-v2
2024-01-05 07:58:00,bot,testovoe-ozon,"{15548959,16763825,18256737,19434630}",Pandas-v2
2024-01-05 07:59:00,bot,testovoe-ozon,"{15548959,16763825,18256737,19434630}",Pandas-pre
2024-01-05 07:59:00,bot,testovoe-ozon,"{15548959,16763825,18256737,19434630}",Pandas-v2
2024-01-05 08:25:00,bot,events-simulative,"{16017013,16532045,18912267}",Pandas-pre
2024-01-05 08:25:00,bot,events-simulative,"{16017013,16532045,18912267}",Pandas-v2
2024-01-05 08:25:00,bot,events-simulative,"{16017013,16532045,18912267}",Pandas-v2
2024-01-05 08:26:00,bot,events-simulative,{16511641},Студент
2024-01-12 11:10:00,telegram,prosto_python,{16053929},Pandas-v3
2024-01-12 22:39:00,,,{16816361},Pandas-pre
2024-01-22 08:34:00,telegram,bot-send,"{8887233,16766255}",Pandas-pre
2024-01-24 13:11:00,telegram,bot-send,{16788821},Workshop-RFM
2024-01-24 13:11:00,unisender,email,{16788821},Workshop-RFM
2024-01-25 06:46:00,telegram,social,"{17099545,17756329,18078281}",Workshop-RFM
2024-01-25 16:17:00,telegram,social,{15930477},Студент
2024-01-29 08:05:00,unisender,email,"{8887233,16766255}",Pandas-v3
2024-01-29 08:12:00,telegram,bot-send,"{8887233,16766255}",Pandas-pre
2024-02-01 07:54:00,telegram,bot,{16463705},Студент
2024-02-05 05:06:00,instagram,cpa,{9041779},Workshop-RFM
2024-02-06 13:28:00,telegram,pandas-chat,{17264537},Workshop-RFM
2024-02-07 11:54:00,unisender,email,"{12578989,18222813}",6 каверз
2024-02-07 12:02:00,unisender,email,"{17147401,17177859}",6 каверз
2024-02-07 12:10:00,unisender,email,{15924905},6 каверз
2024-02-27 15:09:00,telegram,social,"{16766595,17554027}",HARD-SQL
2024-03-07 07:48:00,unisender,email,"{17162229,17554629,18678053,19001817}",LTV-Веб
2024-03-08 14:20:00,telegram,social,{17032093},08.03.2024
2024-03-09 10:10:00,telegram,bot-send,"{11929247,16765787,18772107}",08.03.2024
2024-03-17 16:12:00,telegram,social,{16087433},ROADMAP
2024-03-22 08:32:00,telegram,social,{15929783},DA-TEST
2024-04-03 16:35:00,unisender,email,{16930131},Ads-metrics
2024-04-05 16:22:00,telegram,social,"{16002555,16784777}",SPEC-DA-TEST
2024-04-09 14:18:00,telegram,social,"{15882917,17164025}",tinkoff-1
2024-04-11 10:45:00,unisender,email,{16541723},ROADMAP
2024-04-11 12:20:00,telegram,bot-send,{5986731},DA-TEST-START
2024-04-16 08:31:00,unisender,email,"{16815989,19322542,20014965}",SQL-16-04-24
2024-04-17 07:44:00,telegram,bot-send,{15927361},Python-FREE
2024-04-17 23:25:00,telegram,bot-send,{13166349},Оплата
2024-05-13 11:25:00,unisender,email,"{12578989,18222813}",plan-python
2024-05-18 05:11:00,vkontakte,social,"{16699695,19653806}",Select-Materials
2024-06-04 11:31:00,vkontakte,social,{11377605},plan-python
2024-06-04 12:49:00,telegram,social,{5801595},plan-python
2024-06-04 14:39:00,telegram,bot-send,{16878207},plan-python
2024-06-06 11:08:00,telegram,bot-send,"{16785101,17610155}",ROADMAP
2024-06-06 11:33:00,unisender,email,{2494413},ROADMAP
2024-06-06 16:36:00,telegram,bot-send,{6953413},ROADMAP
2024-06-11 08:00:00,telegram,bot-send,{16878207},student-project
2024-10-11 17:59:00,unisender,email,{17173405},web-power-bi
2024-11-20 22:00:00,telegram,bot-send,{9832301},Кейс-АЦ
2024-01-24 12:07:00,telegram,bot-send,{15959625},Workshop-RFM
2023-12-13 18:01:00,youtube,webinar,"{11792445,16764207}",Экскурсия
2023-12-13 18:02:00,youtube,ltv-sql-13-12,"{16789437,16819743}",Экскурсия
2023-12-14 19:09:00,bot,testovoe-ozon,"{16549177,20634357}",Кейс-АЦ
2023-12-28 04:57:00,,,{16762351},НГ-Оплата
2024-02-07 14:54:00,unisender,email,"{2200671,5806435,18084533,20586583}",6 каверз
2024-06-08 14:03:00,unisender,email,{16003915},plan-python
2024-06-08 15:53:00,unisender,email,{5801075},Select-Materials
2024-06-09 08:28:00,unisender,email,"{15921589,16766225,18451399}",web_13_06
2024-06-09 08:28:00,unisender,email,"{15921589,16766225,18451399}",web_13_06
2024-06-09 09:02:00,telegram,bot-send,{16003203},plan-python
2024-06-09 09:03:00,telegram,bot-send,{16529429},web_13_06
2024-06-09 09:29:00,telegram,bot-send,"{16524625,19066647,20106413}",web_13_06
2024-06-09 09:30:00,telegram,bot-send,"{16524625,19066647,20106413}",web_13_06
2024-06-10 04:22:00,telegram,social,"{16762221,16954607}",web_13_06
2024-06-11 08:02:00,unisender,email,"{15560415,16770403}",student-project
2024-06-11 12:31:00,telegram,social,"{17123865,17560467,18878981}",student-project
2024-06-13 09:12:00,telegram,bot-send,"{16774081,17032641}",web_13_06
2024-06-17 21:49:00,telegram,social,{17032093},КАРЬЕРНЫЙ
2024-06-19 16:24:00,telegram,social,"{15999339,16764375}",КАРЬЕРНЫЙ
2024-06-19 16:26:00,telegram,social,"{15999339,16764375}",SPEC-DA-TEST-START
2024-06-20 07:17:00,vkontakte,social,{17060195},DA-TEST
2024-06-20 08:55:00,unisender,email,"{5809177,16767187,16767203}",МК-Python
2024-06-20 13:17:00,,,"{17128911,20600771}",itresume
2024-06-21 06:20:00,telegram,bot-send,{15588591},Python-FREE
2024-07-04 09:20:00,telegram,social,{17060195},Студент
2024-07-05 08:18:00,unisender,email,"{15928337,19015561,19024235}",web_09_07
2024-07-12 12:23:00,telegram,social,"{16017013,16532045,18912267}",DA-TEST
2024-07-16 09:40:00,telegram,social,"{15923171,21320212}",КАРЬЕРНЫЙ
2024-07-16 09:52:00,telegram,social,"{14972525,16762689,16816411,18568901}",КАРЬЕРНЫЙ
2024-07-16 09:54:00,telegram,social,"{8597793,15922723,17127455}",КАРЬЕРНЫЙ
2024-07-23 09:10:00,telegram,bot-send,"{16744437,20683779,21610186}",web_23_07
2024-07-23 09:54:00,telegram,bot-send,{15932451},web_23_07
2024-08-20 16:29:00,unisender,email,"{15560415,16770403}",intensive-analyst
2024-09-03 14:38:00,bloger,post,"{16228633,16771429}",intensive-analyst
2024-09-10 16:34:00,telegram,paid-placement,{15943559},become-analyst
2024-09-20 12:47:00,telegram,bot-send,"{15921589,16766225,18451399}",web-2409
2024-10-02 10:47:00,telegram,bot-send,{16442961},lottery
2024-11-02 10:23:00,unisender,email,"{11088915,12130285}",web-0611
2024-11-05 13:21:00,telegram,paid-placement,"{16784197,17303493}",web-0611
2024-11-06 16:03:00,telegram,bot-send,{16489279},web-0611
2024-11-06 20:51:00,telegram,social,"{5809673,6441653,19725721,24714571}",web-0611
2024-11-08 08:23:00,telegram,bot-send,"{17039433,17039435}",web-2310
2024-11-08 08:24:00,telegram,bot-send,"{16081745,16601531,17159091,18908721}",web-1211
2024-11-08 08:25:00,telegram,bot-send,"{16001545,17165757}",web-1211
2024-11-08 08:26:00,telegram,bot-send,{16765561},web-1211
2024-11-08 08:27:00,telegram,bot-send,"{9825095,19271961,25233199}",web-1211
2024-11-08 08:28:00,telegram,bot-send,"{5800233,16764845}",web-1211
2024-11-12 10:34:00,telegram,bot-send,{11074775},web-1211
2024-11-13 23:36:00,telegram,social,"{7710743,14717267}",web-1211
2024-11-30 08:27:00,telegram,bot-send,{16287433},web-0412
2024-12-12 03:17:00,telegram,bot-send,"{16084821,20106453}",web-2611
2025-01-21 12:29:00,telegram,bot-send,"{9164281,17166441}",web-2101
2025-01-21 12:33:00,unisender,email,{17168589},web-2101
2025-01-21 13:06:00,unisender,email,{5799759},web-2101
2025-01-21 13:09:00,telegram,bot-send,{16868745},ROADMAP
2025-01-21 13:09:00,telegram,social,{16743397},web-2101
2025-01-23 14:23:00,telegram,bot-send,{16763245},web-2101
2025-01-23 15:42:00,telegram,paid-placement,"{11787181,12343743,25212617}",autoweb-yandex
2024-08-12 12:57:00,,,"{16275885,17101289}",itresume
2024-10-08 15:49:00,telegram,paid-placement,"{11787181,12343743,25212617}",web-geo-analyt
2023-12-29 08:05:00,bot,testovoe-ozon,{16031367},НГ-Консультация
2024-01-03 13:44:00,Unisender,email,{5807709},Pandas-VIP
2024-01-06 09:26:00,telegram,bot,{15999087},Экскурсия
2024-01-07 13:09:00,bot,free-course-pandas,"{15570281,16770335}",Pandas-v2
2024-01-07 14:43:00,telegram,bot,"{17146799,17328989}",Экскурсия
2024-01-12 08:43:00,telegram,prosto_python,{16053929},Pandas-VIP
2024-01-16 11:56:00,,,"{16766595,17554027}",Pandas-v3
2024-01-17 08:49:00,telegram,bot-send,"{9164281,17166441}",Pandas-v3
2024-01-17 08:49:00,telegram,bot-send,"{9164281,17166441}",Pandas-pre
2024-01-17 08:54:00,telegram,bot-send,{15270129},Pandas-v3
2024-01-18 15:40:00,telegram,,{15999087},Pandas-v3
2024-02-07 17:26:00,unisender,email,"{16013171,16762871}",6 каверз
2024-02-08 08:02:00,telegram,social,{15930477},6 каверз
2024-02-26 11:13:00,telegram,bot-send,{17060195},HARD-SQL
2024-02-26 20:48:00,telegram,bot-send,"{15931845,16774847}",HARD-SQL
2024-02-26 20:48:00,telegram,bot-send,"{15931845,16774847}",HARD-SQL
2024-03-10 09:33:00,telegram,social,{16816361},08.03.2024
2024-03-12 10:07:00,telegram,social,{15927495},portfolio ideas
2024-03-12 10:07:00,telegram,social,"{16766595,17554027}",portfolio ideas
2024-03-12 20:20:00,telegram,social,"{16769821,16820275,17193675}",20ideas
2024-03-12 21:22:00,telegram,bot-send,{16748657},20ideas
2024-03-13 02:42:00,telegram,social,"{16017013,16532045,18912267}",20ideas
2024-03-17 17:16:00,telegram,social,"{15946775,16785195,17577077}",ROADMAP
2024-03-17 17:16:00,telegram,social,"{15946775,16785195,17577077}",ROADMAP
2024-03-27 10:56:00,telegram,bot-send,"{15570281,16770335}",tinkoff-1
2024-03-27 10:56:00,telegram,social,{15959625},tinkoff-1
2024-04-05 09:42:00,unisender,email,"{15948581,16764269}",SPEC-DA-TEST
2024-06-04 17:39:00,telegram,bot-send,"{16003159,18616975}",20ideas
2024-06-04 18:56:00,unisender,email,"{16084991,16977925,18659265}",plan-python
2024-06-09 11:09:00,telegram,bot-send,"{10331397,16761959}",web_13_06
2024-06-09 21:20:00,unisender,email,{17162981},web_13_06
2024-06-10 05:44:00,telegram,bot-send,"{17147699,17428973,17428975,18451713}",web_13_06
2024-06-10 05:46:00,,,"{16228633,16771429}",50%discount
2024-06-10 05:51:00,,,"{16228633,16771429}",Sale
2024-06-10 08:59:00,itresume,top-color-block,"{16520771,21705141}",Блог
2024-06-10 09:01:00,unisender,email,{5803341},Python-FREE
2024-06-10 20:27:00,unisender,email,{15930551},Python-FREE
2024-06-11 04:41:00,unisender,email,{17212651},Студент
2024-06-11 07:21:00,telegram,bot-send,"{8887233,16766255}",student-project
2024-06-11 07:47:00,unisender,email,{16003203},student-project
2024-07-22 09:00:00,unisender,email,"{15928337,19015561,19024235}",web_23_07
2024-10-15 12:58:00,telegram,bot-send,"{16785101,17610155}",web-power-bi
2024-10-23 16:35:00,unisender,email,{17070179},web-2310
2024-11-14 00:29:00,telegram,social,"{7710743,14717267}",web-1211
2024-11-22 11:04:00,telegram,social,"{16084821,20106453}",web-2611
2024-01-03 10:54:00,unisender,email,"{16066779,16770183}",Pandas-pre
2024-01-16 10:59:00,unisender,email,{16005629},Pandas-pre
2024-01-16 10:59:00,unisender,email,{16005629},Pandas-v3
2024-01-16 11:43:00,telegram,bot-send,{5986731},Pandas-pre
2024-01-16 12:59:00,unisender,email,"{16520771,21705141}",Pandas-pre
2024-01-17 09:03:00,,,"{16528877,16801525,16816427,16865855}",Pandas-pre
2024-01-17 10:46:00,telegram,bot-send,{16979047},Pandas-v3
2024-01-17 15:11:00,telegram,bot-send,"{16020473,16771993}",Pandas-v3
2024-01-21 15:15:00,unisender,email,"{16003791,16767769}",Pandas-v3
2024-01-28 14:03:00,,,{15564527},Pandas-pre
2024-01-29 09:24:00,,,{16740831},Pandas-v3
2024-01-29 09:24:00,,,{16740831},Pandas-pre
2024-01-29 09:24:00,,,{16740831},Pandas-pre
2024-02-07 11:47:00,unisender,email,"{16864161,18675121}",6 каверз
2024-04-05 13:17:00,telegram,social,"{15908653,16763405}",SPEC-DA-TEST-START
2024-04-09 10:27:00,unisender,email,"{5809177,16767187,16767203}",Python-FREE
2024-06-11 08:08:00,telegram,bot-send,{16053929},student-project
2024-06-23 12:21:00,telegram,bot-send,"{16744437,20683779,21610186}",Ozon-25-06
2024-07-03 11:47:00,telegram,bot-send,"{16081745,16601531,17159091,18908721}",PRODUCT-TEST
2024-07-03 11:49:00,unisender,email,{15930551},PRODUCT-TEST-START
2024-07-03 11:49:00,telegram,social,"{16552793,17148487}",PRODUCT-TEST
2024-07-09 15:55:00,telegram,social,{15930477},web_09_07
2024-07-09 16:02:00,unisender,email,{11989079},web_09_07
2024-07-13 19:03:00,telegram,social,"{17064877,17101475}",PRODUCT-TEST-START
2024-07-19 09:44:00,telegram,social,"{11787181,12343743,25212617}",web_23_07
2024-07-19 10:40:00,telegram,bot-send,{17124297},web_23_07
2024-07-19 12:13:00,telegram,bot-send,{16510153},web_23_07
2024-07-23 16:08:00,telegram,social,{11989079},web_23_07
2024-07-23 16:15:00,telegram,social,"{16774081,17032641}",web_23_07
2024-07-25 12:47:00,telegram,paid-placement,"{15999339,16764375}",Python-FREE
2024-09-24 19:40:00,telegram,bot-send,{5801595},web-2409
2024-09-24 20:13:00,unisender,email,{5801075},web-2409
2024-09-24 20:14:00,unisender,email,{5801075},web-2409
2024-10-11 13:06:00,telegram,social,{5804501},web-power-bi
2024-10-11 13:28:00,unisender,email,{11264135},web-power-bi
2024-10-11 16:35:00,telegram,social,"{7710743,14717267}",web-power-bi
2024-10-11 17:51:00,telegram,bot-send,"{15921749,16695207,16773339}",web-power-bi
2024-10-11 21:39:00,unisender,email,{15930551},web-power-bi
2024-10-12 07:44:00,youtube,social,"{16549177,20634357}",Python-FREE
2024-10-14 09:41:00,telegram,paid-placement,"{16741423,18595441}",web-power-bi
2024-10-14 11:38:00,telegram,social,"{12705807,19177727}",Консультация
2024-10-14 11:42:00,telegram,social,"{8597793,15922723,17127455}",Консультация
2024-10-14 11:56:00,telegram,social,{16741325},web-power-bi
2024-10-14 12:10:00,telegram,bot-send,{11807293},plan-python
2024-10-14 12:11:00,telegram,bot-send,{2205259},Консультация
2024-10-14 12:12:00,telegram,bot-send,{11807293},plan-python
2024-10-14 12:59:00,telegram,bot-send,{16003201},Консультация
2024-10-14 13:00:00,telegram,paid-placement,{15569323},web-power-bi
2024-10-14 13:18:00,unisender,email,"{15208695,17145269,21719045}",Консультация
2024-10-14 13:42:00,webinar,livedigital,"{15571275,17145655}",Консультация
2024-10-15 07:33:00,unisender,email,{5804161},web-power-bi
2024-10-15 07:55:00,unisender,email,{5825307},web-power-bi
2024-10-15 08:01:00,unisender,email,"{16775127,16980287}",web-power-bi
2024-10-15 08:39:00,telegram,bot-send,{16765561},web-power-bi
2024-10-29 17:35:00,telegram,social,{15538843},web-2910
2024-12-04 15:51:00,telegram,social,"{16789437,16819743}",web-0412
2023-12-12 16:16:00,unisender,email,"{8853445,19554774}",Кейс-АЦ
2023-12-26 11:47:00,telegram,data_hr,{2199985},Sber-Веб
2024-01-03 13:28:00,unisender,email,{16764267},Pandas-v2
2024-01-03 13:28:00,unisender,email,{16764267},Pandas-v2
2024-01-03 13:30:00,unisender,email,{5807709},Кейс-АЦ
2024-01-03 13:34:00,,,{5807709},Pandas-pre
2024-01-03 13:42:00,unisender,email,{5807709},Pandas-pre
2024-01-03 14:30:00,unisender,email,"{15549745,16778589}",Pandas-v2
2024-01-03 14:31:00,unisender,email,{17110453},Pandas-v2
2024-01-03 14:39:00,unisender,email,"{16003565,16764873,17290925,17553527,17829067,19544884,19867361,20886197,24161655,24395845}",Pandas-v2
2024-01-03 14:39:00,unisender,email,"{16003565,16764873,17290925,17553527,17829067,19544884,19867361,20886197,24161655,24395845}",Pandas-pre
2024-01-03 14:39:00,unisender,email,"{16003565,16764873,17290925,17553527,17829067,19544884,19867361,20886197,24161655,24395845}",Pandas-v2
2024-01-03 15:34:00,unisender,email,{16541723},Pandas-v2
2024-01-03 15:34:00,unisender,email,{16541723},Pandas-pre
2024-01-16 10:34:00,unisender,email,"{15549745,16778589}",Pandas-v3
2024-02-08 14:57:00,telegram,social,{15916845},6 каверз
2024-02-08 15:02:00,telegram,social,{16529429},6 каверз
2024-02-08 17:26:00,unisender,email,"{15921589,16766225,18451399}",6 каверз
2024-02-08 17:45:00,telegram,social,"{17123457,17541177,18678281,21487554}",6 каверз
2024-02-08 18:36:00,unisender,email,{15954809},6 каверз
2024-02-08 21:32:00,telegram,social,{16238231},6 каверз
2024-02-11 05:22:00,telegram,social,"{15924193,17562089}",6 каверз
2024-02-11 09:05:00,telegram,social,"{15924193,17108465,22058459}",Студент
2024-02-11 15:55:00,telegram,bot-send,"{5983741,16765093}",SQL автовеб 15.08.23
2024-02-12 18:10:00,instagram,cpa,{15270129},Workshop-RFM
2024-02-13 07:46:00,Unisender,email,{16788821},Экскурсия
2024-02-13 08:41:00,Unisender,email,{16561627},Экскурсия
2024-02-13 10:31:00,bot,free-course-pandas,"{15895095,21196294,21339476}",Студент
2024-03-05 10:51:00,telegram,social,{17032093},ROADMAP
2024-04-12 13:03:00,unisender,email,"{15921589,16766225,18451399}",tinkoff-1
2024-04-16 08:29:00,unisender,email,"{17147401,17177859}",SQL-16-04-24
2024-04-16 09:38:00,telegram,bot-send,{15999087},SQL-16-04-24
2024-05-17 14:49:00,telegram,social,{16572265},Select-Materials
2024-12-20 10:03:00,telegram,paid-placement,"{15908653,16763405}",web-2412
2024-12-20 10:38:00,unisender,email,"{16833811,16833813}",web-2412
2024-12-24 17:40:00,vkontakte,social,{16816881},web-2412
2024-12-24 17:55:00,telegram,bot-send,"{15928337,19015561,19024235}",web-2412
2025-01-13 21:26:00,telegram,paid-placement,{15959625},web-1401
2025-01-28 16:19:00,andron23,,"{16774955,18347079}",web-2801
2024-08-06 16:16:00,unisender,email,{16765561},web-resume
2024-08-07 06:16:00,telegram,social,{5825207},web-resume
2024-08-07 06:42:00,telegram,bot-send,"{16267739,19910637,22930899}",web-resume
2024-08-14 11:21:00,unisender,email,{17110453},intensive-analyst
2024-08-14 11:39:00,telegram,bot-send,"{15995043,16764165,18222859}",intensive-analyst
2024-08-14 19:03:00,unisender,email,{9832301},intensive-analyst
2024-08-14 19:06:00,telegram,bot-send,{9832301},intensive-analyst
2024-08-19 11:31:00,telegram,paid-placement,{16784025},intensive-analyst
2024-08-20 15:07:00,telegram,paid-placement,"{11787181,12343743,25212617}",intensive-analyst
2024-08-20 15:09:00,telegram,social,{15935273},intensive-analyst
2024-08-20 15:14:00,telegram,bot-send,"{15948581,16764269}",intensive-analyst
2024-08-20 15:19:00,telegram,social,{13336155},intensive-analyst
2024-08-20 15:34:00,unisender,email,"{16815989,19322542,20014965}",intensive-analyst
2024-08-20 15:34:00,telegram,social,{15930477},intensive-analyst
2024-08-20 15:47:00,,,{16397299},intensive-analyst
2024-08-20 15:50:00,telegram,bot-send,"{16524625,19066647,20106413}",intensive-analyst
2024-08-20 15:53:00,telegram,bot-send,{16077105},intensive-analyst
2024-08-20 15:56:00,telegram,social,{15935273},intensive-analyst
2024-08-20 15:57:00,bloger,post,"{5848071,20887407}",intensive-analyst
2024-10-29 17:24:00,telegram,social,"{17147699,17428973,17428975,18451713}",web-2910
2024-10-29 17:24:00,telegram,social,"{17147699,17428973,17428975,18451713}",web-2910
2024-10-29 17:30:00,telegram,social,{15538843},web-2910
2024-10-29 17:32:00,telegram,social,{15538843},web-2910
2024-11-26 17:44:00,telegram,social,{11377605},web-2611
2024-11-27 08:24:00,telegram,social,{16529429},demo-da
2024-12-17 15:58:00,telegram,social,{16037581},web-1712
2024-12-20 15:46:00,telegram,paid-placement,{16521983},web-2412
2025-01-14 16:11:00,unisender,email,"{16763135,17560101}",web-1401
2024-06-20 10:31:00,unisender,email,"{16570977,18237375}",МК-Python
2025-01-14 16:12:00,telegram,bot-send,"{16312435,19011609}",web-1401
2025-01-14 16:13:00,unisender,email,"{15591603,16773121,18378405}",web-1401
2025-01-14 16:14:00,telegram,bot-send,{11989079},web-1401
2025-01-14 16:14:00,telegram,bot-send,{11989079},web-1401
2025-01-14 16:17:00,telegram,bot-send,{17177205},web-1401
2025-01-14 16:21:00,telegram,bot-send,"{16784957,20490049}",web-1401
2024-11-06 16:40:00,telegram,social,"{15549257,17146927,18114357}",web-0611
2024-09-20 19:40:00,unisender,email,"{16570977,18237375}",web-2409
2024-01-03 08:15:00,bot,events-simulative,{16816881},Pandas-pre
2024-03-05 10:46:00,telegram,bot-send,{17150971},ROADMAP
2024-03-05 14:53:00,unisender,email,{11074775},ROADMAP
2024-04-04 11:26:00,unisender,email,{16814977},abc-portfolio
2024-04-17 09:21:00,,,{15270129},Python-FREE
2024-05-24 05:37:00,telegram,bot-send,"{16815413,17006383,17006385}",20ideas
2024-06-13 14:50:00,telegram,social,"{17129421,17562213}",web_13_06
2024-07-18 09:41:00,telegram,bot-send,"{17149715,19953343,20314445}",DA-TEST-START
2024-08-20 15:59:00,telegram,bot-send,{16051969},intensive-analyst
2024-08-20 15:59:00,telegram,bot-send,{17034101},intensive-analyst
2024-08-20 15:59:00,bloger,post,"{16259985,16762065,19576502,24830799}",intensive-analyst
2024-08-20 16:00:00,telegram,social,{16054019},intensive-analyst
2024-08-20 16:01:00,bloger,post,"{8597793,15922723,17127455}",intensive-analyst
2024-08-20 16:01:00,bloger,post,{17098575},intensive-analyst
2024-08-20 16:01:00,telegram,bot-send,{16051969},intensive-analyst
2024-08-20 16:02:00,telegram,bot-send,{14728903},intensive-analyst
2024-08-20 16:02:00,bloger,post,"{16312435,19011609}",intensive-analyst
2024-08-20 16:02:00,telegram,bot-send,"{15995043,16764165,18222859}",intensive-analyst
2024-08-20 16:03:00,telegram,bot-send,{17034101},intensive-analyst
2024-08-20 16:03:00,telegram,bot-send,{16442961},intensive-analyst
2024-08-20 16:03:00,telegram,paid-placement,"{899109,18648001}",intensive-analyst
2024-08-20 16:03:00,telegram,social,{15538843},intensive-analyst
2024-08-20 16:04:00,telegram,bot-send,"{17124341,17323493,18223273}",intensive-analyst
2024-08-20 16:04:00,telegram,bot-send,{17034101},intensive-analyst
2024-08-20 16:04:00,telegram,social,{16529429},intensive-analyst
2024-08-20 16:04:00,telegram,bot-send,{17034101},intensive-analyst
2024-08-20 16:32:00,unisender,email,"{15560415,16770403}",intensive-analyst
2024-09-04 09:48:00,telegram,social,{6513319},become-analyst
2024-09-13 11:12:00,telegram,bot-send,"{17064189,21629325}",become-bi
2024-09-14 09:21:00,telegram,paid-placement,{17163457},plan-python
2024-11-12 05:25:00,telegram,social,"{15882917,17164025}",web-1211
2024-09-14 10:17:00,,,{17163457},plan-python
2024-09-17 16:04:00,telegram,bot-send,{5801595},become-bi
2025-01-19 02:25:00,,,{16816881},itresume
2024-09-17 17:13:00,telegram,bot-send,"{16638863,21141338,21960773,25014165}",become-bi
2024-09-20 11:04:00,telegram,bot-send,{5804501},web-2409
2024-09-20 11:48:00,unisender,email,{2494413},web-2409
2024-09-20 13:06:00,telegram,bot-send,{15417229},web-2409
2024-09-21 13:09:00,unisender,email,{11264135},web-2409
2024-09-22 19:46:00,vk_ads,cpm,{16510153},web-2409
2024-10-02 02:43:00,telegram,social,{15536401},student-project
2024-10-04 07:46:00,telegram,bot-send,"{16561367,16766579,16864685,19270727}",web-geo-analyt
2024-10-07 11:34:00,telegram,paid-placement,{10419305},web-geo-analyt
2024-10-08 15:37:00,telegram,bot-send,"{16743379,19453462,21000955}",web-geo-analyt
2024-10-08 16:02:00,unisender,email,"{16775127,16980287}",web-geo-analyt
2024-10-10 11:29:00,unisender,email,{13904427},web-power-bi
2024-10-12 12:16:00,telegram,social,{16788821},web-geo-analyt
2024-10-12 12:30:00,telegram,social,{11789383},web-power-bi
2024-10-14 11:08:00,telegram,paid-placement,"{16691305,16798093}",web-power-bi
2024-10-14 12:10:00,telegram,bot-send,{11377605},web-power-bi
2024-10-15 07:46:00,unisender,email,"{16287273,16767225}",web-power-bi
2024-10-15 10:01:00,telegram,paid-placement,"{15922439,19436980,20455897}",web-power-bi
2024-10-15 10:51:00,telegram,social,{16784025},web-power-bi
2024-10-15 14:40:00,telegram,social,"{15923171,21320212}",Python-FREE
2024-10-15 16:01:00,telegram,bot-send,{15569467},web-power-bi
2024-10-15 16:02:00,unisender,email,"{16228633,16771429}",web-power-bi
2024-10-15 16:09:00,telegram,bot-send,{17034101},web-power-bi
2024-10-15 16:21:00,telegram,bot-send,"{15946775,16785195,17577077}",web-power-bi
2024-10-15 17:27:00,telegram,social,"{7710743,14717267}",web-power-bi
2024-10-15 17:59:00,telegram,paid-placement,"{17006467,18897949}",web-power-bi
2024-10-15 18:24:00,unisender,email,{5825307},web-power-bi
2024-10-23 16:04:00,unisender,email,{17212651},web-2310
2024-10-29 17:37:00,telegram,bot-send,{15538843},web-2910
2024-10-29 21:31:00,unisender,email,"{16336117,16778411,17631349,18418999}",web-2910
2024-10-30 05:36:00,telegram,social,{12367367},web-2910
2024-10-30 05:53:00,telegram,bot-send,{16397299},web-resume
2024-10-30 08:31:00,,,"{17163457,18257003,22568895}",Консультация
2024-10-30 15:12:00,admitad,,{16299591},6 каверз
2024-10-31 11:53:00,yandex,cpc,{11989079},abc-portfolio
2024-11-02 09:51:00,telegram,bot-send,{5825207},web-0611
2024-11-02 10:12:00,unisender,email,"{15916041,18583517}",web-0611
2024-11-08 08:23:00,telegram,bot-send,"{17099555,17099557,17099759}",web-1211
2024-11-08 08:28:00,unisender,email,"{16570977,18237375}",web-1211
2024-11-08 09:30:00,telegram,bot-send,{15941867},web-1211
2024-11-13 23:29:00,telegram,bot-send,"{16259985,16762065,19576502,24830799}",web-1211
2024-11-13 23:31:00,telegram,social,"{7710743,14717267}",web-1211
2024-11-13 23:37:00,telegram,social,"{16281907,16792385}",web-1211
2024-11-13 23:39:00,telegram,social,"{17143617,20730839}",web-1211
2024-11-13 23:39:00,telegram,social,"{16281907,16792385}",web-1211
2024-11-13 23:41:00,telegram,bot-send,{16256923},web-1211
2024-11-20 12:59:00,telegram,bot-send,"{16763135,17560101}",Кейс-АЦ
2024-11-25 12:05:00,telegram,social,{15930477},PRODUCT-TEST-START
2024-11-26 16:06:00,unisender,email,{17060195},web-2611
2024-11-27 14:56:00,telegram,social,"{16002315,17136577,18651907,18658731,19040861}",demo-da
2024-12-02 00:13:00,unisender,email,"{15591603,16773121,18378405}",web-0412
2024-12-02 11:15:00,unisender,email,"{15549745,16778589}",6 каверз
2024-12-20 10:26:00,telegram,bot-send,{16257235},web-2412
2025-01-14 16:27:00,,,{5807709},web-1401
2025-01-14 16:27:00,telegram,bot-send,"{16001545,17165757}",web-1401
2025-01-14 16:30:00,telegram,bot-send,{7366116},web-1401
2025-01-14 16:33:00,telegram,bot-send,"{17000877,18084425,20490435,22069703,24667759}",web-1401
2025-01-14 16:34:00,telegram,paid-placement,{15922897},web-1401
2025-01-14 17:03:00,telegram,paid-placement,"{9343497,22856197,25323757}",web-1401
2025-01-14 17:05:00,telegram,social,"{17151209,19295911,21692221}",web-1401
2025-01-14 17:18:00,telegram,social,{16256923},web-1401
2025-01-14 17:18:00,telegram,social,{16256923},web-1401
2025-01-14 17:23:00,telegram,paid-placement,{16669409},web-1401
2024-01-10 08:04:00,unisender,email,{17212651},Студент
2024-03-27 16:38:00,vkontakte,social,{16957229},tinkoff-1
2024-04-17 16:09:00,partner,itresume,"{15921793,15927163,17122529}",6 каверз
2024-04-18 13:04:00,telegram,social,"{17151345,17232163,19399386}",20ideas
2024-05-01 14:07:00,youtube,social,"{16549177,20634357}",Python-FREE
2024-06-24 18:21:00,telegram,social,{15930477},abc-portfolio
2024-06-24 18:27:00,telegram,paid-placement,{12481235},Ozon-25-06
2024-06-24 18:35:00,telegram,paid-placement,"{5809177,16767187,16767203}",Ozon-25-06
2024-06-25 07:00:00,telegram,auto-send,{11789383},Python-FREE
2024-08-20 16:06:00,telegram,social,"{16762199,18914983,20980525}",intensive-analyst
2024-08-20 16:06:00,telegram,social,{15538843},intensive-analyst
2024-08-20 16:07:00,telegram,bot-send,"{16638863,21141338,21960773,25014165}",intensive-analyst
2024-08-20 16:07:00,telegram,bot-send,{16542771},intensive-analyst
2024-10-25 14:40:00,telegram,bot-send,"{5802551,18648021}",web-2910
2024-10-26 15:10:00,unisender,email,"{16259985,16762065,19576502,24830799}",web-2910
2024-10-28 09:52:00,telegram,paid-placement,{16764267},web-2910
2024-10-29 16:23:00,unisender,email,"{16259985,16762065,19576502,24830799}",web-2910
2024-10-29 17:35:00,telegram,social,{15538843},web-2910
2024-11-02 09:35:00,telegram,bot-send,{16528805},web-0611
2024-11-02 09:38:00,unisender,email,"{16815989,19322542,20014965}",web-0611
2024-11-02 09:38:00,telegram,bot-send,{15417229},web-0611
2024-11-02 09:46:00,telegram,social,"{15942213,16974953,20010059}",web-0611
2024-11-02 09:52:00,telegram,bot-send,"{17099555,17099557,17099759}",web-0611
2024-11-02 09:56:00,telegram,social,"{17151209,19295911,21692221}",web-0611
2024-11-02 09:57:00,telegram,social,{15569323},web-0611
2024-11-02 09:58:00,telegram,social,"{17151787,17558471,21456436,21502670,21566010}",web-0611
2024-11-02 09:59:00,telegram,bot-send,{9327543},web-0611
2024-11-02 10:02:00,telegram,bot-send,"{15999793,17100049,18568773}",web-0611
2024-11-02 10:15:00,unisender,email,{15929467},web-0611
2024-11-02 10:21:00,telegram,bot-send,{11074775},web-0611
2024-11-06 16:26:00,telegram,bot-send,"{16053107,16761795}",web-0611
2024-11-06 16:26:00,telegram,bot-send,"{16053107,16761795}",web-0611
2024-11-06 16:27:00,telegram,social,"{5840561,16823375,17195057}",web-0611
2024-11-08 08:52:00,telegram,bot-send,"{16741423,18595441}",web-1211
2024-11-08 08:58:00,telegram,bot-send,"{16011643,19950481,20319115}",web-1211
2024-11-08 09:03:00,telegram,social,"{17146067,20598005}",web-1211
2024-11-08 09:10:00,telegram,social,"{15208695,17145269,21719045}",web-1211
2024-11-08 09:18:00,telegram,social,{17033243},DA-TEST
2024-11-08 09:21:00,telegram,bot-send,{16542771},web-1211
2024-11-08 09:22:00,telegram,bot-send,"{15942213,16974953,20010059}",web-1211
2024-11-08 09:23:00,telegram,social,"{10654999,17558293}",web-1211
2024-11-08 09:30:00,telegram,bot-send,{15941867},web-1211
2024-11-08 09:30:00,unisender,email,{5824941},web-1211
2024-11-08 09:40:00,unisender,email,"{15927075,16695207,16773339,17310203,17631349,18418999,23553585}",web-1211
2024-11-08 09:47:00,unisender,email,"{15922681,16560611}",web-1211
2024-11-08 09:54:00,unisender,email,{16816361},web-1211
2024-11-08 10:02:00,telegram,bot-send,"{15928661,23819030}",web-1211
2024-11-08 10:11:00,telegram,bot-send,"{16524625,19066647,20106413}",web-1211
2024-11-08 10:19:00,telegram,bot-send,{16528793},web-1211
2024-11-08 10:22:00,telegram,bot-send,{7366116},web-1211
2024-11-08 10:23:00,telegram,bot-send,{17060195},web-1211
2024-11-09 17:24:00,telegram,bot-send,"{17039433,17039435}",web-2910
2024-11-09 17:39:00,telegram,paid-placement,{15922897},web-1211
2024-11-13 22:52:00,telegram,bot-send,{16256923},web-1211
2024-11-13 22:53:00,telegram,social,{17089011},web-1211
2024-11-13 23:33:00,telegram,bot-send,{11989079},web-1211
2024-11-13 23:34:00,telegram,social,"{15208695,17145269,21719045}",web-1211
2024-11-13 23:34:00,telegram,paid-placement,{16069723},web-1211
2024-11-13 23:35:00,bloger,post,"{15921749,16695207,16773339}",web-1211
2024-11-13 23:36:00,telegram,bot-send,{16256923},web-1211
2024-11-13 23:38:00,bloger,post,"{15921749,16695207,16773339}",web-1211
2024-11-13 23:38:00,telegram,bot-send,{17033243},web-1211
2024-11-13 23:38:00,telegram,social,"{7710743,14717267}",web-1211
2024-11-13 23:38:00,telegram,social,"{17143617,20730839}",web-1211
2024-11-13 23:39:00,telegram,social,"{17146067,20598005}",web-1211
2024-11-13 23:40:00,telegram,bot-send,{11989079},web-1211
2024-11-13 23:41:00,telegram,bot-send,{8346889},web-1211
2024-11-13 23:41:00,telegram,social,"{17146067,20598005}",web-1211
2024-11-13 23:41:00,telegram,bot-send,{8346889},web-1211
2024-11-26 07:32:00,telegram,social,{15943559},web-2611
2024-11-26 16:28:00,telegram,bot-send,"{16684485,18689443}",web-2611
2024-11-28 06:38:00,vkontakte,social,{17177743},web-2611
2024-11-29 09:47:00,telegram,bot-send,"{15208695,17145269,21719045}",web-0412
2024-11-29 13:33:00,telegram,bot-send,"{17099555,17099557,17099759}",web-0412
2024-11-30 06:30:00,vkontakte,social,"{16001545,17165757}",web-2611
2024-11-30 10:31:00,yandex,cpc,{16521983},demo-da
2024-12-02 11:12:00,telegram,bot-send,{16770865},6 каверз
2024-12-02 12:24:00,unisender,email,{12262075},6 каверз
2024-12-02 17:29:00,telegram,bot-send,{16008929},6 каверз
2024-12-04 08:09:00,telegram,bot-send,{16529429},web-0412
2024-12-04 08:23:00,telegram,bot-send,"{16081745,16601531,17159091,18908721}",web-0412
2024-12-04 09:12:00,telegram,bot-send,"{15999363,16775393}",web-0412
2024-01-11 18:39:00,,,{17178355},Студент
2024-12-04 16:01:00,telegram,bot-send,"{9164281,17166441}",web-0412
2024-12-04 16:13:00,telegram,social,{15924251},web-0412
2024-12-04 16:13:00,telegram,bot-send,{15922837},web-0412
2024-12-04 16:14:00,telegram,social,"{16815989,19322542,20014965}",web-0412
2024-12-04 16:23:00,unisender,email,{5807709},Кейс-АЦ
2024-12-04 17:58:00,telegram,social,{15538843},web-0412
2024-12-06 07:11:00,,,{16521983},Python-FREE
2024-12-06 08:51:00,unisender,email,"{16741423,18595441}",web-1112
2024-12-06 09:12:00,telegram,bot-send,"{16561367,16766579,16864685,19270727}",web-1112
2024-12-07 18:37:00,telegram,bot-send,"{16281907,16792385}",6 каверз
2024-12-11 15:18:00,telegram,social,{11989079},abc-portfolio
2024-12-13 21:25:00,telegram,bot-send,"{16170213,16978525}",web-1712
2024-12-20 10:30:00,telegram,bot-send,{5800297},web-2412
2024-12-20 14:26:00,telegram,bot-send,{13336155},web-2412
2024-12-20 18:00:00,telegram,bot-send,"{16864161,18675121}",web-2412
2024-12-24 11:53:00,unisender,email,"{16287273,16767225}",web-1112
2024-12-24 14:15:00,telegram,bot-send,{11264135},web-2412
2024-12-24 16:16:00,telegram,bot-send,{15536401},web-2412
2024-12-24 16:32:00,telegram,bot-send,{7366116},web-2412
2024-12-24 18:16:00,unisender,email,{16529295},web-2412
2025-01-03 08:26:00,telegram,bot-send,"{16013985,17154261,19412264,20682793}",advent
2025-01-03 09:21:00,,,{15930477},advent
2025-01-05 10:35:00,telegram,bot-send,{15569467},advent
2025-01-06 11:21:00,telegram,paid-placement,"{16281907,16792385}",autoweb-yandex
2025-01-15 11:11:00,telegram,social,"{17143617,20730839}",Ads-metrics
2025-01-15 11:11:00,unisender,email,"{8358657,16574417}",Ads-metrics
2025-01-15 11:11:00,telegram,bot-send,"{17064189,21629325}",Ads-metrics
2025-01-15 11:13:00,telegram,bot-send,"{16170213,16978525}",Ads-metrics
2025-01-24 08:49:00,telegram,bot-send,"{16561769,17099415}",web-2801
2024-03-10 08:18:00,unisender,email,"{5809177,16767187,16767203}",08.03.2024
2024-03-21 19:19:00,,,"{15995043,16764165,18222859}",DA-TEST-START
2024-03-29 21:07:00,telegram,bot-send,"{16531399,16771081}",DA-TEST
2024-04-04 11:08:00,telegram,bot-send,"{16528877,16801525,16816427,16865855}",abc-portfolio
2024-04-04 11:08:00,telegram,bot-send,"{16011643,16871171,19092417}",abc-portfolio
2024-04-04 11:09:00,telegram,bot-send,"{16762199,18914983,20980525}",abc-portfolio
2024-04-04 11:10:00,telegram,bot-send,{15270129},abc-portfolio
2024-04-04 11:12:00,telegram,bot-send,{11693353},abc-portfolio
2024-04-04 11:13:00,telegram,bot-send,{17124297},abc-portfolio
2024-04-16 10:37:00,telegram,bot-send,"{16017013,16532045,18912267}",abc-portfolio
2024-05-13 11:49:00,unisender,email,{16200535},plan-python
2024-06-04 14:59:00,telegram,social,"{16003401,16776137,19318216}",plan-python
2024-06-04 15:56:00,telegram,social,{5804161},plan-python
2024-07-18 09:49:00,telegram,bot-send,"{16773339,17631349,18418999,23464085}",DA-TEST-START
2024-08-20 09:08:00,telegram,social,{12367367},intensive-analyst
2024-08-20 15:14:00,telegram,bot-send,"{16056423,16769383}",intensive-analyst
2024-08-20 15:51:00,telegram,social,{16765561},intensive-analyst
2024-08-20 16:05:00,telegram,social,"{17099545,17756329,18078281}",intensive-analyst
2024-08-20 16:05:00,telegram,bot-send,{5799759},intensive-analyst
2024-09-22 19:46:00,vk_ads,cpm,{16510153},web-2409
2024-09-24 16:06:00,unisender,email,"{16741423,18595441}",web-2409
2024-11-06 16:29:00,telegram,social,{16078217},web-0611
2024-11-13 23:43:00,telegram,bot-send,"{16741423,18595441}",web-1211
2024-11-13 23:43:00,telegram,bot-send,"{16017013,16532045,18912267}",web-1211
2024-11-13 23:44:00,telegram,bot-send,"{16017013,16532045,18912267}",web-1211
2024-11-13 23:44:00,telegram,social,"{10654999,17558293}",web-1211
2024-11-13 23:45:00,telegram,social,"{7710743,14717267}",web-1211
2024-12-24 05:11:00,material,plan-for-learning-python,"{12447353,24254221}",Python-FREE
2024-11-13 23:45:00,telegram,social,"{7710743,14717267}",web-1211
2024-11-13 23:46:00,telegram,bot-send,{16256923},web-1211
2024-11-13 23:46:00,telegram,paid-placement,"{16312435,19011609}",web-1211
2024-11-13 23:46:00,telegram,bot-send,"{16741423,18595441}",web-1211
2024-11-13 23:47:00,bloger,post,"{15921749,16695207,16773339}",web-1211
2024-11-13 23:47:00,telegram,social,"{16552793,17148487}",web-1211
2024-11-13 23:48:00,telegram,social,{17089011},web-1211
2024-11-13 23:49:00,telegram,social,"{15942213,16974953,20010059}",web-1211
2024-11-13 23:49:00,telegram,bot-send,{11989079},web-1211
2024-11-13 23:49:00,telegram,social,"{16552793,17148487}",web-1211
2024-11-13 23:50:00,telegram,social,"{17143617,20730839}",web-1211
2024-11-13 23:52:00,telegram,paid-placement,"{16312435,19011609}",web-1211
2024-11-13 23:52:00,telegram,bot-send,"{16259985,16762065,19576502,24830799}",web-1211
2024-11-13 23:52:00,telegram,bot-send,{17033243},web-1211
2024-11-13 23:53:00,telegram,bot-send,"{16741423,18595441}",web-1211
2024-11-13 23:53:00,unisender,email,"{16336117,16778411,17631349,18418999}",web-1211
2024-11-13 23:54:00,telegram,social,"{7710743,14717267}",web-1211
2024-11-13 23:54:00,telegram,bot-send,"{16741423,18595441}",web-1211
2024-11-13 23:54:00,telegram,bot-send,{16529429},web-1211
2024-11-13 23:54:00,telegram,bot-send,"{16741423,18595441}",web-1211
2024-11-13 23:56:00,telegram,bot-send,"{15621747,16768801}",web-1211
2024-11-14 00:11:00,telegram,social,"{10654999,17558293}",web-1211
2024-11-18 18:06:00,telegram,social,{5844181},HARD-SQL
2024-11-18 18:07:00,,,{5844181},HARD-SQL
2024-11-18 18:07:00,telegram,social,"{15549257,17146927,18114357}",HARD-SQL
2024-11-18 18:08:00,,,{5844181},HARD-SQL
2024-11-18 18:47:00,telegram,social,{11989079},HARD-SQL
2024-11-18 18:47:00,telegram,social,{11989079},HARD-SQL
2024-11-20 13:01:00,telegram,bot-send,"{15928661,23819030}",Кейс-АЦ
2024-11-25 06:49:00,telegram,paid-placement,{16763245},web-2611
2024-11-29 10:59:00,telegram,social,"{17147699,17428973,17428975,18451713}",web-0412
2024-11-29 11:01:00,telegram,bot-send,"{17147699,17428973,17428975,18451713}",web-0412
2024-11-29 11:01:00,telegram,paid-placement,"{16773339,17631349,18418999,23464085}",Кейс-АЦ
2024-11-29 11:16:00,unisender,email,{16769049},web-0412
2024-11-29 12:31:00,telegram,paid-placement,"{16259985,16762065,19576502,24830799}",Кейс-АЦ
2024-11-29 12:43:00,telegram,bot-send,"{16785101,17610155}",web-0412
2024-11-29 13:21:00,telegram,social,"{7710743,14717267}",web-0412
2024-11-29 14:21:00,telegram,bot-send,"{15933065,16754539}",web-0412
2024-11-29 15:25:00,telegram,bot-send,"{9825095,23710543}",web-0412
2024-11-29 17:14:00,telegram,social,"{16281907,16792385}",web-0412
2024-11-29 17:31:00,telegram,bot-send,"{16002315,17136577,18651907,18658731,19040861}",web-0412
2024-11-29 21:05:00,telegram,social,{16008929},web-0412
2024-11-29 23:24:00,telegram,bot-send,{17150093},web-0412
2024-11-30 05:06:00,telegram,social,{16996099},web-0412
2024-12-01 04:16:00,telegram,social,"{15942213,16974953,20010059}",web-2611
2024-12-01 17:10:00,unisender,email,{5801075},demo-da
2024-12-01 17:29:00,telegram,bot-send,{5801075},web-0412
2024-12-01 17:47:00,telegram,social,"{5693721,16690195,18716943}",web-0412
2024-12-01 21:26:00,telegram,social,{5804501},web-0412
2024-12-01 22:59:00,unisender,email,"{16570977,18237375}",web-0412
2024-12-02 08:35:00,telegram,social,"{15927075,16695207,17631349,19006309}",6 каверз
2024-12-02 08:39:00,telegram,social,{15930477},6 каверз
2024-12-02 08:39:00,telegram,social,"{16773339,17631349,18418999,23464085}",6 каверз
2024-12-02 09:19:00,unisender,email,{11766391},6 каверз
2024-12-02 09:28:00,telegram,social,"{15938237,16761965}",6 каверз
2024-12-02 09:47:00,telegram,social,{16572265},6 каверз
2024-12-02 09:54:00,unisender,email,"{16784957,20490049}",6 каверз
2024-12-02 09:56:00,unisender,email,"{15895095,16011643,19032967}",6 каверз
2024-12-02 10:18:00,telegram,bot-send,"{15621747,16768801}",6 каверз
2024-12-02 10:19:00,telegram,bot-send,{15588591},6 каверз
2024-12-02 10:22:00,telegram,bot-send,"{16013985,17154261,19412264,20682793}",6 каверз
2024-12-02 10:23:00,telegram,bot-send,{5820699},6 каверз
2024-12-02 10:23:00,telegram,social,"{16003335,16767837}",6 каверз
2024-12-02 10:32:00,telegram,bot-send,{16299591},6 каверз
2024-12-02 10:35:00,telegram,bot-send,"{15928661,23819030}",6 каверз
2024-12-02 10:47:00,telegram,bot-send,"{17000877,18084425,20490435,22069703,24667759}",6 каверз
2024-12-02 10:50:00,unisender,email,"{11014471,18361379}",Консультация
2024-12-02 10:51:00,telegram,social,"{10654999,17558293}",6 каверз
2024-12-02 11:07:00,telegram,social,{16529429},6 каверз
2024-12-02 11:19:00,telegram,social,"{16053107,16761795}",6 каверз
2024-12-02 11:31:00,telegram,bot-send,{15923745},6 каверз
2024-12-02 11:41:00,telegram,bot-send,"{15924235,17743009}",6 каверз
2024-12-02 11:51:00,telegram,bot-send,"{16003565,16764873,17290925,17553527,17829067,19544884,19867361,20886197,24161655,24395845}",6 каверз
2024-12-02 11:57:00,unisender,email,{16045707},6 каверз
2024-12-02 12:59:00,unisender,email,{2494413},6 каверз
2024-12-02 13:54:00,telegram,social,{16996099},6 каверз
2024-12-02 13:54:00,telegram,social,"{17151209,19295911,21692221}",6 каверз
2024-12-02 14:09:00,telegram,bot-send,{15417229},6 каверз
2024-12-02 15:55:00,telegram,bot-send,{17212651},6 каверз
2024-12-24 06:17:00,vkontakte,social,{16853135},web-2412
2024-12-02 15:56:00,telegram,bot-send,"{16773339,17163457,18418999}",web-0412
2024-12-02 16:24:00,telegram,social,"{2200671,5806435,18084533,20586583}",6 каверз
2024-12-04 08:21:00,telegram,bot-send,"{15922169,16767575}",web-0412
2024-12-04 08:21:00,unisender,email,{17123277},web-0412
2024-12-04 16:01:00,telegram,social,{15538843},web-0412
2024-12-09 05:48:00,telegram,social,{12488361},6 каверз
2024-12-09 13:28:00,telegram,paid-placement,{16739833},web-1112
2024-12-10 07:12:00,telegram,bot-send,{16016135},web-1112
2024-12-11 12:30:00,telegram,social,{15935273},abc-portfolio
2024-12-11 13:24:00,telegram,social,{15929783},abc-portfolio
2024-12-11 16:25:00,telegram,social,{11377605},web-1112
2024-12-13 09:24:00,telegram,social,{15935273},web-1712
2024-12-20 21:49:00,unisender,email,"{15922681,16560611}",web-2412
2024-12-24 16:01:00,telegram,paid-placement,{16765561},web-2412
2025-01-15 15:04:00,telegram,social,"{15933065,16754539}",Ads-metrics
2025-01-24 07:12:00,telegram,social,"{16761837,21782923}",web-2801
2025-01-24 07:12:00,telegram,social,{10419305},web-2801
2025-01-24 08:07:00,telegram,social,"{17156637,20605369,20764479}",web-2801
2025-01-24 08:15:00,telegram,bot-send,{15930477},web-2801
2025-01-27 09:40:00,telegram,paid-placement,"{17147699,17428973,17428975,18451713}",web-2801
2025-01-30 09:10:00,telegram,bot-send,{16292997},research
2024-03-12 11:07:00,telegram,bot-send,"{16528877,16801525,16816427,16865855}",20ideas
2024-03-30 16:36:00,telegram,bot-send,{16764267},DA-TEST-START
2024-03-30 17:42:00,telegram,bot-send,{16764267},DA-TEST-START
2024-03-30 17:46:00,telegram,bot-send,{16764267},DA-TEST-START
2024-03-31 11:06:00,telegram,social,"{16531341,16775575}",Ads-metrics
2024-03-31 11:51:00,telegram,bot-send,"{11014471,18361379}",DA-TEST
2024-03-31 14:55:00,telegram,social,"{16864161,18675121}",DA-TEST-START
2024-03-31 14:57:00,telegram,bot-send,"{15548959,16763825,18256737,19434630}",DA-TEST-START
2024-04-04 11:06:00,telegram,bot-send,{17005839},abc-portfolio
2024-04-16 16:01:00,telegram,social,{5801075},Ads-metrics
2024-04-16 16:19:00,unisender,email,"{15667785,18847199,19503222}",Python-FREE
2024-04-16 16:36:00,vk_ads,cpm,"{16766403,17180005,18352763,18371345,18522335}",Workshop-RFM
2024-06-20 18:28:00,,,{16104917},itresume
2024-06-25 13:57:00,telegram,bot-send,"{2200671,5806435,18084533,20586583}",Ozon-25-06
2024-06-25 15:16:00,telegram,social,{12349789},Ozon-25-06
2024-06-25 15:33:00,telegram,bot-send,{16104917},Ozon-25-06
2024-07-18 19:30:00,telegram,bot-send,"{16013171,16762871}",DA-TEST-START
2024-07-18 20:06:00,telegram,bot-send,"{16013171,16762871}",DA-TEST
2024-07-19 09:39:00,telegram,social,"{16570977,18237375}",web_23_07
2024-07-19 09:39:00,telegram,social,"{16003565,16764873,17290925,17553527,17829067,19544884,19867361,20886197,24161655,24395845}",web_23_07
2024-07-19 09:40:00,telegram,social,{15539831},web_23_07
2024-07-19 09:40:00,telegram,social,"{16772541,20843231}",web_23_07
2024-07-19 09:47:00,telegram,social,"{17123865,17560467,18878981}",web_23_07
2024-07-19 09:48:00,telegram,social,"{15924193,17108465,22058459}",web_23_07
2024-09-17 16:03:00,telegram,bot-send,"{16056423,16769383}",become-bi
2024-11-23 18:47:00,telegram,social,"{9825095,23710543}",web-2611
2024-11-24 17:21:00,telegram,bot-send,{17150971},Кейс-АЦ
2024-12-02 17:43:00,telegram,social,"{17064877,17101475}",6 каверз
2024-12-02 18:30:00,telegram,bot-send,{5807709},web-0412
2024-12-02 18:38:00,unisender,email,{5807709},6 каверз
2024-12-02 18:39:00,telegram,social,{5807709},HARD-SQL
2024-12-02 18:42:00,unisender,email,{5807709},Кейс-АЦ
2024-12-02 18:43:00,telegram,bot-send,{15929467},6 каверз
2024-12-03 08:44:00,telegram,bot-send,{16299591},6 каверз
2024-12-03 10:47:00,telegram,paid-placement,"{16773339,17163457,18418999}",web-0412
2024-12-03 10:58:00,telegram,paid-placement,{16739833},web-0412
2024-12-03 11:05:00,telegram,social,{17089011},6 каверз
2024-12-03 14:01:00,telegram,paid-placement,{6513319},web-0412
2024-12-03 15:26:00,telegram,social,{16669409},DA-TEST-START
2024-12-03 15:41:00,telegram,paid-placement,"{10331397,16761959}",web-0412
2024-12-03 18:09:00,telegram,social,{16270415},web-0412
2024-12-04 07:58:00,telegram,paid-placement,"{16789571,18175055}",web-0412
2024-12-04 08:06:00,unisender,email,"{16864161,18675121}",web-0412
2024-12-04 08:06:00,telegram,bot-send,{16057487},web-0412
2024-12-04 08:07:00,telegram,bot-send,{11651903},web-0412
2024-12-04 08:13:00,telegram,bot-send,{12349789},web-0412
2024-12-04 08:22:00,telegram,bot-send,{15566497},web-0412
2024-12-04 08:26:00,telegram,bot-send,"{5848071,20887407}",web-0412
2024-12-04 08:26:00,telegram,bot-send,{16257235},web-0412
2024-12-04 08:29:00,telegram,bot-send,{16292997},web-0412
2024-12-04 08:40:00,telegram,bot-send,"{5840561,16823375,17195057}",web-0412
2024-12-04 08:41:00,unisender,email,{16857289},web-0412
2024-12-04 08:51:00,telegram,bot-send,{16527467},web-0412
2024-12-04 08:57:00,telegram,bot-send,"{15549745,16778589}",web-0412
2024-12-04 09:02:00,telegram,bot-send,"{15942213,16974953,20010059}",web-0412
2024-12-04 10:09:00,unisender,email,"{16084821,20106453}",web-0412
2024-12-04 10:13:00,telegram,bot-send,{15935273},web-0412
2024-12-04 10:33:00,telegram,bot-send,{9832301},PRODUCT-TEST-START
2024-12-04 10:50:00,telegram,bot-send,{9832301},PRODUCT-TEST
2024-12-04 11:12:00,telegram,social,{13904427},web-0412
2024-12-04 11:22:00,telegram,bot-send,{9832301},МК-Python
2024-12-04 11:26:00,telegram,bot-send,{16238231},web-0412
2024-12-04 11:27:00,telegram,bot-send,{9832301},student-project
2024-12-05 13:53:00,telegram,bot-send,{10419305},6 каверз
2025-01-14 07:55:00,unisender,email,"{1460603,23961501}",web-1401
2025-01-14 16:35:00,telegram,bot-send,"{16529705,17157253}",web-1401
2025-01-14 16:35:00,telegram,bot-send,"{16529705,17157253}",web-1401
2025-01-15 10:52:00,telegram,social,{15930477},Ads-metrics
2025-01-15 11:05:00,telegram,social,"{17123447,19839367}",Ads-metrics
2025-01-17 15:58:00,telegram,social,"{16060763,22961007}",web-2101
2025-01-17 17:44:00,telegram,bot-send,"{15921749,16695207,16773339}",web-2101
2025-01-17 17:47:00,telegram,bot-send,"{16741423,18595441}",web-2101
2025-01-17 19:33:00,telegram,bot-send,"{17154027,18661341,21033137}",web-2101
2025-01-24 08:01:00,telegram,social,"{17156637,20605369,20764479}",Ads-metrics
2025-01-28 16:05:00,telegram,paid-placement,"{2200671,5806435,18084533,20586583}",web-2801
2025-01-28 17:08:00,andron23,,{16292997},web-2801
2025-01-30 09:57:00,telegram,bot-send,"{16864161,18675121}",research
2024-12-24 06:44:00,telegram,bot-send,{15924905},web-2412
2024-04-01 07:53:00,unisender,email,"{15549745,16778589}",tinkoff-1
2024-04-01 07:57:00,telegram,social,{16270415},Студент
2024-04-01 09:15:00,partner,itresume,"{15922169,16767575}",6 каверз
2024-06-23 14:42:00,unisender,email,"{17150165,18698663}",Ozon-25-06
2024-07-19 10:21:00,telegram,social,"{15921793,15927163,17122529}",web_23_07
2024-07-19 10:24:00,telegram,social,"{15208695,17145269,21719045}",web_23_07
2024-07-19 10:28:00,telegram,social,"{2200671,5806435,18084533,20586583}",web_23_07
2024-07-19 10:39:00,telegram,bot-send,{16511641},web_23_07
2024-07-19 10:40:00,telegram,bot-send,"{16815989,19322542,20014965}",web_23_07
2024-07-19 10:48:00,telegram,bot-send,"{16003335,16767837}",web_23_07
2024-07-19 10:49:00,telegram,bot-send,"{17000877,18084425,20490435,22069703,24667759}",DA-TEST-START
2024-07-19 10:52:00,telegram,bot-send,{15922359},web_23_07
2024-07-19 10:58:00,telegram,social,"{16773339,17310203}",web_23_07
2024-07-19 11:06:00,telegram,bot-send,"{15928337,19015561,19024235}",web_23_07
2024-07-19 11:07:00,telegram,bot-send,"{11929247,16765787,18772107}",web_23_07
2024-07-19 11:21:00,telegram,bot-send,{16531725},web_23_07
2024-07-19 11:44:00,telegram,bot-send,"{17000877,18084425,20490435,22069703,24667759}",DA-TEST
2024-07-19 11:46:00,telegram,bot-send,{15960225},web_23_07
2024-07-19 11:46:00,telegram,bot-send,{15960225},web_23_07
2024-07-19 11:48:00,telegram,bot-send,"{15921589,16766225,18451399}",web_23_07
2024-07-19 12:02:00,telegram,bot-send,"{5983741,16765093}",web_23_07
2024-07-19 12:16:00,telegram,bot-send,"{15931977,16764213}",web_23_07
2024-07-19 12:21:00,telegram,bot-send,"{11999701,16767673}",web_23_07
2024-07-19 14:04:00,,,{16853135},DA-TEST-START
2024-07-19 14:15:00,telegram,bot-send,"{17151787,17558471,21456436,21502670,21566010}",web_23_07
2024-11-14 00:08:00,telegram,paid-placement,"{16312435,19011609}",web-1211
2024-11-14 14:51:00,telegram,bot-send,"{16011643,16871171,19092417}",Консультация
2024-11-14 18:47:00,,,{17163457},SPEC-DA-TEST-START
2024-11-14 18:53:00,,,{17163457},SPEC-DA-TEST
2024-11-15 01:16:00,telegram,bot-send,{16842355},web-1211
2024-11-25 12:17:00,unisender,email,"{16765779,18914999}",PRODUCT-TEST
2024-11-29 08:47:00,unisender,email,"{9347081,17154923}",web-0412
2024-11-29 09:04:00,telegram,social,{15556555},web-0412
2024-11-29 09:12:00,telegram,bot-send,"{16784957,20490049}",web-0412
2024-12-04 13:33:00,telegram,social,{15929783},6 каверз
2024-12-04 13:36:00,unisender,email,"{15922681,16560611}",web-0412
2024-12-04 13:56:00,telegram,bot-send,{15922359},web-0412
2024-12-04 14:07:00,bloger,social,"{16259985,16762065,19576502,24830799}",web-0412
2024-12-04 14:48:00,telegram,bot-send,"{15621747,16768801}",web-0412
2024-12-04 15:41:00,telegram,social,{17089011},web-0412
2024-12-04 15:41:00,telegram,social,"{7710743,14717267}",web-0412
2024-12-04 15:42:00,telegram,bot-send,{16529429},web-0412
2024-12-04 15:49:00,telegram,bot-send,"{16684485,18689443}",web-0412
2024-12-04 15:50:00,unisender,email,"{15922681,16560611}",web-0412
2024-12-04 15:55:00,telegram,social,{16270415},web-0412
2024-12-04 15:57:00,telegram,bot-send,"{15921749,16695207,16773339}",web-0412
2024-12-04 16:00:00,unisender,email,"{15927075,16695207,16773339,17310203,17631349,18418999,23553585}",web-0412
2024-12-04 16:01:00,telegram,paid-placement,"{17147699,17428973,17428975,18451713}",web-0412
2024-12-04 16:02:00,unisender,email,"{15591603,16773121,18378405}",web-0412
2024-12-24 07:22:00,telegram,paid-placement,"{16572479,17133213}",web-2412
2024-12-04 16:03:00,telegram,bot-send,"{16773339,17163457,18418999}",web-0412
2024-12-04 16:03:00,telegram,paid-placement,"{17123447,19839367}",web-0412
2024-12-04 16:03:00,unisender,email,{17123277},web-0412
2024-12-04 16:03:00,telegram,social,{12137285},web-0412
2024-12-04 16:03:00,telegram,social,{12137285},web-0412
2024-12-04 16:04:00,unisender,email,{11789383},web-0412
2024-12-04 16:04:00,telegram,bot-send,{16238231},web-0412
2024-12-04 16:07:00,telegram,bot-send,"{9825095,23710543}",web-0412
2024-12-04 16:07:00,unisender,email,"{8597793,15922723,17127455}",web-0412
2024-12-04 16:07:00,telegram,bot-send,{16257235},web-0412
2024-12-04 16:07:00,telegram,social,"{17064877,17101475}",web-0412
2024-12-04 16:07:00,telegram,social,"{17064877,17101475}",web-0412
2024-12-04 16:07:00,telegram,bot-send,{16527467},web-0412
2024-12-04 16:07:00,bloger,social,"{16259985,16762065,19576502,24830799}",web-0412
2024-12-04 16:08:00,telegram,paid-placement,"{17123447,19839367}",web-0412
2024-12-04 16:08:00,telegram,bot-send,{16764879},web-0412
2024-12-04 16:08:00,telegram,paid-placement,"{17123447,19839367}",web-0412
2024-12-04 16:11:00,telegram,bot-send,"{15621747,16768801}",web-0412
2024-12-04 16:11:00,telegram,bot-send,"{16081745,16601531,17159091,18908721}",web-0412
2024-12-04 16:12:00,telegram,bot-send,{16257235},web-0412
2024-12-04 16:13:00,unisender,email,"{15591603,16773121,18378405}",web-0412
2024-12-04 16:14:00,telegram,social,"{17064877,17101475}",web-0412
2024-12-04 16:16:00,telegram,social,{15924251},web-0412
2024-12-04 16:16:00,telegram,social,{15924251},web-0412
2024-12-04 16:19:00,telegram,bot-send,"{15621747,16768801}",web-0412
2024-12-04 16:21:00,telegram,bot-send,"{15942213,16974953,20010059}",web-0412
2024-12-04 16:23:00,telegram,paid-placement,"{17123447,19839367}",web-0412
2024-12-04 16:26:00,webinar,livedigital,{16257235},Консультация
2024-12-04 16:31:00,telegram,social,"{17146067,20598005}",web-0412
2024-12-04 16:43:00,telegram,social,{12137285},web-0412
2024-12-04 16:43:00,telegram,social,"{16815989,19322542,20014965}",web-0412
2024-12-04 17:17:00,bloger,social,{17099405},web-0412
2024-12-04 17:43:00,telegram,bot-send,"{15995043,16764165,18222859}",web-0412
2024-12-04 17:52:00,telegram,bot-send,{16527467},web-0412
2024-12-04 17:55:00,telegram,bot-send,"{16002315,17136577,18651907,18658731,19040861}",web-0412
2024-12-04 18:08:00,telegram,bot-send,{16257235},Консультация
2024-12-04 18:11:00,bloger,social,"{16081745,16601531,17159091,18908721}",web-0412
2024-12-04 18:11:00,bloger,social,"{16081745,16601531,17159091,18908721}",web-0412
2024-12-04 18:49:00,telegram,bot-send,{15566497},web-0412
2024-12-04 18:53:00,telegram,social,{9832301},web-0412
2024-06-20 09:51:00,telegram,bot-send,{17060195},МК-Python
2024-12-04 19:14:00,telegram,social,"{10331397,16761959}",web-0412
2024-12-04 19:51:00,unisender,email,"{15889391,16766247,19329846,20771041}",6 каверз
2024-12-04 19:55:00,unisender,email,"{15889391,16766247,19329846,20771041}",web-0412
2024-12-04 19:56:00,unisender,email,"{15889391,16766247,19329846,20771041}",web-0412
2024-12-04 20:17:00,telegram,bot-send,{5801595},web-0412
2024-12-05 01:50:00,telegram,bot-send,"{15571275,17145655}",web-0412
2024-12-05 05:47:00,unisender,email,"{8597793,15922723,17127455}",web-0412
2024-12-05 13:06:00,telegram,bot-send,"{15916041,18583517}",web-0412
2024-12-05 13:42:00,,,"{16978917,16978919}",DA-TEST
2024-12-05 14:52:00,,,"{17163457,18257003,22568895}",DA-no-price
2024-12-05 16:51:00,telegram,social,{16008929},web-0412
2024-12-06 08:55:00,unisender,email,"{15545853,20697223}",web-1112
2024-12-06 08:56:00,unisender,email,"{11787181,12343743,25212617}",web-1112
2024-12-06 09:10:00,unisender,email,{16769049},web-1112
2024-12-06 09:15:00,telegram,bot-send,"{17146067,20598005}",web-1112
2024-12-06 09:20:00,telegram,bot-send,"{5840561,16823375,17195057}",web-1112
2024-12-17 08:31:00,,,"{17146903,20603317}",web-1712
2024-12-17 17:50:00,telegram,bot-send,"{16003565,16764873,17290925,17553527,17829067,19544884,19867361,20886197,24161655,24395845}",SPEC-DA-TEST
2024-12-25 20:08:00,webinar,livedigital,"{15208695,17145269,21719045}",Студент
2025-01-17 13:26:00,telegram,social,{16054019},web-2101
2025-01-24 11:21:00,unisender,email,"{16570977,18237375}",web-2801
2024-07-19 16:20:00,telegram,bot-send,"{16078131,19413190}",web_23_07
2024-07-19 16:21:00,telegram,bot-send,"{16784957,20490049}",web_23_07
2024-07-19 17:20:00,telegram,bot-send,{16529035},web_23_07
2024-07-19 17:23:00,telegram,bot-send,"{15895095,16011643,19032967}",web_23_07
2024-07-19 17:23:00,telegram,bot-send,"{15895095,16011643,19032967}",web_23_07
2024-07-19 19:22:00,telegram,social,{16788821},web_23_07
2024-07-19 20:12:00,telegram,bot-send,"{17039433,17039435}",web_23_07
2024-07-20 07:15:00,,,"{15895095,16011643,19032967}",DA-TEST
2024-07-20 10:04:00,telegram,bot-send,"{15548445,17102057}",web_23_07
2024-07-20 18:08:00,telegram,social,"{15924193,17562089}",КАРЬЕРНЫЙ
2024-07-20 19:59:00,vkontakte,social,"{11787181,12343743,25212617}",web_23_07
2024-07-21 06:30:00,telegram,social,"{11418857,20595651}",web_23_07
2024-07-21 09:04:00,telegram,bot-send,"{16743379,19453462,21000955}",КАРЬЕРНЫЙ
2024-07-22 04:15:00,unisender,email,"{16084821,20106453}",МК-Python
2024-07-22 04:33:00,telegram,bot-send,{17173405},web_23_07
2024-07-22 06:45:00,unisender,email,{15921957},web_23_07
2024-07-22 06:46:00,unisender,email,"{16287273,16767225}",web_23_07
2024-07-22 06:46:00,unisender,email,"{15921589,16766225,18451399}",web_23_07
2024-07-22 06:46:00,unisender,email,"{5809177,16767187,16767203}",web_23_07
2024-07-22 06:51:00,unisender,email,{15607005},web_23_07
2024-07-22 07:02:00,unisender,email,"{8358657,16574417}",web_23_07
2024-07-22 07:03:00,unisender,email,{5807709},web_23_07
2024-07-22 07:05:00,unisender,email,{16003203},web_23_07
2024-07-22 07:10:00,unisender,email,"{16815989,19322542,20014965}",web_23_07
2024-07-22 07:11:00,unisender,email,{17123277},web_23_07
2024-07-22 07:11:00,unisender,email,{17123277},web_23_07
2024-07-22 07:13:00,unisender,email,{15943559},web_23_07
2024-07-22 07:16:00,unisender,email,{17124297},web_23_07
2024-07-22 07:24:00,unisender,email,"{15950709,16529323,16770067}",web_23_07
2024-07-22 09:09:00,unisender,email,"{16336117,16778411,17631349,18418999}",web_23_07
2024-07-22 09:19:00,unisender,email,{17163457},web_23_07
2024-07-22 10:06:00,unisender,email,"{15916041,18583517}",web_23_07
2024-07-22 10:12:00,unisender,email,{16816361},web_23_07
2024-07-22 10:53:00,unisender,email,"{2200671,5806435,18084533,20586583}",web_23_07
2024-07-22 14:01:00,unisender,email,"{9649707,18908843,24129719}",web_23_07
2024-07-22 14:30:00,telegram,paid-placement,{9327543},web_23_07
2024-07-22 14:46:00,telegram,social,"{16531341,16775575}",web_23_07
2024-07-22 15:19:00,telegram,paid-placement,"{16001125,16761823}",web_23_07
2024-12-06 09:25:00,telegram,social,"{17147699,17428973,17428975,18451713}",web-1112
2024-12-06 09:28:00,telegram,social,"{16789571,18175055}",web-1112
2024-12-06 09:28:00,unisender,email,"{8328733,20015455}",6 каверз
2024-12-06 09:30:00,telegram,social,{11377605},web-1112
2024-12-06 09:35:00,telegram,bot-send,{16561627},web-1112
2024-12-06 09:37:00,telegram,social,"{16784197,17303493}",web-1112
2024-12-06 10:05:00,vkontakte,social,"{17000877,18084425,20490435,22069703,24667759}",Консультация
2024-12-06 10:21:00,unisender,email,{2494413},web-1112
2024-12-06 10:21:00,unisender,email,"{15950709,16529323,16770067}",web-1112
2024-12-06 10:43:00,telegram,social,"{16017013,16532045,18912267}",6 каверз
2024-12-06 11:07:00,telegram,social,"{7710743,14717267}",web-1112
2024-12-06 11:10:00,unisender,email,{16739833},become-bi
2024-12-06 13:12:00,telegram,social,{12262075},6 каверз
2024-12-06 13:54:00,telegram,bot-send,{16528793},web-1112
2024-12-06 14:00:00,telegram,bot-send,{16122975},web-1112
2024-12-06 14:03:00,telegram,social,"{17064877,17101475}",web-1112
2024-12-06 17:23:00,telegram,bot-send,{5799759},web-0412
2024-12-06 22:13:00,telegram,social,{13904427},web-1112
2024-12-07 11:51:00,telegram,bot-send,"{15549745,16778589}",web-1112
2024-12-07 12:37:00,telegram,bot-send,"{9825095,23710543}",web-1112
2024-12-07 16:35:00,telegram,social,{5804501},web-1112
2024-12-08 00:02:00,telegram,social,{9832301},web-0611
2024-12-24 09:03:00,unisender,email,"{15922681,16560611}",web-2412
2024-12-09 07:42:00,telegram,bot-send,{16764879},web-1112
2024-12-09 09:24:00,unisender,email,"{16287273,16767225}",web-1112
2024-12-09 12:27:00,telegram,paid-placement,{13166349},web-1112
2024-12-09 14:08:00,telegram,paid-placement,{15569323},web-1112
2025-01-10 11:54:00,unisender,email,"{15208695,17145269,21719045}",web-1401
2025-01-14 15:05:00,unisender,email,"{17146579,24244743}",web-1401
2025-01-14 15:27:00,telegram,social,{12488361},web-1401
2025-01-21 10:37:00,telegram,social,{16057487},web-2101
2025-01-22 18:32:00,telegram,social,"{2200671,5806435,18084533,20586583}",portfolio ideas
2024-06-25 16:02:00,telegram,bot-send,{16104917},Ozon-25-06
2024-06-25 16:08:00,telegram,bot-send,{15996447},Ozon-25-06
2024-06-25 16:13:00,telegram,social,"{16228633,16771429}",Ozon-25-06
2024-07-22 16:04:00,telegram,paid-placement,{16814977},web_23_07
2024-07-22 18:34:00,telegram,paid-placement,"{17174229,17563043}",web_23_07
2024-07-22 20:49:00,telegram,paid-placement,"{17151345,17232163,19399386}",web_23_07
2024-07-23 06:16:00,telegram,social,"{17146067,20598005}",web_23_07
2024-07-23 07:51:00,unisender,email,"{17151209,19295911,21692221}",web_23_07
2024-07-23 07:54:00,telegram,social,"{16765779,18914999}",web_23_07
2024-07-23 08:04:00,telegram,social,"{15924193,17108465,22058459}",web_23_07
2024-07-23 08:04:00,telegram,social,"{17064877,17101475}",web_23_07
2024-07-23 08:04:00,telegram,social,"{16084991,16977925,18659265}",web_23_07
2024-07-23 08:05:00,telegram,social,"{16762221,16954607}",web_23_07
2024-07-23 08:15:00,bloger,post,"{17151787,17558471,21456436,21502670,21566010}",web_23_07
2024-07-23 09:07:00,unisender,email,{16862903},web_23_07
2024-07-23 09:10:00,telegram,social,"{16002965,18672699}",web_23_07
2024-07-23 09:14:00,telegram,social,"{16002965,18672699}",web_23_07
2024-07-23 09:27:00,bloger,post,"{12705807,19177727}",web_23_07
2024-07-23 10:01:00,telegram,bot-send,{14712829},web_23_07
2024-07-23 10:07:00,telegram,social,{14712829},web_23_07
2024-07-23 14:19:00,telegram,social,{16370861},web_23_07
2024-07-23 14:40:00,telegram,bot-send,"{16638863,21141338,21960773,25014165}",web_23_07
2024-07-23 15:13:00,telegram,bot-send,"{10787621,16772781}",web_23_07
2024-07-23 15:49:00,telegram,bot-send,{16862903},web_23_07
2024-07-23 15:50:00,telegram,bot-send,{16741325},web_23_07
2024-07-23 15:52:00,telegram,social,"{16552793,17148487}",web_23_07
2024-07-23 15:57:00,telegram,social,{15929783},web_23_07
2024-07-23 15:57:00,unisender,email,"{16815989,19322542,20014965}",web_23_07
2024-07-23 15:57:00,unisender,email,"{17000877,18084425,20490435,22069703,24667759}",web_23_07
2024-07-23 15:58:00,telegram,social,"{5848071,20887407}",web_23_07
2024-07-23 15:58:00,telegram,social,{16784739},web_23_07
2024-07-23 15:58:00,telegram,social,"{16003565,16764873,17290925,17553527,17829067,19544884,19867361,20886197,24161655,24395845}",web_23_07
2024-07-23 15:58:00,telegram,social,"{9164281,17166441}",web_23_07
2024-07-23 15:59:00,telegram,paid-placement,{16054019},web_23_07
2024-07-23 15:59:00,telegram,paid-placement,{16054019},web_23_07
2024-07-23 16:01:00,telegram,bot-send,"{15946775,16785195,17577077}",web_23_07
2024-07-23 16:01:00,telegram,bot-send,{14728903},web_23_07
2024-07-23 16:01:00,telegram,social,{17130693},web_23_07
2024-07-23 16:02:00,unisender,email,{16003203},web_23_07
2024-07-23 16:02:00,telegram,social,"{16084991,16977925,18659265}",web_23_07
2024-07-23 16:03:00,telegram,bot-send,"{5983741,16765093}",web_23_07
2024-07-23 16:03:00,telegram,bot-send,{17034101},web_23_07
2024-07-23 16:03:00,unisender,email,"{17000877,18084425,20490435,22069703,24667759}",web_23_07
2024-07-23 16:03:00,telegram,bot-send,"{16001545,17165757}",web_23_07
2024-07-23 16:03:00,telegram,bot-send,"{15995043,16764165,18222859}",web_23_07
2024-07-23 16:04:00,unisender,email,{5807709},web_23_07
2024-07-23 16:05:00,vkontakte,social,{17060195},web_23_07
2024-07-23 16:05:00,telegram,social,"{16228633,16771429}",web_23_07
2024-07-23 16:08:00,telegram,bot-send,"{15995043,16764165,18222859}",web_23_07
2024-07-23 16:08:00,telegram,bot-send,"{16056423,16769383}",web_23_07
2024-07-23 16:09:00,telegram,social,{11989079},web_23_07
2024-07-23 16:10:00,telegram,social,{16762377},web_23_07
2024-07-23 16:16:00,unisender,email,"{2200671,5806435,18084533,20586583}",web_23_07
2024-07-23 16:19:00,telegram,social,"{16815989,19322542,20014965}",web_23_07
2024-07-23 16:19:00,telegram,bot-send,"{16785101,17610155}",web_23_07
2024-07-23 16:19:00,telegram,social,"{16815989,19322542,20014965}",web_23_07
2024-07-23 16:23:00,telegram,social,"{16815989,19322542,20014965}",web_23_07
2024-07-23 16:24:00,telegram,social,"{16765779,18914999}",web_23_07
2024-07-23 16:35:00,telegram,paid-placement,{15569323},web_23_07
2024-07-23 16:35:00,telegram,paid-placement,{15569323},web_23_07
2024-07-23 16:40:00,telegram,social,{16370861},web_23_07
2024-07-23 16:41:00,unisender,email,"{15948581,16764269}",web_23_07
2024-07-23 16:45:00,telegram,social,"{16552793,17148487}",web_23_07
2024-07-23 16:49:00,telegram,bot-send,"{16638863,21141338,21960773,25014165}",web_23_07
2024-07-23 16:50:00,unisender,email,"{17000877,18084425,20490435,22069703,24667759}",web_23_07
2024-07-23 16:58:00,telegram,bot-send,"{16744437,20683779,21610186}",web_23_07
2024-07-23 17:00:00,telegram,social,{15929783},web_23_07
2024-07-23 17:05:00,telegram,social,{5825207},web_23_07
2024-07-23 17:05:00,telegram,social,{5825207},web_23_07
2024-07-23 17:06:00,unisender,email,{15960225},web_23_07
2024-07-23 17:07:00,unisender,email,"{16287273,16767225}",web_23_07
2024-07-23 17:11:00,telegram,bot-send,{16489279},web_23_07
2024-07-23 17:11:00,telegram,bot-send,{16489279},web_23_07
2024-07-23 17:12:00,telegram,bot-send,"{17039433,17039435}",web_23_07
2024-07-23 17:12:00,telegram,bot-send,"{17039433,17039435}",web_23_07
2024-12-10 06:14:00,telegram,paid-placement,{6513319},web-1112
2024-12-10 07:59:00,telegram,paid-placement,"{16013985,17154261,19412264,20682793}",web-1112
2024-12-10 10:44:00,telegram,paid-placement,{16669409},web-1112
2024-12-10 12:37:00,telegram,social,{11989079},web-1112
2024-12-10 15:09:00,unisender,email,"{15895095,16011643,19032967}",web-1112
2024-12-10 19:42:00,telegram,paid-placement,"{15995043,16764165,18222859}",web-1112
2024-12-11 05:38:00,telegram,paid-placement,{5804161},web-1112
2024-12-11 07:31:00,unisender,email,{16322715},web-1112
2024-12-11 07:38:00,telegram,bot-send,{17160145},web-1112
2024-12-11 07:38:00,telegram,bot-send,{15924905},web-1112
2024-12-11 07:39:00,unisender,email,{16001333},web-1112
2024-12-11 07:47:00,unisender,email,"{16669409,24574945}",web-1112
2024-12-11 07:58:00,telegram,bot-send,"{10421587,12718265,22965161}",web-1112
2024-12-11 07:58:00,telegram,bot-send,"{10421587,12718265,22965161}",web-1112
2024-12-11 08:36:00,unisender,email,{15566497},web-1112
2024-12-11 09:01:00,telegram,bot-send,{12488361},web-1112
2024-12-11 12:21:00,telegram,social,{9832301},abc-portfolio
2024-12-11 12:24:00,telegram,social,{15930477},abc-portfolio
2024-12-11 12:25:00,telegram,social,"{17147699,17428973,17428975,18451713}",abc-portfolio
2024-12-11 12:31:00,telegram,social,{16542771},abc-portfolio
2024-12-11 12:51:00,telegram,social,"{15539937,16762403}",abc-portfolio
2024-12-11 12:59:00,telegram,social,"{17038527,17683033}",abc-portfolio
2024-12-11 13:00:00,telegram,bot-send,"{17038527,17683033}",web-1112
2024-12-11 13:38:00,telegram,social,{13166349},abc-portfolio
2024-12-11 14:23:00,telegram,social,"{15560051,16754921}",abc-portfolio
2024-12-11 14:43:00,telegram,social,{16002315},abc-portfolio
2024-12-11 15:08:00,telegram,social,"{16789437,16819743}",web-1112
2024-12-11 15:43:00,vkontakte,social,"{5693721,16690195,18716943}",abc-portfolio
2025-01-24 11:28:00,telegram,social,{5801595},portfolio ideas
2024-07-23 17:20:00,telegram,social,{17130693},web_23_07
2024-07-23 17:27:00,telegram,bot-send,"{10787621,16772781}",web_23_07
2024-07-23 17:55:00,telegram,bot-send,"{16774955,18347079}",web_23_07
2024-07-23 17:56:00,telegram,bot-send,"{16774955,18347079}",web_23_07
2024-07-23 17:57:00,telegram,bot-send,"{16774955,18347079}",web_23_07
2024-07-23 17:57:00,telegram,bot-send,"{16774955,18347079}",web_23_07
2024-07-24 01:15:00,telegram,social,"{16570977,18237375}",web_23_07
2024-07-24 01:16:00,telegram,social,"{16570977,18237375}",web_23_07
2024-07-24 01:19:00,telegram,social,"{16570977,18237375}",web_23_07
2024-07-24 01:21:00,telegram,social,"{16570977,18237375}",web_23_07
2024-07-24 09:36:00,telegram,social,"{15895095,16011643,19032967}",student-project
2024-07-24 09:41:00,telegram,social,"{15895095,16011643,19032967}",student-project
2024-07-24 12:27:00,telegram,paid-placement,"{17147329,17580017,21615360}",web_23_07
2024-07-24 16:49:00,partner,itresume,"{16520771,21705141}",6 каверз
2024-07-26 12:28:00,telegram,social,"{9164281,17166441}",Студент
2024-07-26 19:59:00,telegram,paid-placement,"{15923171,21320212}",ROADMAP
2024-07-26 19:59:00,telegram,paid-placement,"{15923171,21320212}",ROADMAP
2024-07-27 12:12:00,bloger,post,{11989079},web_23_07
2024-07-28 13:08:00,telegram,social,{5807709},PRODUCT-TEST-START
2024-07-29 10:22:00,,,{13904427},UPSALE
2024-07-29 15:19:00,telegram,bot-send,{5807709},КАРЬЕРНЫЙ
2024-07-29 15:31:00,telegram,social,{15924195},UPSALE
2024-07-29 19:38:00,,,"{17123865,17560467,18878981}",6 каверз
2024-07-29 19:58:00,unisender,email,"{15208695,17145269,21719045}",UPSALE
2024-07-29 22:44:00,telegram,bot-send,{16442961},SPEC-DA-TEST-START
2024-07-29 22:55:00,telegram,bot-send,{16442961},SPEC-DA-TEST-START
2024-07-29 22:57:00,telegram,bot-send,{16442961},SPEC-DA-TEST
2024-07-29 22:58:00,telegram,bot-send,{16442961},DA-TEST-START
2024-07-30 14:02:00,telegram,bot-send,{16442961},DA-TEST
2024-07-30 14:05:00,telegram,bot-send,{16442961},20ideas
2024-07-31 19:37:00,vk_ads,cpm,{16521983},DA-no-price
2024-07-31 19:37:00,vk_ads,cpm,{16521983},СОБЕС-ДЕМО
2024-08-01 04:26:00,unisender,email,"{16002315,17136577,18651907,18658731,19040861}",abc-portfolio
2024-08-01 14:42:00,unisender,email,"{16773339,17631349,18418999,23464085}",DA-TEST-START
2024-08-01 16:36:00,unisender,email,"{16773339,17631349,18418999,23464085}",DA-TEST
2024-08-02 09:18:00,unisender,email,{5804161},web-resume
2024-08-02 09:18:00,unisender,email,{5804161},web-resume
2024-08-02 09:19:00,unisender,email,"{8597793,15922723,17127455}",web-resume
2024-08-02 09:25:00,unisender,email,"{5983741,16765093}",web-resume
2024-08-02 09:30:00,unisender,email,"{16287273,16767225}",web-resume
2024-08-02 09:35:00,unisender,email,{2494413},web-resume
2024-08-02 09:37:00,telegram,bot-send,"{17156637,20605369,20764479}",web-resume
2024-08-02 09:38:00,telegram,bot-send,{13336155},web-resume
2024-08-02 09:45:00,telegram,bot-send,"{16003159,18616975}",web-resume
2024-08-02 09:45:00,telegram,bot-send,"{16572479,17133213}",web-resume
2024-08-02 09:46:00,telegram,bot-send,"{16084821,20106453}",web-resume
2024-08-02 09:46:00,telegram,bot-send,"{17038527,17683033}",web-resume
2024-08-02 10:09:00,unisender,email,"{15667785,18847199,19503222}",web-resume
2024-08-02 10:17:00,telegram,bot-send,{2205259},web-resume
2024-08-02 10:50:00,telegram,bot-send,{16442961},web-resume
2024-08-02 11:00:00,telegram,bot-send,{17177205},web-resume
2024-08-02 11:19:00,telegram,social,"{16765779,18914999}",web-resume
2024-08-02 11:36:00,telegram,bot-send,{16529429},web-resume
2024-08-02 11:37:00,telegram,bot-send,"{16170213,16978525}",web-resume
2024-08-02 11:46:00,unisender,email,"{16561641,17151733}",web-resume
2024-08-02 11:48:00,telegram,social,{16741325},web-resume
2024-08-02 11:51:00,telegram,social,{15930477},web-resume
2024-08-02 11:56:00,telegram,social,{17033243},web-resume
2024-08-02 12:10:00,telegram,social,"{16003565,16764873,17290925,17553527,17829067,19544884,19867361,20886197,24161655,24395845}",web-resume
2024-08-19 08:51:00,telegram,paid-placement,{17070179},intensive-analyst
2024-09-13 08:41:00,telegram,bot-send,{15923167},become-bi
2024-10-23 14:21:00,telegram,social,{11377605},web-2310
2024-11-02 09:31:00,telegram,bot-send,"{11787181,12343743,25212617}",web-0611
2024-12-11 15:53:00,telegram,social,"{17147699,17428973,17428975,18451713}",web-1112
2024-12-11 15:56:00,unisender,email,"{16741423,18595441}",web-1112
2024-12-11 15:59:00,telegram,social,"{15667785,18847199,19503222}",web-1112
2024-12-11 16:01:00,unisender,email,"{15208695,17145269,21719045}",web-1112
2024-12-11 16:01:00,telegram,bot-send,"{16529705,17157253}",web-1112
2024-12-11 16:01:00,telegram,social,"{15667785,18847199,19503222}",web-1112
2024-12-11 16:02:00,telegram,bot-send,{17060195},web-1112
2024-12-11 16:02:00,telegram,social,"{15667785,18847199,19503222}",web-1112
2024-12-11 16:03:00,telegram,bot-send,"{16552793,17148487}",web-1112
2024-12-11 16:06:00,telegram,social,{11989079},web-1112
2024-12-11 16:06:00,telegram,paid-placement,"{16013985,17154261,19412264,20682793}",web-1112
2025-01-09 10:52:00,unisender,email,{16001333},Студент
2025-01-15 11:13:00,telegram,bot-send,{12481235},Ads-metrics
2025-01-15 12:24:00,telegram,social,"{16774955,18347079}",Ads-metrics
2025-01-15 12:30:00,telegram,social,"{15930551,23484153}",Ads-metrics
2025-01-17 12:30:00,unisender,email,"{16059185,19052623}",web-2101
2025-01-17 13:29:00,telegram,social,"{16053107,16761795}",web-2101
2024-03-05 09:22:00,unisender,email,{17177743},ROADMAP
2024-03-05 09:49:00,unisender,email,"{15560415,16770403}",ROADMAP
2024-04-02 05:24:00,,,"{17123865,17560467,18878981}",itresume
2024-04-02 11:14:00,telegram,social,{17167845},DA-TEST-START
2024-04-16 11:39:00,telegram,bot-send,{17167117},SQL-16-04-24
2024-04-16 11:42:00,unisender,email,"{10787621,16772781}",SQL-16-04-24
2024-04-16 12:19:00,telegram,social,{15569323},SQL-16-04-24
2024-04-16 13:03:00,unisender,email,"{15942213,16974953,20010059}",Python-FREE
2024-04-16 13:32:00,telegram,bot-send,"{2200671,5806435,18084533,20586583}",SQL-16-04-24
2024-04-16 13:34:00,telegram,bot-send,{15270129},Python-FREE
2024-04-16 13:42:00,unisender,email,"{16228633,16771429}",SPEC-DA-TEST
2024-04-16 13:44:00,unisender,email,"{16833811,16833813}",SQL-16-04-24
2024-04-16 13:47:00,unisender,email,"{11088915,12130285}",SQL-16-04-24
2024-06-23 10:44:00,telegram,bot-send,"{16572045,22960543}",Ozon-25-06
2024-06-23 10:49:00,telegram,bot-send,"{16003565,16764873,17290925,17553527,17829067,19544884,19867361,20886197,24161655,24395845}",МК-Python
2024-06-23 10:49:00,telegram,bot-send,"{16003565,16764873,17290925,17553527,17829067,19544884,19867361,20886197,24161655,24395845}",Ozon-25-06
2024-06-23 10:49:00,telegram,bot-send,"{16003565,16764873,17290925,17553527,17829067,19544884,19867361,20886197,24161655,24395845}",КАРЬЕРНЫЙ
2024-06-23 11:47:00,telegram,bot-send,{17177205},Ozon-25-06
2024-06-23 12:20:00,telegram,bot-send,{16842355},Ozon-25-06
2024-06-23 12:49:00,telegram,bot-send,"{17174229,17563043}",МК-Python
2024-06-23 12:50:00,telegram,bot-send,"{17174229,17563043}",Ozon-25-06
2024-06-23 13:33:00,telegram,paid-placement,"{16772541,20843231}",КАРЬЕРНЫЙ
2024-06-23 14:09:00,telegram,bot-send,"{16774955,18347079}",Ozon-25-06
2024-06-23 14:10:00,telegram,bot-send,"{15948581,16764269}",Ozon-25-06
2024-06-23 15:08:00,telegram,bot-send,{17167117},Ozon-25-06
2024-07-03 11:10:00,telegram,social,"{15938237,16761965}",PRODUCT-TEST-START
2024-08-02 12:15:00,telegram,social,"{15948581,16764269}",web-resume
2024-08-02 13:15:00,unisender,email,"{15667785,18847199,19503222}",web-resume
2024-08-02 13:49:00,unisender,email,{6953413},web-resume
2024-08-02 14:44:00,telegram,social,"{2200671,5806435,18084533,20586583}",web-resume
2024-08-02 14:54:00,telegram,bot-send,{16764267},web-resume
2024-08-02 15:22:00,telegram,social,"{16552793,17148487}",web-resume
2024-08-02 16:34:00,telegram,bot-send,"{5802551,18648021}",web-resume
2024-08-02 16:37:00,telegram,social,"{17124341,17323493,18223273}",web-resume
2024-08-02 18:44:00,telegram,social,{5825207},web-resume
2024-08-02 19:29:00,telegram,social,"{15924193,17562089}",web-resume
2024-08-02 19:53:00,telegram,social,{15539831},КАРЬЕРНЫЙ
2024-08-02 20:07:00,telegram,social,{15539831},КАРЬЕРНЫЙ
2024-08-02 21:15:00,unisender,email,{15930551},web-resume
2024-08-03 01:33:00,unisender,email,{17162981},web-resume
2024-08-03 08:46:00,telegram,social,"{3817811,12210285,18900811,19630602}",web-resume
2024-08-03 19:54:00,unisender,email,"{11088915,12130285}",web-resume
2024-08-04 07:02:00,telegram,bot-send,{16996099},web-resume
2024-08-04 14:32:00,unisender,email,"{15921589,16766225,18451399}",web-resume
2024-08-04 14:33:00,unisender,email,"{15921589,16766225,18451399}",web-resume
2024-08-04 17:25:00,telegram,social,"{17129421,17562213}",web-resume
2024-08-05 05:56:00,telegram,bot-send,"{17147401,17177859}",web-resume
2024-08-05 06:29:00,telegram,social,{15924905},web-resume
2024-08-05 08:11:00,telegram,paid-placement,"{16773339,17310203}",web-resume
2024-08-05 08:35:00,telegram,paid-placement,{15922359},web-resume
2024-08-05 09:33:00,telegram,paid-placement,"{15571275,17145655}",web-resume
2024-08-05 09:53:00,telegram,paid-placement,"{16739833,24522659}",web-resume
2024-08-05 10:15:00,telegram,paid-placement,{15959983},web-resume
2024-08-05 10:30:00,telegram,bot-send,"{16056423,16769383}",web-resume
2024-08-05 10:46:00,telegram,paid-placement,"{16761837,21782923}",web-resume
2024-08-05 12:13:00,telegram,bot-send,"{16785101,17610155}",Студент
2024-08-05 15:13:00,telegram,social,"{17064877,17101475}",web-resume
2024-08-06 10:09:00,unisender,email,{17177743},web-resume
2024-08-06 10:43:00,unisender,email,"{5814679,20781819}",web-resume
2024-08-06 11:08:00,unisender,email,"{16766595,17554027}",web-resume
2024-08-06 13:02:00,telegram,bot-send,"{15928337,19015561,19024235}",web-resume
2024-08-06 13:51:00,telegram,bot-send,"{10787621,16772781}",web-resume
2024-08-06 14:07:00,unisender,email,"{2200671,5806435,18084533,20586583}",web-resume
2024-08-06 14:29:00,unisender,email,{12349789},web-resume
2024-08-06 14:31:00,unisender,email,"{16336117,16778411,17631349,18418999}",web-resume
2024-08-06 15:12:00,telegram,paid-placement,"{16761837,21782923}",web-resume
2024-08-06 15:15:00,unisender,email,{5804161},web-resume
2024-08-06 15:21:00,unisender,email,"{8597793,15922723,17127455}",web-resume
2024-08-06 15:24:00,telegram,bot-send,"{17156637,20605369,20764479}",web-resume
2024-08-06 15:29:00,telegram,social,"{15924193,17562089}",web-resume
2024-08-06 15:30:00,telegram,social,"{15924193,17562089}",web-resume
2024-08-06 15:34:00,unisender,email,"{16570977,18237375}",web-resume
2024-08-06 15:49:00,unisender,email,"{11454861,21354740}",web-resume
2024-08-06 15:51:00,telegram,paid-placement,"{15571275,17145655}",web-resume
2024-08-06 15:54:00,telegram,social,"{15924193,17562089}",web-resume
2024-08-06 15:58:00,unisender,email,"{17123457,17541177,18678281,21487554}",web-resume
2024-08-06 16:01:00,telegram,bot-send,{16862903},web-resume
2024-08-06 16:01:00,telegram,bot-send,"{15928337,19015561,19024235}",web-resume
2024-08-06 16:01:00,telegram,bot-send,{16531725},web-resume
2024-08-06 16:01:00,telegram,bot-send,"{15950709,16529323,16770067}",web-resume
2024-08-06 16:01:00,unisender,email,{11989079},web-resume
2024-08-06 16:01:00,unisender,email,"{2200671,5806435,18084533,20586583}",web-resume
2024-08-06 16:16:00,unisender,email,{16765561},web-resume
2024-08-06 16:30:00,telegram,bot-send,{16531725},web-resume
2024-08-06 16:52:00,telegram,bot-send,{17177205},web-resume
2024-08-06 16:57:00,telegram,bot-send,"{16638863,21141338,21960773,25014165}",web-resume
2024-08-06 18:01:00,unisender,email,"{16765779,18914999}",web-resume
2024-08-06 18:03:00,unisender,email,"{16267739,19910637,22930899}",web-resume
2024-08-06 18:03:00,unisender,email,"{16267739,19910637,22930899}",web-resume
2024-08-06 18:06:00,unisender,email,"{16267739,19910637,22930899}",web-resume
2024-08-06 20:25:00,telegram,social,"{15924193,17562089}",web-resume
2024-08-08 05:47:00,unisender,email,"{7710743,14717267}",web-resume
2024-08-08 16:02:00,unisender,email,"{16267739,19910637,22930899}",web-resume
2024-11-13 23:05:00,telegram,social,{17089011},web-1211
2024-11-13 23:06:00,telegram,bot-send,"{16259985,16762065,19576502,24830799}",web-1211
2024-11-13 23:06:00,telegram,bot-send,{16510153},web-1211
2024-11-13 23:07:00,telegram,bot-send,{16741325},web-1211
2024-11-13 23:08:00,telegram,bot-send,{11989079},web-1211
2024-11-13 23:08:00,telegram,bot-send,"{10421587,12718265,22965161}",web-1211
2024-11-13 23:09:00,telegram,bot-send,"{16259985,16762065,19576502,24830799}",web-1211
2024-11-15 10:03:00,telegram,social,"{16572045,22960543}",SPEC-DA-TEST-START
2024-11-15 10:06:00,telegram,social,"{16572045,22960543}",SPEC-DA-TEST
2024-11-20 14:41:00,telegram,bot-send,{5801075},Кейс-АЦ
2024-11-20 15:15:00,unisender,email,"{9347081,17154923}",Кейс-АЦ
2024-11-22 22:38:00,telegram,social,"{16552793,17148487}",web-2611
2024-11-25 18:10:00,telegram,bot-send,{17212651},PRODUCT-TEST-START
2024-11-25 19:11:00,telegram,social,{15935273},PRODUCT-TEST
2024-11-25 21:02:00,telegram,social,"{16002315,17136577,18651907,18658731,19040861}",PRODUCT-TEST
2024-11-25 21:07:00,telegram,bot-send,"{16002315,17136577,18651907,18658731,19040861}",web-2611
2024-11-26 12:10:00,telegram,bot-send,"{16011643,16871171,19092417}",web-2611
2024-11-26 15:05:00,telegram,social,"{15924193,17108465,22058459}",web-2611
2024-11-26 15:55:00,telegram,social,{15943559},web-2611
2024-11-26 16:01:00,telegram,bot-send,{5804161},web-2611
2023-12-20 11:08:00,bot,events-simulative,"{15708039,16764909,23523293}",Pandas-v1
2023-12-23 07:18:00,telegram,itresume,{12367367},Sber-Веб
2023-12-29 07:48:00,bot,testovoe-ozon,{16031367},НГ-Оплата
2023-12-29 15:08:00,unisender,email,{16016135},Pandas-VIP
2023-12-30 17:01:00,instagram,cpa,"{17262125,17262127}",Pandas-v2
2023-12-31 04:30:00,bot,events-simulative,{12488361},Pandas-v2
2024-03-09 12:04:00,unisender,email,{5811457},08.03.2024
2024-03-22 08:52:00,,,"{15924193,17108465,22058459}",DA-TEST
2024-04-02 17:41:00,telegram,social,"{16011643,19950481,20319115}",20ideas
2024-04-03 07:18:00,bloger,post,"{16762221,16954607}",Оплата
2024-04-03 07:40:00,bloger,post,"{16762221,16954607}",Оплата
2024-04-03 08:46:00,telegram,bot-send,{16091907},tinkoff-1
2024-05-05 21:43:00,vk_ads,cpm,"{16003565,16764873,17290925,17553527,17829067,19544884,19867361,20886197,24161655,24395845}",Workshop-RFM
2024-05-06 11:41:00,telegram,social,{15924195},DA-TEST-START
2024-05-06 11:50:00,telegram,social,{15922633},DA-TEST-START
2024-06-23 09:57:00,unisender,email,"{16785101,17610155}",Ozon-25-06
2024-06-23 15:29:00,telegram,bot-send,{15999087},Ozon-25-06
2024-06-23 15:37:00,unisender,email,{15930551},Ozon-25-06
2024-06-23 15:54:00,telegram,bot-send,"{17150867,17177837}",МК-Python
2024-06-23 16:02:00,unisender,email,{16930131},20ideas
2024-06-23 18:04:00,unisender,email,"{16524625,19066647,20106413}",Ozon-25-06
2024-06-23 18:29:00,telegram,bot-send,"{11470833,16796217,16796225}",Ozon-25-06
2024-06-23 18:44:00,telegram,bot-send,"{15591603,16773121,18378405}",Ozon-25-06
2024-06-23 19:56:00,telegram,bot-send,"{16013171,16762871}",Ozon-25-06
2024-06-23 20:05:00,unisender,email,{16003203},Ozon-25-06
2024-06-24 02:32:00,telegram,bot-send,"{16762199,18914983,20980525}",Ozon-25-06
2024-06-24 04:32:00,unisender,email,"{16561769,17099415}",Ozon-25-06
2024-06-24 04:58:00,telegram,bot-send,"{16020473,16771993}",Ozon-25-06
2024-06-24 06:04:00,unisender,email,{5825207},Ozon-25-06
2024-06-24 08:04:00,telegram,social,{16091907},Ozon-25-06
2024-06-24 08:05:00,telegram,bot-send,{16091907},Ozon-25-06
2024-06-24 08:07:00,unisender,email,{5824941},МК-Python
2024-06-24 08:19:00,telegram,social,{12367367},Ozon-25-06
2024-06-24 08:19:00,telegram,social,{15930477},Ozon-25-06
2024-06-24 08:23:00,telegram,social,"{15539937,16762403}",Ozon-25-06
2024-06-24 08:23:00,telegram,social,"{16275885,17101289}",Ozon-25-06
2024-07-03 11:10:00,telegram,social,{15999087},PRODUCT-TEST-START
2024-07-05 08:44:00,telegram,social,"{11787181,12343743,25212617}",web_09_07
2024-07-05 11:05:00,telegram,bot-send,{16489279},web_09_07
2024-08-06 16:02:00,telegram,social,{17130693},web-resume
2024-08-06 16:03:00,telegram,social,{17130693},web-resume
2024-08-06 16:03:00,unisender,email,{12349789},web-resume
2024-08-06 16:05:00,telegram,paid-placement,{9327543},web-resume
2024-08-06 16:05:00,unisender,email,"{11787181,12343743,25212617}",web-resume
2024-08-06 16:05:00,unisender,email,"{11787181,12343743,25212617}",web-resume
2024-08-06 16:06:00,telegram,bot-send,{2205259},web-resume
2024-08-06 16:06:00,telegram,social,{17130693},web-resume
2024-08-06 16:08:00,telegram,paid-placement,{17145927},web-resume
2024-08-06 16:08:00,telegram,bot-send,"{15995043,16764165,18222859}",web-resume
2024-08-06 16:09:00,telegram,bot-send,{17005839},web-resume
2024-08-06 16:10:00,telegram,bot-send,{17005839},web-resume
2024-08-06 16:13:00,unisender,email,"{16765779,18914999}",web-resume
2024-08-06 16:14:00,telegram,bot-send,{17005839},web-resume
2024-08-06 16:14:00,telegram,bot-send,{17177205},web-resume
2024-08-06 16:14:00,telegram,bot-send,{2205259},web-resume
2024-08-06 16:16:00,telegram,paid-placement,{9327543},web-resume
2024-08-06 16:17:00,telegram,bot-send,{17177205},web-resume
2024-08-06 16:18:00,telegram,bot-send,"{10787621,16772781}",web-resume
2024-08-06 16:18:00,telegram,bot-send,{17005839},web-resume
2024-08-06 16:19:00,unisender,email,"{16002965,18672699}",web-resume
2024-08-06 16:24:00,telegram,bot-send,{17177205},web-resume
2024-08-06 16:24:00,telegram,paid-placement,{17145927},web-resume
2024-08-06 16:26:00,telegram,social,"{17064877,17101475}",web-resume
2024-08-06 16:40:00,telegram,bot-send,{17177205},web-resume
2024-08-06 16:47:00,telegram,paid-placement,{17145927},web-resume
2024-08-06 16:57:00,telegram,bot-send,"{16638863,21141338,21960773,25014165}",web-resume
2024-08-06 16:58:00,unisender,email,{16003203},web-resume
2024-08-06 16:59:00,telegram,paid-placement,{15959983},web-resume
2024-08-06 17:01:00,telegram,bot-send,{17177205},web-resume
2024-08-06 17:07:00,telegram,paid-placement,{17145927},web-resume
2024-08-06 17:10:00,telegram,bot-send,{17177205},web-resume
2024-08-06 17:20:00,telegram,paid-placement,{15959983},web-resume
2024-08-06 17:20:00,telegram,bot-send,{17177205},web-resume
2024-08-06 17:29:00,telegram,paid-placement,{17145927},web-resume
2024-08-06 17:36:00,telegram,bot-send,"{5802551,18648021}",web-resume
2024-08-06 18:18:00,telegram,bot-send,"{16572479,17133213}",web-resume
2024-08-06 18:31:00,telegram,bot-send,{16442961},web-resume
2024-08-06 18:32:00,unisender,email,"{16561641,17151733}",web-resume
2024-08-06 19:56:00,telegram,bot-send,"{15545853,20697223}",web-resume
2024-08-07 01:01:00,unisender,email,"{16766595,17554027}",web-resume
2024-08-07 01:39:00,telegram,paid-placement,"{15571275,17145655}",web-resume
2024-08-07 03:58:00,telegram,bot-send,{13336155},web-resume
2024-12-24 09:39:00,telegram,bot-send,"{17149715,19953343,20314445}",web-2412
2024-08-07 11:47:00,telegram,social,{16864421},DA-TEST-START
2024-08-07 14:18:00,unisender,email,"{15927075,16695207,17631349,19006309}",web-resume
2024-08-08 11:44:00,yandex,cpc,"{9343497,22856197,25323757}",Python-FREE
2024-08-08 14:30:00,,,"{9343497,22856197,25323757}",20ideas
2024-08-14 10:43:00,unisender,email,{11989079},intensive-analyst
2024-08-14 13:06:00,telegram,social,"{16762221,16954607}",intensive-analyst
2024-08-16 10:02:00,telegram,social,"{15903385,16766413,18515647}",intensive-analyst
2024-08-16 10:11:00,admitad,,{16397299},Python-FREE
2024-08-19 14:29:00,bloger,post,"{16287273,16767225}",intensive-analyst
2024-08-19 15:49:00,bloger,post,"{15946775,16785195,17577077}",intensive-analyst
2024-08-20 09:00:00,telegram,bot-send,"{16003159,18616975}",intensive-analyst
2024-08-20 11:55:00,telegram,social,"{16699695,19653806}",intensive-analyst
2024-08-20 15:29:00,vkontakte,social,"{15943891,16773887}",intensive-analyst
2024-08-20 15:58:00,bloger,post,"{16259985,16762065,19576502,24830799}",intensive-analyst
2024-08-20 16:17:00,telegram,social,"{5800343,16767323}",intensive-analyst
2024-09-02 12:26:00,telegram,social,"{10654999,17558293}",Студент
2024-10-08 16:10:00,telegram,bot-send,"{15946741,16764241,20152897}",web-geo-analyt
2024-11-13 23:12:00,unisender,email,{17212651},web-1211
2024-11-13 23:25:00,telegram,bot-send,{16238231},web-1211
2024-12-04 16:03:00,telegram,paid-placement,"{17123447,19839367}",web-0412
2024-12-13 11:14:00,telegram,bot-send,"{17262125,17262127}",web-1712
2024-12-13 13:04:00,telegram,bot-send,{16016135},web-1712
2024-12-13 15:55:00,telegram,bot-send,"{17151787,17558471,21456436,21502670,21566010}",web-1712
2024-12-13 21:45:00,telegram,social,"{15943891,16773887}",abc-portfolio
2024-12-17 15:40:00,telegram,social,"{16056423,16769383}",web-1712
2024-12-24 16:06:00,telegram,bot-send,{12488361},web-2412
2024-12-24 16:14:00,telegram,bot-send,"{17099555,17099557,17099759}",web-2412
2024-12-24 16:29:00,telegram,social,"{17151209,19295911,21692221}",web-2412
2024-12-24 16:45:00,,,"{15995043,16764165,18222859}",web-2412
2024-12-24 17:30:00,,,"{15995043,16764165,18222859}",web-2412
2024-12-24 18:06:00,unisender,email,"{15927075,16695207,16773339,17310203,17631349,18418999,23553585}",web-2412
2024-10-03 12:31:00,telegram,social,"{9164281,17166441}",web-geo-analyt
2023-12-20 11:26:00,bot,testovoe-ozon,"{16815413,17006383,17006385}",Pandas-v1
2023-12-20 12:58:00,bot,testovoe-bank-otkrytie,{15922359},Pandas-pre
2024-06-24 08:45:00,telegram,social,"{11787181,12343743,25212617}",Ozon-25-06
2024-06-24 08:49:00,telegram,social,"{11929247,16765787,18772107}",Ozon-25-06
2024-06-24 09:54:00,telegram,bot-send,{11789383},Экскурсия
2024-06-24 10:01:00,telegram,social,{15924195},Ozon-25-06
2024-06-24 10:21:00,unisender,email,"{16570977,18237375}",Ozon-25-06
2024-06-24 11:28:00,telegram,social,"{15942213,16974953,20010059}",Консультация
2024-06-24 12:47:00,unisender,email,"{16003565,16764873,17290925,17553527,17829067,19544884,19867361,20886197,24161655,24395845}",Консультация
2024-06-24 12:56:00,telegram,bot-send,{16003369},plan-python
2024-06-24 13:09:00,telegram,social,{17070179},Ozon-25-06
2024-06-24 13:29:00,telegram,social,"{5809673,6441653,19725721,24714571}",КАРЬЕРНЫЙ
2024-06-24 15:19:00,telegram,social,"{16531341,16775575}",Студент
2024-06-24 15:20:00,telegram,bot-send,{5804161},МК-Python
2024-06-24 15:21:00,telegram,bot-send,{5804161},МК-Python
2024-06-24 15:22:00,telegram,bot-send,{16510153},Консультация
2024-06-24 15:26:00,telegram,bot-send,"{16570977,18237375}",МК-Python
2024-06-24 15:35:00,telegram,social,{16853135},Консультация
2024-08-24 12:18:00,telegram,bot-send,{15923167},plan-python
2024-09-10 18:59:00,telegram,bot-send,"{17064189,21629325}",become-analyst
2024-09-10 19:00:00,telegram,bot-send,"{17064189,21629325}",become-analyst
2024-09-10 19:01:00,telegram,social,{16397299},become-analyst
2024-09-10 19:01:00,telegram,social,{16397299},become-analyst
2024-09-10 19:01:00,telegram,bot-send,"{17064189,21629325}",become-analyst
2024-09-13 08:14:00,telegram,paid-placement,{17163457},plan-python
2024-09-13 09:16:00,telegram,bot-send,{16001333},become-bi
2024-09-13 10:04:00,telegram,bot-send,"{15916041,18583517}",become-bi
2024-09-13 10:38:00,telegram,bot-send,"{17124341,17323493,18223273}",become-bi
2024-09-13 13:03:00,telegram,social,{15569323},become-bi
2024-09-17 09:57:00,telegram,bot-send,"{15946775,16785195,17577077}",become-bi
2024-09-17 15:58:00,bloger,post,"{16013171,16762871}",become-bi
2024-10-03 11:46:00,unisender,email,"{15924235,17743009}",web-geo-analyt
2024-10-04 11:03:00,unisender,email,{11264135},web-geo-analyt
2024-10-10 11:21:00,telegram,bot-send,{16764267},web-power-bi
2024-11-06 08:39:00,telegram,social,"{17104677,17569777}",DA-TEST-START
2024-11-06 16:33:00,unisender,email,{15556555},web-0611
2024-11-06 16:35:00,telegram,social,"{16570977,18237375}",web-0611
2024-11-13 23:09:00,telegram,paid-placement,{12349789},web-1211
2024-11-13 23:10:00,bloger,post,"{15921749,16695207,16773339}",web-1211
2024-11-13 23:12:00,telegram,social,"{16552793,17148487}",web-1211
2024-11-13 23:13:00,telegram,bot-send,{15569467},web-1211
2024-11-13 23:14:00,telegram,bot-send,{16542771},web-1211
2024-11-13 23:15:00,telegram,bot-send,{16256923},web-1211
2024-11-13 23:16:00,telegram,bot-send,{11989079},web-1211
2024-11-13 23:17:00,telegram,bot-send,"{16259985,16762065,19576502,24830799}",web-1211
2024-11-13 23:18:00,telegram,bot-send,{16256923},web-1211
2024-11-13 23:18:00,telegram,bot-send,{16510153},web-1211
2024-11-13 23:19:00,telegram,bot-send,{16238231},web-1211
2024-11-13 23:20:00,telegram,social,"{15208695,17145269,21719045}",web-1211
2024-11-13 23:21:00,telegram,paid-placement,{16764879},web-1211
2024-11-13 23:21:00,telegram,bot-send,{11989079},web-1211
2024-11-13 23:21:00,bloger,post,"{15921749,16695207,16773339}",web-1211
2024-11-13 23:22:00,telegram,social,{17118163},web-1211
2024-11-13 23:22:00,bloger,post,"{17151209,19295911,21692221}",web-1211
2024-11-13 23:23:00,telegram,bot-send,"{16259985,16762065,19576502,24830799}",web-1211
2024-11-13 23:23:00,telegram,bot-send,"{16001545,17165757}",web-1211
2024-11-13 23:25:00,telegram,bot-send,{16238231},web-1211
2024-11-13 23:27:00,telegram,social,"{7710743,14717267}",web-1211
2024-11-13 23:27:00,bloger,post,"{15921749,16695207,16773339}",web-1211
2024-11-13 23:29:00,bloger,post,"{17151209,19295911,21692221}",web-1211
2024-11-14 00:05:00,telegram,social,{17118163},web-1211
2024-11-14 00:05:00,telegram,bot-send,"{16741423,18595441}",web-1211
2024-11-14 00:06:00,unisender,email,{17212651},web-1211
2024-11-14 00:07:00,telegram,social,"{16081745,16601531,17159091,18908721}",web-1211
2024-11-14 00:35:00,telegram,social,{17034101},web-1211
2024-11-14 00:37:00,telegram,bot-send,{15536401},web-1211
2024-11-18 16:05:00,telegram,social,{16542771},HARD-SQL
2024-11-22 11:00:00,telegram,social,{16031367},web-2611
2024-11-26 15:02:00,telegram,social,"{16552793,17148487}",web-2611
2024-11-29 08:47:00,unisender,email,{11789383},web-0412
2024-11-29 09:09:00,unisender,email,"{8597793,15922723,17127455}",web-0412
2024-12-01 07:58:00,unisender,email,"{16287273,16767225}",web-0412
2024-12-01 07:58:00,unisender,email,"{16287273,16767225}",web-0412
2024-12-04 16:23:00,unisender,email,"{2200671,5806435,18084533,20586583}",web-0412
2024-12-07 06:03:00,telegram,social,{11377605},web-0412
2024-12-11 09:46:00,unisender,email,{12262075},web-1112
2024-12-11 12:21:00,telegram,social,{16582491},web-1112
2024-12-13 10:58:00,telegram,bot-send,{2199985},web-1712
2024-12-17 07:39:00,telegram,bot-send,{17160145},web-1712
2024-12-17 07:39:00,unisender,email,{15569323},web-1712
2024-12-17 11:15:00,telegram,bot-send,"{15916041,18583517}",web-1712
2024-12-17 15:24:00,telegram,social,"{15560051,16754921}",web-1712
2024-12-17 16:00:00,telegram,bot-send,{15924251},web-1712
2024-12-20 14:37:00,telegram,bot-send,"{15999363,16775393}",web-2412
2025-01-03 05:34:00,telegram,bot,{12367367},advent
2025-01-03 23:46:00,telegram,social,"{11787181,12343743,25212617}",advent
2025-01-21 14:25:00,telegram,bot-send,"{15916041,18583517}",Ads-metrics
2025-01-22 16:37:00,telegram,social,"{12705807,19177727}",portfolio ideas
2023-12-28 07:49:00,telegram,,"{16684485,18689443}",Pandas-v2
2024-01-17 16:43:00,telegram,data_study,"{16762011,16816349}",Pandas-VIP
2024-01-17 16:43:00,Unisender,email,"{16762011,16816349}",Pandas-VIP
2024-01-17 16:43:00,Unisender,email,"{16762011,16816349}",Pandas-v3
2024-01-17 16:50:00,unisender,email,"{16669409,24574945}",Pandas-v3
2024-01-17 16:50:00,unisender,email,"{16669409,24574945}",Pandas-pre
2024-02-20 12:38:00,unisender,email,"{15927075,16695207,16773339,17310203,17631349,18418999,23553585}",Workshop-RFM
2024-02-21 12:17:00,telegram,social,{16087433},HARD-SQL
2024-02-21 12:18:00,telegram,social,{16087433},HARD-SQL
2024-02-21 14:13:00,telegram,itresume,"{11792445,16764207}",HARD-SQL
2024-02-21 14:13:00,telegram,itresume,"{11792445,16764207}",HARD-SQL
2024-03-05 09:48:00,unisender,email,"{16766595,17554027}",ROADMAP
2024-03-05 09:55:00,unisender,email,"{5809177,16767187,16767203}",ROADMAP
2024-03-05 10:16:00,unisender,email,"{16084821,20106453}",ROADMAP
2024-03-05 10:20:00,unisender,email,"{9349901,18448353}",ROADMAP
2024-03-05 10:20:00,unisender,email,"{9349901,18448353}",ROADMAP
2024-03-05 10:36:00,telegram,bot-send,{16788821},ROADMAP
2024-03-05 10:39:00,telegram,social,{16770865},ROADMAP
2024-03-05 10:40:00,telegram,bot-send,{16841379},ROADMAP
2024-03-05 10:41:00,unisender,email,{9832301},ROADMAP
2024-03-05 10:43:00,telegram,bot-send,"{16013985,17154261,19412264,20682793}",ROADMAP
2024-03-05 10:47:00,telegram,bot-send,"{8887233,16766255}",ROADMAP
2024-03-05 10:53:00,telegram,bot-send,"{15889391,16766247,19329846,20771041}",ROADMAP
2024-03-05 10:55:00,telegram,bot-send,"{11470833,16796217,16796225}",ROADMAP
2024-03-05 11:03:00,,,"{16978917,16978919}",Workshop-RFM
2024-03-05 11:03:00,telegram,bot-send,{16769049},ROADMAP
2024-03-05 11:04:00,telegram,bot-send,{16561627},ROADMAP
2024-03-05 11:07:00,telegram,bot-send,{17167117},ROADMAP
2024-03-05 11:13:00,telegram,bot-send,"{16013985,17154261,19412264,20682793}",ROADMAP
2024-03-05 11:15:00,telegram,social,{13336155},ROADMAP
2024-03-05 11:17:00,telegram,social,"{16084991,16977925,18659265}",ROADMAP
2024-03-05 11:18:00,telegram,social,"{16084991,16977925,18659265}",ROADMAP
2024-03-05 11:57:00,unisender,email,{16287433},ROADMAP
2024-03-05 12:11:00,unisender,email,{16868745},ROADMAP
2024-03-05 12:11:00,unisender,email,{16868745},ROADMAP
2024-03-05 12:14:00,telegram,social,"{16011643,19950481,20319115}",ROADMAP
2024-06-24 16:27:00,telegram,paid-placement,"{16572479,17133213}",Ozon-25-06
2024-06-24 16:29:00,telegram,paid-placement,"{11787181,12343743,25212617}",Ozon-25-06
2024-06-24 16:29:00,telegram,paid-placement,{6513319},Ozon-25-06
2024-07-03 12:37:00,telegram,bot-send,{16669409},PRODUCT-TEST
2024-07-18 11:32:00,telegram,bot-send,{832697},DA-TEST-START
2024-08-07 11:54:00,unisender,email,"{16001739,19950265}",web-resume
2024-08-09 05:03:00,telegram,bot-send,{5804161},Python-FREE
2024-08-09 07:14:00,telegram,bot-send,"{17156637,20605369,20764479}",DA-TEST-START
2024-08-09 08:16:00,telegram,bot-send,"{17156637,20605369,20764479}",DA-TEST
2024-08-09 08:21:00,site,test,"{17156637,20605369,20764479}",Экскурсия
2024-08-10 08:09:00,admitad,,{11074775},Python-FREE
2024-08-11 09:40:00,partner,itresume,"{16011643,16871171,19092417}",6 каверз
2024-08-12 14:10:00,,,"{9343497,22856197,25323757}",PRODUCT-TEST-START
2024-08-12 14:20:00,,,"{9343497,22856197,25323757}",PRODUCT-TEST
2024-08-13 06:37:00,telegram,social,"{16772541,20843231}",6 каверз
2024-08-13 17:02:00,telegram,paid-placement,"{17156637,20605369,20764479}",Студент
2024-08-14 08:39:00,telegram,social,"{9164281,17166441}",intensive-analyst
2024-08-14 08:40:00,telegram,social,{16397299},intensive-analyst
2024-08-14 08:42:00,telegram,social,"{11787181,12343743,25212617}",intensive-analyst
2024-08-17 19:46:00,telegram,social,"{16002315,17136577,18651907,18658731,19040861}",intensive-analyst
2024-08-20 10:29:00,telegram,bot-send,"{16056423,16769383}",intensive-analyst
2024-08-20 16:05:00,bloger,post,"{15946775,16785195,17577077}",intensive-analyst
2024-09-13 10:18:00,telegram,bot-send,"{16638863,21141338,21960773,25014165}",become-bi
2024-09-17 16:06:00,unisender,email,"{16002965,18672699}",become-bi
2024-09-17 16:51:00,unisender,email,"{15889391,16766247,19329846,20771041}",become-bi
2024-11-06 16:01:00,telegram,bot-send,"{15208695,17145269,21719045}",web-0611
2024-12-24 16:19:00,telegram,social,"{15549257,17146927,18114357}",web-2412
2024-12-24 16:22:00,telegram,bot-send,"{8853445,19554774}",web-2412
2024-12-24 16:51:00,telegram,paid-placement,"{17146903,20603317}",web-2412
2024-12-24 16:52:00,telegram,bot-send,"{16815989,19322542,20014965}",web-2412
2024-12-24 17:08:00,telegram,paid-placement,"{17151787,17558471,21456436,21502670,21566010}",web-2412
2024-12-24 17:17:00,telegram,bot-send,"{16815989,19322542,20014965}",web-2412
2024-12-24 17:17:00,telegram,social,{15930477},web-2412
2024-12-24 17:26:00,,,"{15995043,16764165,18222859}",web-2412
2024-12-24 17:31:00,webinar,livedigital,"{15208695,17145269,21719045}",Консультация
2024-12-24 17:32:00,,,"{15995043,16764165,18222859}",web-2412
2024-12-24 18:43:00,telegram,bot-send,{15378039},web-2412
2024-12-25 00:19:00,unisender,email,{16816361},web-2412
2024-12-25 05:07:00,telegram,bot-send,{17124297},Консультация
2024-12-25 10:23:00,telegram,social,{16077105},web-2412
2024-12-25 10:29:00,unisender,email,{5801075},6 каверз
2024-12-25 10:37:00,telegram,social,{16741325},web-2412
2024-12-25 11:25:00,telegram,bot-send,"{16773339,17163457,18418999}",web-2412
2024-12-27 08:20:00,telegram,social,"{9164281,17166441}",Студент
2024-12-27 09:13:00,,,"{17163457,18257003,22568895}",Консультация
2024-12-24 09:49:00,telegram,bot-send,{16766665},web-2412
2024-12-29 12:48:00,,,"{17163457,18257003,22568895}",advent
2024-12-30 15:59:00,,,{16322715},Консультация
2024-12-30 17:00:00,unisender,email,{16322715},DA-TEST-START
2025-01-01 08:25:00,telegram,bot-send,{5820699},advent
2025-01-04 09:59:00,telegram,paid-placement,{15922897},autoweb-yandex
2025-01-05 11:50:00,telegram,bot-send,{15536401},advent
2025-01-07 09:47:00,telegram,social,{11377605},advent
2025-01-26 11:39:00,telegram,bot-send,"{16531399,16771081}",web-2801
2025-01-27 19:02:00,telegram,social,"{15908653,16763405}",web-2801
2025-01-28 15:49:00,telegram,bot-send,"{8597793,15922723,17127455}",web-2801
2023-12-12 16:16:00,unisender,email,"{8853445,19554774}",Кейс-АЦ
2023-12-12 18:32:00,bot,testovoe-ozon,"{16743379,19453462,21000955}",LTV-Веб
2023-12-14 10:18:00,bot,free-course-pandas,"{16163271,16222289}",Экскурсия
2023-12-22 12:23:00,telegram,,{16857289},Pandas-pre
2024-01-03 09:40:00,Unisender,email,"{16748663,17100103}",Pandas-v2
2024-01-18 03:35:00,unisender,email,{15744043},Pandas-pre
2024-01-18 03:36:00,unisender,email,{15744043},Pandas-v3
2024-01-18 03:53:00,unisender,email,"{16002965,18672699}",Pandas-pre
2024-01-18 03:53:00,unisender,email,"{16002965,18672699}",Pandas-v3
2024-01-18 03:53:00,unisender,email,"{16002965,18672699}",Pandas-v3
2024-01-18 10:52:00,telegram,bot-send,"{17151787,17558471,21456436,21502670,21566010}",Pandas-pre
2024-01-18 10:56:00,telegram,bot-send,"{17151787,17558471,21456436,21502670,21566010}",Pandas-VIP
2024-03-05 12:34:00,telegram,social,"{12084195,16975267}",ROADMAP
2024-03-05 12:37:00,unisender,email,{17105135},ROADMAP
2024-03-05 12:37:00,telegram,social,{16816361},ROADMAP
2024-03-05 13:10:00,telegram,social,"{17141409,18672391}",ROADMAP
2024-03-05 13:12:00,telegram,social,"{12084195,16975267}",ROADMAP
2024-03-05 13:13:00,telegram,social,"{12084195,16975267}",ROADMAP
2024-03-05 13:28:00,unisender,email,"{8887233,16766255}",ROADMAP
2024-03-05 13:39:00,telegram,bot-send,"{16529751,18612143}",ROADMAP
2024-03-05 13:53:00,telegram,social,"{17064877,17101475}",HARD-SQL
2024-03-05 13:53:00,telegram,social,"{17064877,17101475}",HARD-SQL
2024-08-14 08:46:00,telegram,social,{16765561},intensive-analyst
2024-08-14 08:46:00,unisender,email,"{16287273,16767225}",intensive-analyst
2024-08-14 08:48:00,telegram,social,{15930477},intensive-analyst
2024-08-14 08:48:00,telegram,social,"{5800343,16767323}",intensive-analyst
2024-08-14 08:51:00,telegram,social,"{16762199,18914983,20980525}",intensive-analyst
2024-08-14 08:53:00,telegram,social,{12367367},intensive-analyst
2024-08-14 08:53:00,telegram,social,{12367367},intensive-analyst
2024-08-14 08:54:00,unisender,email,"{16815989,19322542,20014965}",intensive-analyst
2024-08-14 09:03:00,telegram,social,"{17147699,17428973,17428975,18451713}",intensive-analyst
2024-08-14 09:03:00,telegram,social,{5825207},intensive-analyst
2024-08-14 09:03:00,telegram,bot-send,{15923167},intensive-analyst
2024-08-14 09:03:00,unisender,email,"{15950709,16529323,16770067}",intensive-analyst
2024-08-14 09:04:00,unisender,email,"{17147401,17177859}",intensive-analyst
2024-08-14 09:05:00,telegram,bot-send,"{5983741,16765093}",intensive-analyst
2024-08-14 09:10:00,telegram,bot-send,"{8597793,15922723,17127455}",intensive-analyst
2024-08-14 09:13:00,telegram,bot-send,{5824941},intensive-analyst
2024-08-14 09:18:00,telegram,bot-send,"{16524625,19066647,20106413}",intensive-analyst
2024-08-14 09:18:00,telegram,bot-send,"{16011643,16871171,19092417}",intensive-analyst
2024-08-14 09:28:00,telegram,bot-send,{15417229},intensive-analyst
2024-08-14 09:31:00,telegram,bot-send,{16003203},intensive-analyst
2024-08-14 09:46:00,telegram,bot-send,{16489279},intensive-analyst
2024-08-14 09:57:00,telegram,bot-send,"{15545853,20697223}",intensive-analyst
2024-08-14 10:06:00,telegram,social,"{17151787,17558471,21456436,21502670,21566010}",intensive-analyst
2024-08-14 10:11:00,telegram,bot-send,{16842355},intensive-analyst
2024-08-14 10:13:00,telegram,bot-send,{15588591},intensive-analyst
2024-08-14 10:18:00,telegram,bot-send,"{17124341,17323493,18223273}",intensive-analyst
2024-08-14 10:24:00,unisender,email,"{16281907,16792385}",intensive-analyst
2025-01-01 09:09:00,admitad,,{15930477},advent
2025-01-01 09:28:00,telegram,bot-send,"{17038527,17683033}",advent
2025-01-01 15:25:00,telegram,social,"{9349901,18448353}",КАРЬЕРНЫЙ
2025-01-01 10:09:00,telegram,bot-send,"{7710743,14717267}",advent
2025-01-01 10:15:00,telegram,social,"{17064877,17101475}",advent
2025-01-01 11:55:00,unisender,email,{15744043},advent
2025-01-01 12:50:00,telegram,bot-send,{5801595},advent
2025-01-01 13:55:00,telegram,bot-send,"{16684485,18689443}",advent
2025-01-01 13:55:00,telegram,bot-send,"{16684485,18689443}",advent
2025-01-01 13:55:00,,,"{16684485,18689443}",advent
2025-01-01 14:04:00,unisender,email,"{15667785,18847199,19503222}",advent
2025-01-01 14:13:00,telegram,bot,"{15667785,18847199,19503222}",advent
2025-01-01 16:18:00,unisender,email,{16529295},advent
2025-01-01 21:55:00,telegram,social,"{9825095,19271961,25233199}",advent
2025-01-02 08:21:00,telegram,social,{12367367},advent
2025-01-02 09:33:00,telegram,bot-send,{16820111},advent
2025-01-02 11:13:00,telegram,social,{17150061},advent
2025-01-02 11:13:00,telegram,social,{17150061},advent
2025-01-02 12:01:00,telegram,social,{2205259},advent
2025-01-02 13:44:00,unisender,email,{17124297},advent
2025-01-02 21:08:00,unisender,email,"{9343497,22856197,25323757}",advent
2025-01-03 06:12:00,telegram,social,{13336155},advent
2025-01-03 08:12:00,telegram,bot-send,"{5800233,16764845}",advent
2025-01-03 08:22:00,telegram,bot-send,"{16259985,16762065,19576502,24830799}",advent
2025-01-03 09:00:00,site,,"{17147699,17428973,17428975,18451713}",DA-TEST-START
2025-01-03 09:19:00,telegram,bot-send,{15930477},advent
2025-01-03 09:40:00,telegram,social,"{16762011,16816349}",advent
2025-01-03 10:13:00,,,{15941867},advent
2025-01-03 10:13:00,site,,{15941867},DA-TEST-START
2025-01-03 12:04:00,unisender,email,"{15667785,18847199,19503222}",advent
2025-01-03 12:23:00,,,{12262075},HARD-SQL
2025-01-03 14:47:00,telegram,bot-send,{11377605},web-2910
2025-01-03 14:51:00,,,"{16060763,22961007}",advent
2025-01-03 20:22:00,telegram,social,"{11787181,12343743,25212617}",advent
2025-01-04 00:18:00,telegram,bot-send,"{16766403,17180005,18381355}",advent
2025-01-04 06:12:00,telegram,paid-placement,{17163457},autoweb-yandex
2025-01-04 07:06:00,telegram,paid-placement,"{15922681,16560611}",autoweb-yandex
2025-01-04 07:08:00,telegram,paid-placement,"{16772541,20843231}",autoweb-yandex
2025-01-04 07:18:00,telegram,paid-placement,"{11787181,12343743,25212617}",autoweb-yandex
2025-01-04 07:19:00,telegram,paid-placement,"{15950709,16529323,16770067}",autoweb-yandex
2025-01-04 07:30:00,telegram,paid-placement,{16002315},autoweb-yandex
2025-01-04 07:46:00,telegram,paid-placement,{15556555},autoweb-yandex
2025-01-04 07:54:00,telegram,paid-placement,{17105135},autoweb-yandex
2025-01-04 08:01:00,telegram,paid-placement,"{15999339,16764375}",autoweb-yandex
2025-01-04 08:25:00,telegram,social,"{15927075,16695207,17631349,19006309}",advent
2025-01-04 08:26:00,site,,"{15927075,16695207,17631349,19006309}",DA-TEST-START
2025-01-04 08:34:00,telegram,paid-placement,{9041779},autoweb-yandex
2025-01-04 09:13:00,telegram,paid-placement,{17089011},advent
2025-01-04 09:31:00,telegram,paid-placement,"{17146579,24244743}",advent
2025-01-04 10:13:00,telegram,paid-placement,{15922897},autoweb-yandex
2025-01-04 13:17:00,telegram,paid-placement,{16257629},autoweb-yandex
2025-01-04 16:46:00,telegram,paid-placement,"{15943993,16768259}",advent
2025-01-04 16:48:00,site,,"{15943993,16768259}",DA-TEST-START
2025-01-04 17:17:00,site,,"{15943993,16768259}",DA-TEST
2025-01-10 09:59:00,telegram,social,"{9343497,22856197,25323757}",web-1401
2025-01-10 11:04:00,telegram,social,{13904427},web-1401
2025-01-10 11:59:00,telegram,bot-send,"{15549745,16778589}",web-1401
2025-01-10 13:39:00,telegram,social,"{16669409,24574945}",HARD-SQL
2025-01-14 08:47:00,unisender,email,{11789383},web-1401
2025-01-14 16:22:00,telegram,bot-send,"{5983741,16765093}",web-1401
2025-01-15 10:55:00,telegram,bot-send,"{1460603,23961501}",Ads-metrics
2025-01-15 10:59:00,telegram,social,{16529035},Ads-metrics
2025-01-15 11:01:00,telegram,social,"{15921589,16766225,18451399}",Ads-metrics
2025-01-15 11:02:00,telegram,social,"{17147699,17428973,17428975,18451713}",Ads-metrics
2025-01-15 11:07:00,telegram,social,"{16275885,17101289}",Ads-metrics
2025-01-15 11:08:00,telegram,bot-send,{16541723},Ads-metrics
2025-01-15 11:50:00,telegram,social,{17034101},Ads-metrics
2025-01-28 11:05:00,telegram,social,{15556555},web-2801
2025-01-28 16:06:00,telegram,paid-placement,{16669409},web-2801
2023-12-14 18:30:00,instagram,cpa,{16853135},Pandas
2023-12-15 09:44:00,bot,events-simulative,{16820111},Pandas
2023-12-24 12:02:00,telegram,datalytx,{15960225},Sber-Веб
2024-01-03 10:54:00,unisender,email,"{16066779,16770183}",Pandas-v2
2024-01-13 13:09:00,unisender,email,"{16815413,17006383,17006385}",Pandas-pre
2024-01-16 11:30:00,unisender,email,{8346889},Pandas-v3
2024-01-17 10:18:00,unisender,email,{17175813},Pandas-v3
2024-01-17 10:18:00,unisender,email,{17175813},Pandas-pre
2024-01-17 15:56:00,,,"{15557477,16767411}",Pandas-pre
2024-01-18 15:40:00,telegram,,{15999087},Pandas-pre
2024-01-18 15:41:00,telegram,,{15999087},Pandas-v3
2024-01-18 15:41:00,telegram,,{15999087},Pandas-v3
2024-01-18 16:44:00,telegram,itresume,{11789383},Pandas-pre
2024-01-18 16:44:00,telegram,itresume,{11789383},Pandas-v3
2024-01-18 16:44:00,telegram,itresume,{11789383},Pandas-v3
2024-01-18 18:47:00,telegram,itresume,{17032093},Pandas-v3
2024-01-18 18:47:00,telegram,itresume,{17032093},Pandas-pre
2024-01-20 09:24:00,telegram,,{16857289},Pandas-v3
2024-01-20 09:24:00,telegram,,{16857289},Pandas-v3
2024-01-20 09:25:00,telegram,,{16857289},Pandas-v3
2024-01-20 09:25:00,telegram,,{16857289},Pandas-pre
2024-01-20 09:50:00,telegram,bot-send,"{15549257,17146927,18114357}",Pandas-v3
2024-01-20 09:50:00,telegram,bot-send,"{15549257,17146927,18114357}",Pandas-v3
2024-01-20 13:20:00,telegram,bot-send,"{16011643,16871171,19092417}",Pandas-v3
2024-01-24 12:21:00,unisender,email,{5803341},Workshop-RFM
2024-02-20 11:47:00,telegram,bot-send,{16996099},Workshop-RFM
2024-02-21 10:06:00,telegram,social,{16529429},HARD-SQL
2024-02-21 16:35:00,unsender,email,{16008929},HARD-SQL
2024-02-21 16:53:00,unisender,email,"{16766403,17180005,18352763,18371345,18522335}",Workshop-RFM
2024-03-05 13:54:00,telegram,bot-send,"{17064877,17101475}",ROADMAP
2024-03-05 13:55:00,telegram,social,"{17064877,17101475}",HARD-SQL
2024-03-05 13:55:00,telegram,social,"{17064877,17101475}",HARD-SQL
2024-03-05 14:05:00,telegram,bot-send,"{16684485,18689443}",ROADMAP
2024-03-05 14:05:00,telegram,bot-send,"{16684485,18689443}",ROADMAP
2024-03-05 14:08:00,telegram,social,{16511641},ROADMAP
2024-03-05 14:08:00,telegram,social,{16511641},ROADMAP
2024-03-05 14:08:00,telegram,social,{16511641},ROADMAP
2024-03-05 14:11:00,telegram,bot-send,{16857289},ROADMAP
2024-08-14 11:03:00,telegram,bot-send,{14728903},intensive-analyst
2024-08-14 11:56:00,unisender,email,{16045707},intensive-analyst
2024-08-14 14:41:00,unisender,email,"{16784957,20490049}",intensive-analyst
2024-08-14 15:25:00,unisender,email,"{11088915,12130285}",intensive-analyst
2024-08-14 16:01:00,telegram,bot-send,{16442961},intensive-analyst
2024-08-14 16:41:00,unisender,email,"{15921589,16766225,18451399}",intensive-analyst
2024-09-24 15:58:00,telegram,bot-send,"{5983741,16765093}",web-2409
2024-09-24 16:43:00,unisender,email,"{16259985,16762065,19576502,24830799}",web-2409
2024-10-28 11:08:00,unisender,email,{11264135},web-2910
2024-10-29 15:01:00,telegram,social,{16370861},web-2910
2024-10-29 16:06:00,telegram,bot-send,{16299591},web-2910
2024-10-29 16:16:00,telegram,social,"{16003565,16764873,17290925,17553527,17829067,19544884,19867361,20886197,24161655,24395845}",web-2910
2024-10-29 17:32:00,telegram,social,{15538843},web-2910
2025-01-04 20:44:00,telegram,paid-placement,"{15545853,24411065,24447353}",advent
2025-01-04 20:55:00,telegram,social,"{17146067,20598005}",advent
2025-01-05 00:24:00,telegram,social,"{11787181,12343743,25212617}",advent
2025-01-05 08:47:00,telegram,social,{17160145},advent
2025-01-05 11:07:00,telegram,bot-send,"{15942213,16974953,20010059}",advent
2025-01-05 11:15:00,telegram,bot-send,{15924905},advent
2025-01-05 11:30:00,telegram,bot-send,{16054019},advent
2025-01-05 11:32:00,site,,{15959983},DA-TEST-START
2025-01-05 11:45:00,site,,{15959983},DA-TEST
2025-01-05 11:58:00,telegram,bot-send,"{15921749,16695207,16773339}",advent
2025-01-05 13:14:00,unisender,email,{2494413},advent
2025-01-05 13:29:00,unisender,email,{16045707},advent
2025-01-05 13:45:00,telegram,bot-send,{15588591},advent
2025-01-05 13:47:00,site,,{15588591},DA-TEST-START
2025-01-05 14:15:00,telegram,social,{17160145},advent
2025-01-05 14:35:00,telegram,bot-send,{17124297},advent
2025-01-06 01:42:00,telegram,bot-send,{12488361},advent
2025-01-06 10:01:00,telegram,social,"{15999339,16764375}",6 каверз
2025-01-06 10:39:00,telegram,bot,"{15667785,18847199,19503222}",advent
2025-01-06 10:49:00,unisender,email,{16529295},advent
2025-01-06 11:05:00,telegram,paid-placement,"{16773339,17163457,18418999}",autoweb-yandex
2025-01-06 18:53:00,telegram,paid-placement,{16669409},advent
2025-01-07 10:26:00,telegram,social,"{7710743,14717267}",advent
2025-01-08 08:29:00,telegram,bot-send,"{16739833,24522659}",advent
2025-01-10 08:32:00,,,"{1460603,23961501}",web-1401
2025-01-10 10:11:00,telegram,social,"{16275885,17101289}",web-1401
2025-01-28 16:28:00,telegram,bot-send,"{10787621,16772781}",web-2801
2025-01-30 15:52:00,unisender,email,"{16570977,18237375}",research
2023-12-19 12:45:00,instagram,cpa,{16442961},Pandas-VIP
2023-12-19 13:04:00,unisender,email,{5801075},Pandas-v1
2023-12-19 13:05:00,bot,free-course-pandas,{16053929},Pandas-pre
2023-12-19 13:06:00,bot,free-course-pandas,{16053929},Pandas-v1
2023-12-19 13:07:00,bot,free-course-pandas,"{15545853,24411065,24447353}",Pandas-v1
2023-12-19 13:07:00,bot,testovoe-bank-otkrytie,{2205259},Pandas-pre
2023-12-19 13:08:00,bot,free-course-pandas,{15556555},Pandas-v1
2023-12-19 13:14:00,bot,free-course-pandas,"{15621747,16768801}",Pandas-v1
2023-12-19 13:20:00,bot,free-course-pandas,"{16084991,16977925,18659265}",Pandas-v1
2023-12-19 13:28:00,telegram,,"{15923171,21320212}",Pandas-v1
2023-12-19 13:28:00,telegram,,"{15923171,21320212}",Pandas-v1
2023-12-19 13:30:00,bot,free-course-pandas,"{15621747,16768801}",Pandas-v1
2023-12-19 13:34:00,bot,free-course-pandas,{16299591},Pandas-v1
2023-12-19 13:34:00,bot,free-course-pandas,{16299591},Pandas-v1
2023-12-19 13:34:00,bot,value-sql,"{16170213,16978525}",Pandas-VIP
2023-12-19 13:43:00,unisender,email,{11377605},Pandas-v1
2023-12-19 13:49:00,unisender,email,"{16066779,16770183}",Pandas-v1
2023-12-19 13:55:00,bot,free-course-pandas,"{15999363,16775393}",Pandas-VIP
2023-12-19 13:58:00,vk,,"{16059185,19052623}",Pandas-pre
2023-12-29 19:34:00,bot,events-simulative,"{17000877,18084425,20490435,22069703,24667759}",Pandas-VIP
2023-12-29 19:36:00,Unisender,email,"{17000877,18084425,20490435,22069703,24667759}",Pandas-VIP
2024-01-24 11:38:00,unisender,email,"{16003791,16767769}",Workshop-RFM
2024-01-24 11:38:00,unisender,email,"{16003791,16767769}",Workshop-RFM
2024-01-25 16:02:00,telegram,pandas-chat,"{11999701,16767673}",Workshop-RFM
2024-02-07 14:17:00,unisender,email,{15930551},6 каверз
2024-02-07 14:17:00,unisender,email,"{16570977,18237375}",6 каверз
2024-02-20 12:13:00,telegram,bot-send,"{16529751,18612143}",Workshop-RFM
2024-03-05 14:18:00,telegram,social,"{16011643,19950481,20319115}",ROADMAP
2024-03-05 14:19:00,telegram,bot,"{16011643,19950481,20319115}",Экскурсия
2024-03-05 14:38:00,telegram,social,{5799545},ROADMAP
2024-03-05 16:02:00,telegram,bot-send,{17178355},ROADMAP
2024-03-05 16:12:00,telegram,bot-send,"{15356727,17100247}",ROADMAP
2024-03-05 16:39:00,telegram,social,"{2200671,5806435,18084533,20586583}",ROADMAP
2024-03-05 16:43:00,telegram,bot-send,{17150093},ROADMAP
2024-03-05 16:46:00,unisender,email,"{16766403,17180005,18352763,18371345,18522335}",ROADMAP
2024-03-05 16:48:00,unisender,email,"{11088915,12130285}",ROADMAP
2024-03-05 16:52:00,telegram,bot-send,"{16528877,16801525,16816427,16865855}",ROADMAP
2024-03-05 17:29:00,telegram,bot-send,"{16773339,17310203}",ROADMAP
2024-03-05 17:29:00,telegram,bot-send,"{16773339,17310203}",ROADMAP
2024-03-05 17:39:00,telegram,bot-send,{16857289},ROADMAP
2024-03-05 17:40:00,telegram,bot-send,"{16312435,19011609}",ROADMAP
2024-03-05 17:45:00,telegram,social,"{12705807,19177727}",ROADMAP
2024-03-05 17:45:00,telegram,social,"{12705807,19177727}",ROADMAP
2024-03-05 18:18:00,unisender,email,{6707403},ROADMAP
2024-03-05 18:21:00,telegram,social,{6707403},ROADMAP
2024-03-05 18:21:00,telegram,social,{6707403},ROADMAP
2024-03-05 19:48:00,telegram,social,{12481235},ROADMAP
2024-03-05 19:48:00,telegram,social,{12481235},ROADMAP
2024-03-05 21:24:00,telegram,bot-send,"{15931977,16764213}",ROADMAP
2024-03-05 21:27:00,telegram,bot-send,"{15931977,16764213}",ROADMAP
2024-03-22 17:59:00,,,{15932451},DA-TEST-START
2024-03-26 18:59:00,telegram,social,"{9164281,17166441}",Студент
2024-04-04 08:59:00,telegram,bot-send,"{16531341,16775575}",DA-TEST-START
2024-04-04 09:10:00,telegram,social,"{17123865,17560467,18878981}",abc-portfolio
2024-04-04 09:11:00,telegram,social,{16528805},abc-portfolio
2024-04-04 09:14:00,telegram,social,{11789383},abc-portfolio
2024-04-04 09:16:00,telegram,social,{15930477},abc-portfolio
2024-04-04 09:18:00,telegram,social,{16572265},abc-portfolio
2024-04-04 09:32:00,telegram,social,"{16275885,17101289,24452351}",abc-portfolio
2024-04-04 09:33:00,telegram,social,"{16003401,16776137,19318216}",abc-portfolio
2024-04-04 09:33:00,telegram,social,{11989079},abc-portfolio
2024-04-04 09:42:00,telegram,social,{16762377},abc-portfolio
2024-04-19 14:13:00,telegram,bot-send,"{17122293,18713659}",SQL-16-04-24
2024-06-11 13:20:00,telegram,bot-send,{16053929},web_13_06
2024-06-24 17:22:00,telegram,paid-placement,"{17128911,20600771}",Ozon-25-06
2024-06-24 17:41:00,telegram,paid-placement,"{15943993,16768259}",Ozon-25-06
2024-07-03 16:37:00,unisender,email,"{15667785,18847199,19503222}",PRODUCT-TEST
2024-07-05 09:15:00,telegram,social,{12367367},web_09_07
2024-11-02 10:22:00,telegram,bot-send,{11074775},web-0611
2024-11-05 05:47:00,telegram,bot-send,{15873001},web-0611
2024-11-06 13:40:00,unisender,email,{10945781},web-0611
2024-11-06 16:04:00,telegram,social,"{17151787,17558471,21456436,21502670,21566010}",web-0611
2024-11-08 08:43:00,telegram,bot-send,{12367367},web-1211
2024-11-11 18:47:00,telegram,social,"{17141895,18859951,22029899}",SPEC-DA-TEST-START
2024-11-13 22:52:00,unisender,email,"{15927075,16695207,16773339,17310203,17631349,18418999,23553585}",web-1211
2024-12-02 13:52:00,telegram,social,"{17151209,19295911,21692221}",web-0412
2025-01-10 11:04:00,unisender,email,{17160145},web-1401
2025-01-10 11:11:00,telegram,bot-send,"{17156637,20605369,20764479}",web-1401
2025-01-10 11:14:00,telegram,bot-send,{7366116},web-1401
2025-01-10 11:15:00,telegram,bot-send,"{15560051,16754921}",web-1401
2025-01-10 11:15:00,telegram,bot-send,"{15995043,16764165,18222859}",web-1401
2025-01-10 11:16:00,telegram,social,"{5840561,16823375,17195057}",web-1401
2025-01-10 11:16:00,telegram,bot-send,"{16833065,18771457}",web-1401
2025-01-10 11:27:00,unisender,email,"{12578989,18222813}",web-1401
2025-01-10 11:27:00,telegram,bot-send,{15922359},web-1401
2025-01-10 11:28:00,telegram,bot-send,"{7710743,14717267}",web-1401
2025-01-10 12:08:00,telegram,bot-send,{5801595},web-1401
2025-01-10 12:23:00,telegram,bot-send,{16542771},web-1401
2025-01-10 12:25:00,unisender,email,{15569323},web-1401
2025-01-10 12:32:00,telegram,bot-send,{11989079},web-1401
2025-01-10 12:49:00,telegram,paid-placement,"{17146903,20603317}",web-1401
2025-01-10 12:52:00,telegram,social,"{15942213,16974953,20010059}",web-1401
2025-01-10 13:06:00,telegram,bot-send,{13166349},web-1401
2025-01-10 13:34:00,telegram,social,"{16669409,24574945}",HARD-SQL
2025-01-10 13:35:00,telegram,social,"{16669409,24574945}",HARD-SQL
2025-01-10 13:40:00,telegram,bot-send,"{16669409,24574945}",web-1401
2025-01-10 13:41:00,telegram,bot-send,"{16669409,24574945}",advent
2025-01-10 14:07:00,telegram,bot-send,"{16060763,22961007}",web-1401
2025-01-10 14:09:00,telegram,bot-send,{17177205},web-1401
2025-01-10 14:28:00,telegram,social,{16765561},web-1401
2025-01-10 14:45:00,unisender,email,{15932451},web-1401
2025-01-10 18:30:00,unisender,email,"{15950709,16529323,16770067}",web-1401
2025-01-11 07:56:00,telegram,bot-send,{17150971},advent
2025-01-11 12:43:00,telegram,social,{15930477},web-1401
2025-01-11 13:03:00,telegram,social,"{16773339,17163457,18418999}",web-1401
2025-01-12 15:36:00,unisender,email,"{15889391,16766247,19329846,20771041}",web-1401
2025-01-13 06:52:00,telegram,paid-placement,{17070179},web-1401
2025-01-13 07:14:00,manager,,{15996447},web-1401
2025-01-13 07:44:00,unisender,email,"{16059185,19052623}",web-1401
2025-01-13 08:36:00,telegram,paid-placement,"{15548959,16763825,18256737,19434630}",web-1401
2025-01-13 10:46:00,telegram,bot-send,{5807709},web-1401
2025-01-13 10:50:00,telegram,bot-send,{6953413},web-1401
2025-01-21 01:54:00,telegram,paid-placement,{16764879},web-2101
2025-01-28 15:16:00,telegram,social,"{11787181,12343743,25212617}",web-2801
2025-01-30 09:24:00,telegram,bot-send,{16287433},research
2025-01-31 12:53:00,telegram,bot-send,{16521983},web-0502
2024-06-20 12:52:00,telegram,bot-send,{16764267},МК-Python
2023-12-19 14:33:00,bot,events-simulative,"{16531341,16775575}",Pandas-pre
2023-12-19 14:42:00,bot,events-simulative,"{16011643,16871171,19092417}",Pandas-v1
2023-12-19 14:48:00,bot,live-course-sql,"{11454861,21354740}",Pandas-v1
2023-12-19 15:02:00,bot,events-simulative,{16005629},Pandas-pre
2023-12-19 15:03:00,bot,events-simulative,{16005629},Pandas-v1
2023-12-19 15:03:00,bot,events-simulative,{16005629},Pandas-v1
2024-02-21 10:21:00,telegram,social,"{17146943,18333051,18385799,18908377}",HARD-SQL
2024-02-21 11:01:00,telegram,social,"{15555667,16762071}",HARD-SQL
2024-02-25 07:41:00,telegram,social,"{15970405,16774017}",HARD-SQL
2024-02-26 11:34:00,telegram,bot-send,{15556555},HARD-SQL
2024-03-06 05:13:00,telegram,social,{15922451},ROADMAP
2024-03-06 06:21:00,telegram,bot-send,{16529429},ROADMAP
2024-03-06 08:49:00,telegram,bot-send,{16764267},ROADMAP
2024-03-06 08:49:00,telegram,bot-send,{16764267},ROADMAP
2024-03-06 11:13:00,unisender,email,"{11418857,20595651}",LTV-Веб
2024-03-06 11:14:00,unisender,email,"{11418857,20595651}",LTV-Веб
2024-03-06 18:07:00,unisender,email,{15960225},ROADMAP
2024-03-06 19:09:00,telegram,bot-send,"{16766369,17160145,17556815}",ROADMAP
2024-03-07 06:36:00,telegram,social,{11980183},ROADMAP
2024-03-07 06:36:00,telegram,social,{11980183},ROADMAP
2024-03-07 07:48:00,unisender,email,"{17162229,17554629,18678053,19001817}",LTV-Веб
2024-03-07 07:54:00,unisender,email,{17130693},LTV-Веб
2024-03-07 08:06:00,telegram,social,"{15924193,17108465,22058459}",ROADMAP
2024-03-07 08:43:00,unisender,email,{5845449},LTV-Веб
2024-03-07 08:44:00,unisender,email,{5845449},LTV-Веб
2024-03-07 09:49:00,unisender,email,"{17150867,17177837}",LTV-Веб
2024-03-07 11:07:00,unisender,email,"{17150867,17177837}",LTV-Веб
2024-03-07 11:08:00,unisender,email,"{17150867,17177837}",LTV-Веб
2024-03-07 17:30:00,instagram,cpa,"{11088915,12130285}",Workshop-RFM
2024-03-07 18:23:00,telegram,bot-send,"{15570281,16770335}",ROADMAP
2024-03-07 19:16:00,telegram,bot-send,"{15946775,16785195,17577077}",ROADMAP
2024-03-08 08:03:00,telegram,bot-send,"{8887233,16766255}",08.03.2024
2024-03-08 08:10:00,unisender,email,"{16775127,16980287}",08.03.2024
2024-03-08 08:11:00,,,"{5814679,20781819}",08.03.2024
2024-03-08 08:30:00,telegram,bot-send,{17033243},08.03.2024
2024-03-08 08:32:00,telegram,bot-send,"{16003565,16764873,17290925,17553527,17829067,19544884,19867361,20886197,24161655,24395845}",08.03.2024
2024-03-08 08:36:00,telegram,bot-send,"{5983741,16765093}",08.03.2024
2024-03-08 08:40:00,telegram,social,"{8358657,16574417}",08.03.2024
2024-03-08 08:40:00,telegram,bot-send,{9832301},08.03.2024
2024-03-08 08:48:00,telegram,social,{5799545},08.03.2024
2024-03-08 09:04:00,telegram,social,"{15356727,17100247}",08.03.2024
2024-03-08 09:08:00,telegram,bot-send,{7366116},ROADMAP
2024-03-08 09:10:00,unisender,email,{17130693},08.03.2024
2024-03-08 09:10:00,telegram,bot-send,{7366116},08.03.2024
2024-03-08 09:12:00,unisender,email,"{16570977,18237375}",08.03.2024
2024-03-08 09:24:00,telegram,bot-send,{14763967},08.03.2024
2024-03-08 09:43:00,telegram,social,{16005629},08.03.2024
2024-03-08 09:48:00,telegram,bot-send,"{16766403,17180005,18352763,18371345,18522335}",08.03.2024
2024-03-08 09:49:00,telegram,bot-send,"{15924235,17743009}",08.03.2024
2024-03-08 09:50:00,telegram,social,"{12084195,16975267}",08.03.2024
2024-03-08 10:46:00,telegram,bot-send,"{17141409,18672391}",08.03.2024
2024-03-08 10:47:00,unisender,email,{6707403},08.03.2024
2024-03-08 10:56:00,unisender,email,"{15889391,16766247,19329846,20771041}",08.03.2024
2024-03-08 12:04:00,telegram,bot-send,{11377605},08.03.2024
2024-03-08 12:05:00,telegram,bot-send,"{17154281,18638507}",08.03.2024
2024-03-08 12:06:00,unisender,email,{15921957},08.03.2024
2024-03-08 12:16:00,telegram,bot-send,"{16281907,16792385}",08.03.2024
2024-03-08 12:46:00,unisender,email,{15931597},08.03.2024
2024-03-08 13:04:00,unisender,email,{16749391},08.03.2024
2024-03-08 13:12:00,telegram,bot-send,"{15903385,16766413,18515647}",HARD-SQL
2024-03-08 13:13:00,telegram,bot-send,"{15903385,16766413,18515647}",08.03.2024
2024-03-08 16:11:00,unisender,email,"{17129421,17562213}",08.03.2024
2024-04-24 20:54:00,vk_ads,cpm,{15607005},Workshop-RFM
2024-04-26 08:01:00,telegram,social,"{16769821,16820275,17193675}",Студент
2024-04-26 10:59:00,vk_ads,cpm,{15417229},Workshop-RFM
2024-05-08 04:53:00,unisender,email,{17177205},DA-TEST-START
2024-08-14 18:36:00,unisender,email,{5801075},intensive-analyst
2024-08-14 19:03:00,unisender,email,{9832301},intensive-analyst
2024-08-14 21:40:00,telegram,bot-send,{16542771},intensive-analyst
2024-08-15 04:59:00,telegram,bot-send,"{16561769,17099415}",МК-Python
2024-08-15 06:41:00,telegram,bot-send,{17173405},intensive-analyst
2024-08-15 09:17:00,unisender,email,"{15560415,16770403}",intensive-analyst
2024-08-20 16:09:00,telegram,bot-send,"{16815413,17006383,17006385}",web-resume
2024-08-20 16:14:00,telegram,bot-send,{17034101},intensive-analyst
2024-09-22 19:30:00,telegram,social,{16766665},web-2409
2024-11-08 13:19:00,telegram,bot-send,"{16774955,18347079}",web-1211
2024-11-08 13:21:00,telegram,social,{16529035},web-1211
2024-11-09 07:20:00,telegram,paid-placement,"{16013171,16762871}",web-1211
2025-01-13 15:05:00,telegram,bot-send,"{1460603,23961501}",
2025-01-13 16:00:00,telegram,bot-send,"{1460603,23961501}",
2025-01-13 16:01:00,telegram,bot-send,"{17039433,17039435}",web-1401
2025-01-13 16:07:00,telegram,bot-send,"{1460603,23961501}",
2025-01-13 16:17:00,telegram,paid-placement,"{17143617,20730839}",web-1401
2025-01-13 17:36:00,telegram,paid-placement,{16669409},web-1401
2025-01-13 17:44:00,telegram,paid-placement,"{17146067,20598005}",web-1401
2025-01-13 19:12:00,telegram,paid-placement,"{16267739,19910637,22930899}",web-1401
2025-01-13 21:17:00,unisender,email,"{15921589,16766225,18451399}",web-1401
2025-01-14 04:14:00,telegram,bot-send,"{16833065,18771457}",web-1401
2025-01-14 07:48:00,unisender,email,"{1460603,23961501}",web-1401
2025-01-14 08:05:00,telegram,bot-send,"{1460603,23961501}",web-1401
2025-01-14 09:16:00,telegram,bot-send,{15378039},web-1401
2025-01-14 09:19:00,telegram,bot-send,"{17000877,18084425,20490435,22069703,24667759}",web-1401
2025-01-14 09:19:00,telegram,bot-send,{15556555},web-1401
2025-01-14 09:44:00,telegram,bot-send,"{16056423,16769383}",web-1401
2025-01-14 09:48:00,telegram,bot-send,{17034101},web-1401
2025-01-14 09:50:00,telegram,bot-send,{11651903},web-1401
2025-01-14 10:29:00,telegram,bot-send,"{16743379,19453462,21000955}",web-1401
2025-01-14 10:57:00,,,{16841379},Python-FREE
2025-01-14 11:48:00,telegram,bot-send,"{1460603,23961501}",Ads-metrics
2025-01-14 11:59:00,telegram,social,"{17006467,18897949}",web-1401
2025-01-14 12:45:00,telegram,social,{5807709},advent
2025-01-14 13:30:00,unisender,email,{17173405},web-1401
2025-01-14 13:47:00,,,"{16350253,24481101,25366559}",Кейс-АЦ
2025-01-14 13:52:00,telegram,bot-send,"{15922681,16560611}",web-1401
2025-01-14 13:53:00,,,"{16350253,24481101,25366559}",Ads-metrics
2025-01-14 13:57:00,telegram,bot-send,{16784741},web-1401
2025-01-14 15:03:00,telegram,social,"{5848071,20887407}",web-1401
2025-01-14 15:17:00,telegram,bot-send,{5824941},web-1401
2025-01-14 15:18:00,telegram,social,"{2200671,5806435,18084533,20586583}",web-1401
2025-01-14 15:22:00,telegram,social,{9327543},web-1401
2025-01-14 15:25:00,telegram,bot-send,"{16001545,17165757}",web-1401
2025-01-14 15:30:00,telegram,social,"{16552793,17148487}",web-1401
2025-01-14 15:31:00,unisender,email,"{8597793,15922723,17127455}",web-1401
2025-01-14 15:34:00,telegram,bot-send,{6953413},web-1401
2025-01-14 15:35:00,telegram,bot-send,{6953413},web-1401
2025-01-14 15:51:00,unisender,email,"{15667785,18847199,19503222}",web-1401
2025-01-14 15:53:00,telegram,social,"{16774955,18347079}",web-1401
2025-01-14 15:59:00,telegram,social,"{15943891,16773887}",web-1401
2025-01-28 16:14:00,telegram,bot-send,"{5800233,16764845}",web-2801
2025-01-28 16:18:00,andron23,,"{17151209,19295911,21692221}",web-2801
2025-01-28 16:27:00,telegram,bot-send,"{10787621,16772781}",web-2801
2025-01-28 16:50:00,telegram,social,"{15903385,16766413,18515647}",web-2801
2025-01-30 14:02:00,telegram,bot-send,"{17123865,17560467,18878981}",research
2025-01-30 15:53:00,telegram,bot-send,"{16570977,18237375}",research
2025-01-31 09:11:00,telegram,social,{16008929},web-0502
2023-12-19 15:40:00,unisender,email,"{15555667,16762071}",Pandas-pre
2023-12-19 15:54:00,unisender,email,"{16066779,16770183}",Pandas-pre
2023-12-19 15:54:00,unisender,email,"{16066779,16770183}",Pandas-v1
2023-12-19 17:57:00,unisender,email,"{12089567,16764831,16764843}",Pandas-pre
2023-12-19 18:45:00,bot,events-simulative,"{15995043,16764165,18222859}",Pandas-pre
2023-12-19 18:45:00,bot,events-simulative,"{15995043,16764165,18222859}",Pandas-v1
2023-12-19 18:51:00,unisender,email,"{16743379,19453462,21000955}",Pandas-pre
2023-12-19 18:52:00,unisender,email,"{16743379,19453462,21000955}",Pandas-v1
2023-12-19 18:52:00,unisender,email,"{16743379,19453462,21000955}",Pandas-v1
2023-12-19 19:28:00,unisender,email,{5807709},Pandas-pre
2023-12-19 19:29:00,unisender,email,{5807709},Pandas-VIP
2023-12-19 19:33:00,unisender,email,{5807709},Pandas-VIP
2023-12-19 19:48:00,bot,events-simulative,{16057487},Pandas-v1
2023-12-19 20:20:00,bot,events-simulative,"{15549745,16778589}",Pandas-v1
2023-12-19 20:20:00,bot,events-simulative,"{15549745,16778589}",Pandas-pre
2023-12-19 20:25:00,bot,events-simulative,{15927361},Pandas-pre
2023-12-19 20:26:00,bot,events-simulative,{15927361},Pandas-v1
2023-12-25 15:34:00,bot,analytics-pandas-python,{14763967},Sber-Веб
2024-03-09 01:41:00,unisender,email,"{16570977,18237375}",08.03.2024
2024-03-09 05:59:00,telegram,bot-send,"{11470833,16796217,16796225}",08.03.2024
2024-03-09 06:17:00,unisender,email,"{12089567,16764831,16764843}",08.03.2024
2024-03-09 07:47:00,unisender,email,{11651903},08.03.2024
2024-03-09 08:00:00,telegram,bot-send,{16764267},08.03.2024
2024-03-09 08:03:00,unisender,email,{5845449},08.03.2024
2024-03-09 08:03:00,telegram,bot-send,"{15931845,16774847}",08.03.2024
2024-03-09 08:04:00,unisender,email,"{15545853,24411065,24447353}",08.03.2024
2024-03-09 08:16:00,,,"{5814679,20781819}",08.03.2024
2024-03-09 08:21:00,telegram,bot-send,"{16864161,18675121}",08.03.2024
2024-03-09 08:22:00,telegram,bot-send,{15959625},08.03.2024
2024-03-09 08:26:00,telegram,bot-send,{2205259},08.03.2024
2024-03-09 16:51:00,telegram,social,"{17146943,18333051,18385799,18908377}",08.03.2024
2024-03-09 18:20:00,vkontakte,social,"{15943891,16773887}",08.03.2024
2024-03-09 22:03:00,unisender,email,"{15591603,16773121,18378405}",08.03.2024
2024-03-10 10:05:00,telegram,social,"{16084991,16977925,18659265}",08.03.2024
2024-03-10 11:26:00,telegram,bot-send,{16561627},08.03.2024
2024-03-10 11:41:00,telegram,social,"{17064877,17101475}",Студент
2024-03-10 11:42:00,telegram,bot-send,{15920135},08.03.2024
2024-03-12 09:32:00,unisender,email,{17177743},20ideas
2024-03-12 09:39:00,unisender,email,"{15549257,17146927,18114357}",20ideas
2024-03-12 13:04:00,telegram,social,"{15555667,16762071}",portfolio ideas
2024-03-12 16:11:00,telegram,bot-send,"{5814679,20781819}",20ideas
2024-03-19 11:19:00,unisender,email,"{9349901,18448353}",Ads-metrics
2024-03-30 04:45:00,unisender,email,{15744043},tinkoff-1
2024-04-11 04:24:00,telegram,bot-send,"{16766369,17160145,17556815}",Python-FREE
2024-04-11 04:47:00,unisender,email,"{17147401,17177859}",Python-FREE
2024-04-11 08:44:00,telegram,social,{5825207},ROADMAP
2024-04-11 08:44:00,telegram,social,"{17146215,17146219,17177795}",ROADMAP
2024-04-25 09:01:00,bloger,post,"{16570977,18237375}",ГЛЕБ042024
2024-04-25 09:04:00,unisender,email,{16489279},ГЛЕБ042024
2024-04-27 14:49:00,,,{16397299},Python-FREE
2024-05-08 12:06:00,Unisender,email,"{9649707,18908843,24129719}",Экскурсия
2024-05-08 12:09:00,,,"{9649707,18908843,24129719}",Python-FREE
2024-05-13 11:40:00,telegram,bot-send,{2205259},plan-python
2024-05-13 12:10:00,telegram,bot-send,"{16529751,18612143}",plan-python
2024-05-17 11:34:00,unisender,email,"{17147699,17428973,17428975,18451713}",Select-Materials
2024-05-23 14:08:00,vkontakte,social,{5799545},20ideas
2024-05-30 13:10:00,instagram,cpa,{11537905},Workshop-RFM
2024-06-04 15:43:00,unisender,email,"{9349901,18448353}",plan-python
2024-06-05 12:14:00,telegram,social,{16765561},Оплата
2024-06-09 08:52:00,telegram,bot-send,"{15708039,16764909,23523293}",web_13_06
2024-06-09 08:52:00,telegram,bot-send,"{16529751,18612143}",web_13_06
2024-06-09 09:08:00,telegram,bot-send,"{16531399,16771081}",web_13_06
2024-06-09 09:35:00,unisender,email,"{15591603,16773121,18378405}",web_13_06
2024-06-09 09:39:00,telegram,social,{17177205},web_13_06
2024-06-09 10:26:00,telegram,social,{12367367},web_13_06
2024-06-09 12:31:00,telegram,bot-send,"{15931845,16774847}",web_13_06
2024-06-10 09:02:00,telegram,bot-send,{16762377},web_13_06
2024-06-17 09:57:00,telegram,bot-send,"{15921589,16766225,18451399}",КАРЬЕРНЫЙ
2024-06-17 21:49:00,telegram,social,{17032093},КАРЬЕРНЫЙ
2024-07-18 11:44:00,telegram,social,"{17174229,17563043}",КАРЬЕРНЫЙ
2024-07-19 15:22:00,telegram,bot-send,{13336155},web_23_07
2024-07-23 16:16:00,vkontakte,social,"{11787181,12343743,25212617}",web_23_07
2024-07-23 17:30:00,unisender,email,"{17000877,18084425,20490435,22069703,24667759}",web_23_07
2024-07-23 17:52:00,telegram,bot-send,"{16784957,20490049}",web_23_07
2024-07-24 01:01:00,telegram,social,{13166349},web_23_07
2024-08-15 10:18:00,,,"{17163457,18257003,22568895}",intensive-analyst
2024-08-15 12:37:00,unisender,email,"{16084821,20106453}",intensive-analyst
2024-08-20 16:15:00,telegram,social,"{10654999,17558293}",intensive-analyst
2024-09-24 14:09:00,unisender,email,{16489279},DA-TEST-START
2024-09-24 15:19:00,telegram,bot-send,"{16281907,16792385}",web-2409
2024-09-24 18:51:00,telegram,bot-send,{16784739},web-2409
2024-10-11 08:08:00,telegram,social,"{15908653,16763405}",web-geo-analyt
2024-10-26 17:38:00,telegram,bot-send,"{9164281,17166441}",Студент
2024-11-08 10:24:00,telegram,bot-send,{16122975},web-1211
2024-11-08 10:35:00,telegram,bot-send,{5801595},web-1211
2024-11-08 10:40:00,telegram,bot-send,"{16017013,16532045,18912267}",web-1211
2024-11-12 08:50:00,bloger,post,{15930477},web-1211
2024-11-12 09:22:00,telegram,social,{17163457},SPEC-DA-TEST-START
2024-11-12 09:32:00,telegram,social,{17163457},SPEC-DA-TEST
2024-11-12 09:44:00,bloger,post,"{15969863,18953713}",web-1211
2024-11-12 09:45:00,telegram,social,{16037581},SPEC-DA-TEST-START
2024-11-12 09:53:00,telegram,social,{16037581},SPEC-DA-TEST
2024-11-12 10:17:00,telegram,bot-send,{5799545},web-1211
2024-11-12 10:17:00,telegram,bot-send,{16397299},web-1211
2024-11-12 10:54:00,telegram,bot-send,{16299591},web-1211
2024-11-12 10:56:00,bloger,post,"{17064877,17101475}",web-1211
2024-11-12 10:57:00,telegram,bot-send,"{15549745,16778589}",web-1211
2024-11-12 11:44:00,telegram,bot-send,"{15621747,16768801}",web-1211
2024-11-12 13:57:00,telegram,paid-placement,"{16312435,19011609}",web-1211
2024-11-12 14:13:00,telegram,social,"{15560051,16754921}",web-1211
2024-11-12 14:33:00,telegram,social,"{17147699,17428973,17428975,18451713}",web-1211
2024-11-12 15:10:00,telegram,bot-send,"{15928661,23819030}",web-1211
2024-11-12 15:23:00,telegram,bot-send,{16256923},web-1211
2024-11-12 15:33:00,telegram,bot-send,"{16017013,16532045,18912267}",web-1211
2024-11-13 23:54:00,telegram,bot-send,{11989079},web-1211
2024-11-14 00:13:00,telegram,bot-send,"{10421587,12718265,22965161}",web-1211
2024-11-14 00:20:00,telegram,bot-send,"{10421587,12718265,22965161}",web-1211
2024-11-14 00:28:00,telegram,social,"{7710743,14717267}",web-1211
2024-11-14 00:33:00,unisender,email,{5807709},web-1211
2024-11-18 19:27:00,telegram,social,"{16002315,17136577,18651907,18658731,19040861}",HARD-SQL
2024-11-20 12:21:00,partner,itresume,"{9349901,18448353}",6 каверз
2024-11-20 13:06:00,unisender,email,"{8358657,16574417}",Кейс-АЦ
2024-11-23 11:38:00,telegram,bot-send,{17177205},web-2611
2024-11-25 17:54:00,telegram,bot-send,"{17151787,17558471,21456436,21502670,21566010}",web-2611
2024-12-17 16:04:00,telegram,bot-send,{5801595},web-1712
2024-12-17 16:32:00,telegram,bot-send,{15538843},web-1712
2024-12-17 16:54:00,telegram,social,{15930477},web-1712
2025-01-31 10:38:00,telegram,bot-send,"{15921749,16695207,16773339}",web-0502
2025-01-31 10:39:00,telegram,bot-send,{11587469},web-0502
2023-12-20 17:34:00,bot,events-simulative,"{16785101,17610155}",Pandas-pre
2023-12-25 11:17:00,bot,testovoe-bank-otkrytie,{5807709},Sber-Веб
2023-12-25 12:21:00,unisender,email,"{16531341,16775575}",Sber-Веб
2024-01-04 07:38:00,Unisender,email,{15921957},Pandas-v2
2024-03-13 10:35:00,telegram,bot-send,"{16833065,18771457}",20ideas
2024-04-10 11:59:00,unisender,email,{17264537},Python-FREE
2024-04-14 05:10:00,partner,itresume,"{16011643,16871171,19092417}",6 каверз
2024-06-11 06:50:00,unisender,email,{15960225},student-project
2024-06-11 12:24:00,telegram,social,"{16275885,17101289}",student-project
2024-06-11 13:31:00,unisender,email,"{17151209,19295911,21692221}",student-project
2024-06-11 15:17:00,telegram,paid-placement,{12349789},web_13_06
2024-06-11 15:40:00,telegram,paid-placement,"{17128911,20600771}",web_13_06
2024-06-13 16:07:00,telegram,social,"{16766403,17180005,18352763,18371345,18522335}",web_13_06
2024-06-18 11:47:00,telegram,social,"{15970405,16774017}",КАРЬЕРНЫЙ
2024-06-18 14:12:00,unisender,email,"{15927075,16695207,17631349,19006309}",SPEC-DA-TEST-START
2024-06-18 14:13:00,unisender,email,"{15927075,16695207,17631349,19006309}",SPEC-DA-TEST
2024-06-18 14:36:00,telegram,social,{17032093},SPEC-DA-TEST-START
2024-06-24 12:53:00,telegram,bot-send,{16003203},Ozon-25-06
2024-06-25 07:32:00,unisender,email,"{16287273,16767225}",Ozon-25-06
2024-06-25 13:39:00,telegram,social,{15996447},Ozon-25-06
2024-06-25 16:02:00,telegram,social,{5804161},Ozon-25-06
2024-06-26 07:53:00,partner,itresume,{17070179},6 каверз
2024-07-20 06:38:00,vkontakte,social,"{5693721,16690195,18716943}",web_23_07
2024-07-23 15:58:00,telegram,social,"{15208695,17145269,21719045}",КАРЬЕРНЫЙ
2024-08-20 16:50:00,unisender,email,"{15560415,16770403}",intensive-analyst
2024-08-20 16:52:00,unisender,email,"{16784957,20490049}",intensive-analyst
2024-08-29 11:58:00,telegram,social,"{17151209,19295911,21692221}",intensive-analyst
2024-09-06 09:32:00,manager,,{15996447},become-analyst
2024-09-06 10:24:00,telegram,social,{13336155},become-analyst
2024-09-24 10:26:00,unisender,email,{16857289},web-2409
2024-09-24 16:05:00,unisender,email,"{15889391,16766247,19329846,20771041}",web-2409
2024-09-24 16:05:00,telegram,social,{14728903},web-2409
2024-09-25 08:57:00,vk_ads,cpm,{16510153},web-2409
2024-09-25 08:58:00,telegram,social,"{15916041,18583517}",web-2409
2024-10-02 09:35:00,unisender,email,"{16739833,24522659}",lottery
2024-10-03 00:23:00,telegram,social,"{16084821,20106453}",lottery
2024-10-03 11:18:00,unisender,email,"{16774955,18347079}",web-geo-analyt
2024-10-03 11:20:00,unisender,email,"{16774955,18347079}",web-geo-analyt
2024-10-08 09:29:00,telegram,social,{9832301},web-geo-analyt
2024-10-23 17:09:00,telegram,bot-send,{15959983},web-2310
2025-01-15 12:02:00,telegram,social,"{16011643,19950481,20319115}",Ads-metrics
2024-10-23 17:11:00,telegram,bot-send,{14728903},web-2310
2024-11-08 12:11:00,telegram,paid-placement,"{15548959,16763825,18256737,19434630}",web-1211
2024-11-08 12:49:00,telegram,paid-placement,{17070179},web-1211
2024-11-12 15:47:00,bloger,post,"{16774955,18347079}",web-1211
2024-11-12 15:51:00,telegram,bot-send,{15959983},web-1211
2024-11-12 15:51:00,telegram,bot-send,{15959983},web-1211
2024-11-12 15:53:00,unisender,email,{16037581},web-1211
2024-11-12 15:53:00,telegram,bot-send,"{16020473,16771993}",web-1211
2024-11-12 15:54:00,telegram,paid-placement,"{11787181,12343743,25212617}",web-1211
2024-11-12 15:54:00,telegram,social,{17089011},web-1211
2024-11-12 15:54:00,telegram,bot-send,"{16020473,16771993}",web-1211
2024-11-12 15:54:00,telegram,social,"{16684485,18689443}",web-1211
2024-11-13 23:59:00,telegram,bot-send,{16529429},web-1211
2024-11-14 00:00:00,telegram,social,"{17143617,20730839}",web-1211
2024-11-14 06:55:00,telegram,social,{12349789},web-1211
2024-11-18 19:17:00,telegram,social,"{15208695,17145269,21719045}",HARD-SQL
2024-11-18 19:36:00,telegram,social,"{16267739,19910637,22930899}",HARD-SQL
2024-11-18 19:44:00,telegram,social,"{17156637,20605369,20764479}",HARD-SQL
2024-11-18 19:45:00,telegram,social,"{17156637,20605369,20764479}",HARD-SQL
2024-11-19 01:40:00,telegram,social,{12367367},HARD-SQL
2024-11-20 12:52:00,unisender,email,{11651903},Кейс-АЦ
2024-11-22 09:04:00,unisender,email,"{16287273,16767225}",web-2611
2024-11-26 16:21:00,telegram,bot-send,"{16741423,18595441}",PRODUCT-TEST-START
2024-11-29 09:08:00,telegram,social,{16788821},web-0412
2024-11-29 11:18:00,unisender,email,"{15950709,16529323,16770067}",web-0412
2024-12-17 15:51:00,telegram,social,"{17147699,17428973,17428975,18451713}",web-1712
2024-12-17 15:55:00,telegram,social,"{16056423,16769383}",web-1712
2024-12-17 15:57:00,telegram,bot-send,"{16003565,17553527,17829067,20886197,22364977,23647487,24161655}",web-1712
2024-12-19 08:26:00,telegram,social,{15569323},Ads-metrics
2024-12-20 10:11:00,telegram,social,"{16003565,17553527,17829067,20886197,22364977,23647487,24161655}",web-2412
2024-12-20 10:29:00,telegram,bot-send,"{15931845,16774847}",web-2412
2024-12-20 10:29:00,telegram,bot-send,"{16561769,17099415}",web-2412
2025-01-14 15:58:00,,,"{16003565,16764873,17290925,17553527,17829067,19544884,19867361,20886197,24161655,24395845}",web-1401
2025-01-14 15:58:00,telegram,social,"{17151787,17558471,21456436,21502670,21566010}",web-1401
2025-01-14 15:59:00,telegram,bot-send,"{16833065,18771457}",web-1401
2025-01-15 08:51:00,telegram,bot-send,"{1460603,23961501}",Ads-metrics
2025-01-15 09:21:00,admitad,,{16078217},DA-TEST-START
2025-01-15 09:46:00,admitad,,{16078217},DA-TEST
2025-01-15 10:46:00,unisender,email,"{12705807,19177727}",Ads-metrics
2025-01-15 10:50:00,unisender,email,{16784739},Ads-metrics
2025-01-15 10:50:00,unisender,email,{16001333},Ads-metrics
2025-01-15 10:50:00,telegram,social,"{16761837,21782923}",Ads-metrics
2025-01-15 10:51:00,telegram,social,"{1460603,23961501}",Ads-metrics
2025-01-24 07:50:00,telegram,social,"{16815413,17006383,17006385}",web-2801
2024-01-24 15:33:00,telegram,pandas-chat,"{16785101,17610155}",Workshop-RFM
2024-03-05 12:37:00,unisender,email,{17105135},ROADMAP
2024-03-05 14:06:00,telegram,social,"{16769821,16820275,17193675}",ROADMAP
2024-03-10 16:37:00,unisender,email,{17212651},Студент
2024-03-19 12:17:00,unisender,email,"{15924235,17743009}",Ads-metrics
2024-03-21 10:08:00,,,"{12084195,16975267}",DA-TEST-START
2024-03-22 20:43:00,telegram,social,{5844181},HARD-SQL
2024-03-22 20:44:00,telegram,social,{5844181},HARD-SQL
2024-03-24 19:39:00,telegram,social,"{12084195,16975267}",DA-TEST-START
2024-03-24 20:07:00,telegram,social,"{12084195,16975267}",DA-TEST-START
2024-03-27 20:16:00,telegram,social,"{17064877,17101475}",tinkoff-1
2024-03-28 05:38:00,vkontakte,social,"{16275885,17101289,24452351}",tinkoff-1
2024-03-28 14:29:00,telegram,social,"{17146035,17191367}",Студент
2024-04-05 12:12:00,telegram,social,{15924195},SPEC-DA-TEST
2024-04-09 10:48:00,telegram,social,{16842355},Python-FREE
2024-04-09 13:56:00,telegram,bot-send,"{15548959,16763825,18256737,19434630}",Python-FREE
2024-04-11 09:23:00,unisender,email,"{15921793,15927163,17122529}",ROADMAP
2024-04-16 11:47:00,telegram,bot-send,{17033243},Python-FREE
2024-04-16 15:59:00,telegram,social,{16270415},SQL-16-04-24
2024-04-16 18:49:00,telegram,social,"{8328733,20015455}",Python-FREE
2024-04-17 04:32:00,telegram,bot-send,{13166349},SQL-16-04-24
2024-06-04 12:00:00,telegram,social,{15930477},plan-python
2024-06-13 11:20:00,telegram,bot-send,"{15903385,16766413,18515647}",web_13_06
2024-06-17 11:09:00,telegram,social,{16529727},КАРЬЕРНЫЙ
2024-06-26 14:54:00,telegram,bot-send,{16842355},Ozon-25-06
2024-07-03 12:45:00,telegram,social,{11807293},PRODUCT-TEST-START
2024-10-29 09:54:00,telegram,bot-send,{15922451},web-2910
2024-11-02 09:06:00,telegram,bot-send,{11693353},web-0611
2024-11-02 09:34:00,unisender,email,{16016135},web-0611
2024-11-05 17:53:00,telegram,social,"{8597793,15922723,17127455}",DA-TEST
2024-11-06 09:26:00,telegram,bot-send,{16764879},web-0611
2024-11-06 16:41:00,unisender,email,"{15889391,16766247,19329846,20771041}",web-0611
2024-11-14 00:24:00,telegram,bot-send,"{9825095,19271961,25233199}",web-1211
2024-11-18 16:13:00,telegram,social,{15923745},HARD-SQL
2024-11-18 16:13:00,telegram,social,"{8358657,16574417}",HARD-SQL
2024-11-18 16:13:00,telegram,social,"{8358657,16574417}",HARD-SQL
2024-11-19 01:40:00,telegram,social,{12367367},HARD-SQL
2024-11-19 05:06:00,telegram,social,{5804501},HARD-SQL
2024-11-19 05:06:00,telegram,social,{5804501},HARD-SQL
2024-11-19 07:53:00,telegram,social,{16784025},HARD-SQL
2024-11-19 07:53:00,telegram,social,{16784025},HARD-SQL
2024-11-23 03:20:00,telegram,bot-send,{16842355},web-2611
2024-11-26 15:02:00,unisender,email,"{15889391,16766247,19329846,20771041}",web-2611
2024-12-17 16:01:00,unisender,email,"{9347081,17154923}",web-1712
2024-12-17 16:02:00,telegram,social,{17162981},web-1712
2024-12-17 16:03:00,telegram,bot-send,{15569467},web-1712
2024-12-17 16:05:00,bloger,social,{16749391},web-1712
2024-12-17 16:08:00,telegram,bot-send,{15916845},web-1712
2024-12-17 16:14:00,telegram,bot-send,"{9825095,23710543}",web-1712
2024-12-17 16:14:00,telegram,social,{17105135},web-1712
2024-12-17 16:15:00,telegram,social,{17105135},web-1712
2024-12-17 16:20:00,telegram,social,"{2200671,5806435,18084533,20586583}",web-1712
2024-12-17 16:22:00,telegram,social,{17162981},web-1712
2024-12-17 16:26:00,telegram,bot-send,"{8853445,19554774}",web-1712
2024-12-17 16:27:00,telegram,social,"{11787181,12343743,25212617}",web-1712
2024-12-17 16:31:00,unisender,email,{5807709},web-1712
2024-12-17 16:46:00,unisender,email,"{9649707,18908843,24129719}",6 каверз
2024-12-17 17:07:00,telegram,social,{11989079},web-1712
2024-12-17 17:22:00,telegram,bot-send,"{16003565,17553527,17829067,20886197,22364977,23647487,24161655}",web-1712
2024-12-17 17:25:00,telegram,bot-send,"{16003565,16764873,17290925,17553527,17829067,19544884,19867361,20886197,24161655,24395845}",Заморозка
2024-12-17 17:32:00,telegram,bot-send,"{16003565,16764873,17290925,17553527,17829067,19544884,19867361,20886197,24161655,24395845}",PRODUCT-TEST-START
2024-12-17 17:43:00,telegram,bot-send,"{16003565,16764873,17290925,17553527,17829067,19544884,19867361,20886197,24161655,24395845}",SPEC-DA-TEST-START
2024-12-17 18:05:00,telegram,bot-send,{15538843},web-1712
2024-12-17 18:20:00,telegram,bot-send,"{9164281,17166441}",web-1712
2024-12-18 11:49:00,telegram,social,"{16017013,16532045,18912267}",web-1712
2024-12-18 11:52:00,telegram,social,"{16017013,16532045,18912267}",web-0412
2024-12-18 18:34:00,,,{15924905},Demo
2024-12-19 09:28:00,telegram,social,"{16561367,16766579,16864685,19270727}",web-power-bi
2024-12-19 16:50:00,yandex,cpc,"{17163457,21323678,25588667}",Консультация
2024-12-20 10:04:00,telegram,paid-placement,"{17104677,17569777}",web-2412
2024-12-20 10:07:00,telegram,paid-placement,{11377605},web-2412
2024-12-20 10:14:00,telegram,social,"{17147699,17428973,17428975,18451713}",web-2412
2024-12-20 10:20:00,telegram,paid-placement,{16008929},web-2412
2024-12-20 10:20:00,telegram,social,"{5840561,16823375,17195057}",web-2412
2024-12-20 10:22:00,telegram,social,{9832301},web-2412
2024-12-20 10:25:00,telegram,social,"{15549257,17146927,18114357}",web-2412
2024-12-20 10:27:00,unisender,email,"{10331397,16761959}",web-2412
2024-12-20 10:27:00,telegram,bot-send,{12367367},web-2412
2024-12-20 10:28:00,telegram,bot-send,{11789383},web-2412
2024-12-20 10:29:00,telegram,bot-send,"{16741423,18595441}",web-2412
2024-12-20 10:31:00,telegram,social,{17099405},web-2412
2024-12-20 10:32:00,telegram,bot-send,{11989079},web-2412
2024-12-20 10:32:00,telegram,bot-send,"{9825095,23710543}",web-2412
2024-12-20 10:32:00,telegram,bot-send,"{17000877,18084425,20490435,22069703,24667759}",web-2412
2024-12-20 10:32:00,telegram,bot-send,"{17124341,17323493,18223273}",web-2412
2024-12-20 10:48:00,telegram,bot-send,"{11792445,16764207}",web-2412
2024-12-20 11:48:00,unisender,email,"{10694763,10904619}",web-2412
2024-12-20 16:33:00,telegram,paid-placement,"{7710743,14717267}",web-2412
2024-12-20 18:31:00,telegram,paid-placement,"{15555667,16762071}",web-2412
2025-01-07 09:36:00,telegram,social,{8445281},advent
2025-01-24 08:12:00,telegram,bot-send,{5799545},web-2801
2025-01-24 08:46:00,telegram,social,{16001333},web-2801
2025-01-24 08:46:00,telegram,bot-send,{17034101},web-2801
2025-01-24 08:48:00,telegram,social,"{17147699,17428973,17428975,18451713}",web-2801
2025-01-30 08:51:00,unisender,email,{8346889},web-2801
2024-06-18 02:15:00,unisender,email,{5801075},КАРЬЕРНЫЙ
2024-06-19 20:18:00,telegram,social,"{15999793,17100049,18568773}",web_13_06
2024-06-24 17:59:00,telegram,paid-placement,"{16772541,20843231}",Ozon-25-06
2024-06-24 18:13:00,unisender,email,"{16978917,16978919}",Консультация
2024-06-25 01:59:00,telegram,social,{12367367},6 каверз
2024-06-25 06:04:00,telegram,social,{15378039},Ozon-25-06
2024-06-25 06:16:00,telegram,paid-placement,"{17122293,18713659}",Ozon-25-06
2024-06-25 07:47:00,telegram,bot-send,{11377605},Ozon-25-06
2024-06-25 07:49:00,unisender,email,"{15895095,16011643,19032967}",Ozon-25-06
2024-06-25 08:01:00,unisender,email,{11989079},Ozon-25-06
2024-06-25 08:01:00,unisender,email,"{16775127,16980287}",Ozon-25-06
2024-06-25 08:03:00,telegram,bot-send,{16528805},Ozon-25-06
2024-06-25 08:05:00,telegram,bot-send,{14763967},Ozon-25-06
2024-06-25 08:10:00,telegram,bot-send,"{11929247,16765787,18772107}",Ozon-25-06
2024-06-25 08:18:00,unisender,email,{12022681},Ozon-25-06
2024-06-25 08:48:00,telegram,bot-send,"{17156637,20605369,20764479}",Ozon-25-06
2024-06-25 08:51:00,telegram,social,{16769049},Консультация
2024-06-25 10:09:00,telegram,bot-send,"{15928337,19015561,19024235}",МК-Python
2024-06-25 10:39:00,unisender,email,"{16336117,16778411,17631349,18418999}",Ozon-25-06
2024-06-25 13:16:00,telegram,paid-placement,{11587469},Ozon-25-06
2024-07-09 12:10:00,telegram,social,"{15549257,17146927,18114357}",web_09_07
2024-07-18 11:56:00,telegram,social,{15569323},DA-TEST-START
2024-07-18 12:19:00,telegram,social,"{15549257,17146927,18114357}",DA-TEST-START
2024-07-19 09:50:00,telegram,social,"{17174229,17563043}",web_23_07
2024-07-31 11:57:00,telegram,social,{15569467},Студент
2024-08-20 04:09:00,bloger,post,"{16084821,20106453}",intensive-analyst
2024-11-06 16:41:00,unisender,email,"{15889391,16766247,19329846,20771041}",web-0611
2024-11-08 08:29:00,telegram,bot-send,{16531253},web-1211
2024-11-08 08:33:00,telegram,paid-placement,"{16784197,17303493}",web-1211
2024-11-08 08:35:00,telegram,bot-send,"{15539937,16762403}",web-1211
2024-11-18 16:14:00,telegram,social,"{8358657,16574417}",HARD-SQL
2024-12-20 10:33:00,telegram,bot-send,{5801595},web-2412
2024-12-20 10:41:00,unisender,email,{16531253},web-2412
2024-12-20 10:42:00,telegram,bot-send,{15941867},web-2412
2024-12-20 10:45:00,telegram,paid-placement,"{17146903,20603317}",web-2412
2024-12-20 10:48:00,telegram,bot-send,{16037581},web-2412
2024-12-20 10:51:00,telegram,bot-send,"{15208695,17145269,21719045}",web-2412
2025-01-15 17:40:00,telegram,social,"{2200671,5806435,18084533,20586583}",Ads-metrics
2024-12-20 10:51:00,telegram,bot-send,"{15921749,16695207,16773339}",web-2412
2024-12-20 10:54:00,unisender,email,{16003203},web-2412
2024-12-20 11:07:00,telegram,bot-send,"{16084991,16977925,18659265}",web-2412
2024-12-20 11:12:00,telegram,bot-send,"{17099555,17099557,17099759}",web-2412
2024-12-20 11:14:00,telegram,bot-send,"{15549745,16778589}",web-2412
2024-12-20 11:19:00,telegram,paid-placement,{16996099},web-2412
2024-12-20 11:20:00,telegram,bot-send,"{17156637,20605369,20764479}",web-2412
2024-12-20 11:25:00,unisender,email,"{15667785,18847199,19503222}",web-2412
2024-12-20 11:30:00,telegram,bot-send,"{15995043,16764165,18222859}",web-2412
2024-12-20 11:59:00,telegram,bot-send,{16784741},web-2412
2024-12-20 12:25:00,telegram,social,"{16774955,18347079}",web-2412
2024-12-20 13:01:00,telegram,social,"{15933065,16754539}",web-2412
2024-12-20 13:19:00,telegram,social,"{17156637,20605369,20764479}",web-2412
2024-12-20 13:22:00,telegram,bot-send,"{17123447,19839367}",web-2412
2024-12-20 14:17:00,unisender,email,"{15921589,16766225,18451399}",web-2412
2024-12-20 14:38:00,unisender,email,{17123277},web-2412
2024-12-20 14:43:00,telegram,bot-send,{15588591},web-2412
2024-12-20 15:28:00,telegram,social,{16370861},web-2412
2024-12-20 16:15:00,telegram,social,"{15895095,16011643,19032967}",abc-portfolio
2024-12-20 16:21:00,telegram,bot-send,"{15923171,21320212}",web-2412
2024-12-20 16:26:00,telegram,paid-placement,{16541723},web-2412
2024-12-20 17:10:00,partner,itresume,{11789383},Ads-metrics
2024-12-20 17:23:00,telegram,bot-send,{15536401},web-2412
2024-12-20 17:25:00,telegram,bot-send,{16529295},web-2412
2024-12-20 19:45:00,telegram,paid-placement,{16765561},web-2412
2024-12-21 05:37:00,unisender,email,"{15895095,16011643,19032967}",web-2412
2024-12-21 07:33:00,telegram,bot-send,"{17038527,17683033}",web-2412
2024-12-21 08:38:00,telegram,bot-send,"{16552793,17148487}",web-2412
2024-12-21 11:26:00,telegram,bot-send,{16603359},web-2412
2024-12-21 15:00:00,telegram,social,{5801075},abc-portfolio
2024-12-21 15:02:00,telegram,bot-send,{5801075},web-2412
2024-12-21 19:43:00,bloger,post,"{15969863,18953713}",web-2412
2024-12-21 20:11:00,unisender,email,"{15995043,16764165,18222859}",Demo
2024-12-22 08:03:00,telegram,social,"{8853445,19554774}",web-2412
2024-12-22 11:09:00,telegram,bot-send,{16769049},web-2412
2024-12-22 12:54:00,bloger,social,"{16764091,16764093}",web-1712
2024-12-22 18:53:00,telegram,paid-placement,{16669409},web-2412
2024-12-22 22:13:00,telegram,bot-send,"{17143617,20730839}",web-2412
2024-12-23 03:53:00,telegram,social,"{17151209,19295911,21692221}",web-2412
2024-12-23 05:45:00,telegram,bot-send,{16763245},web-2412
2024-12-23 05:57:00,telegram,bot-send,{16764879},web-2412
2024-12-23 05:57:00,telegram,bot-send,{16764879},web-2412
2024-12-23 07:21:00,telegram,paid-placement,"{16763135,17560101}",web-2412
2024-12-23 07:55:00,telegram,paid-placement,"{11418857,20595651}",web-2412
2024-12-23 09:05:00,telegram,paid-placement,{11377605},web-2412
2024-12-24 15:47:00,telegram,bot-send,"{5983741,16765093}",web-2412
2024-12-24 15:54:00,telegram,bot-send,{16820111},web-2412
2025-01-21 16:48:00,telegram,bot-send,{16256923},web-2101
2025-01-24 08:16:00,unisender,email,"{16228633,16771429}",web-2910
2025-01-24 09:06:00,telegram,bot-send,{16762351},web-2801
2025-01-24 10:11:00,telegram,bot-send,"{15931977,16764213}",portfolio ideas
2024-04-16 15:48:00,telegram,bot-send,"{17147329,17580017,21615360}",SQL-16-04-24
2024-04-17 13:00:00,telegram,bot-send,"{17147329,17580017,21615360}",Оплата
2024-04-17 13:17:00,old-lms,lesson,{17033243},Студент
2024-04-17 14:13:00,,,"{5814679,20781819}",Python-FREE
2024-06-25 15:52:00,telegram,social,{16054019},Ozon-25-06
2024-06-25 15:56:00,telegram,bot-send,{15929783},Ozon-25-06
2024-08-06 10:01:00,telegram,bot-send,"{15545853,20697223}",web-resume
2024-08-06 15:48:00,telegram,bot-send,"{17156637,20605369,20764479}",web-resume
2024-08-06 15:59:00,telegram,bot-send,"{17156637,20605369,20764479}",web-resume
2024-08-06 16:13:00,unisender,email,"{16765779,18914999}",web-resume
2024-08-15 18:22:00,telegram,bot-send,{16051969},intensive-analyst
2024-08-20 08:57:00,telegram,bot-send,"{15928337,19015561,19024235}",intensive-analyst
2024-08-20 09:01:00,telegram,bot-send,{16979047},intensive-analyst
2024-08-20 09:27:00,telegram,bot-send,"{16003565,16764873,17290925,17553527,17829067,19544884,19867361,20886197,24161655,24395845}",intensive-analyst
2024-08-20 09:33:00,telegram,bot-send,{16077105},intensive-analyst
2024-08-20 10:13:00,telegram,bot-send,{17034101},intensive-analyst
2024-08-20 10:16:00,telegram,bot-send,"{17000877,18084425,20490435,22069703,24667759}",intensive-analyst
2024-08-20 10:51:00,telegram,social,{16784025},Python-FREE
2024-08-20 11:42:00,telegram,social,"{16762199,18914983,20980525}",intensive-analyst
2024-08-20 12:18:00,bloger,post,"{17154281,18638507}",intensive-analyst
2024-08-20 13:31:00,telegram,social,"{16774955,18347079}",intensive-analyst
2024-08-20 13:37:00,telegram,social,{15935273},intensive-analyst
2024-08-20 13:39:00,telegram,social,"{10654999,17558293}",intensive-analyst
2024-08-20 14:08:00,telegram,social,"{16552793,17148487}",intensive-analyst
2024-08-20 15:02:00,telegram,bot-send,{15588591},intensive-analyst
2024-08-20 15:03:00,telegram,bot-send,{16077105},intensive-analyst
2024-08-20 15:03:00,bloger,post,"{16312435,19011609}",intensive-analyst
2024-08-20 15:05:00,unisender,email,"{16281907,16792385}",intensive-analyst
2024-08-20 15:11:00,telegram,paid-placement,"{899109,18648001}",intensive-analyst
2024-09-13 13:12:00,unisender,email,"{11088915,12130285}",become-bi
2024-09-13 13:12:00,unisender,email,{16862903},become-bi
2024-09-13 13:30:00,telegram,bot-send,"{15895095,16011643,19032967}",become-bi
2024-09-13 13:35:00,unisender,email,"{17154281,18638507}",become-bi
2024-09-13 14:02:00,telegram,bot-send,"{16774955,18347079}",become-bi
2024-09-13 14:04:00,telegram,social,"{2200671,5806435,18084533,20586583}",become-bi
2024-09-13 15:25:00,vk_ads,cpm,"{17163457,18257003,22568895}",become-bi
2024-09-14 07:18:00,unisender,email,"{16002315,17136577,18651907,18658731,19040861}",become-bi
2024-09-20 11:42:00,telegram,bot-send,{12488361},web-2409
2024-09-20 15:18:00,unisender,email,{5801075},web-2409
2024-09-20 15:29:00,telegram,social,"{16570977,18237375}",web-2409
2024-09-20 16:03:00,unisender,email,"{9347081,17154923}",web-2409
2024-09-20 16:57:00,unisender,email,"{2200671,5806435,18084533,20586583}",web-2409
2024-09-23 16:10:00,telegram,paid-placement,"{11787181,12343743,25212617}",web-2409
2024-09-24 16:01:00,unisender,email,"{16741423,18595441}",web-2409
2024-10-04 11:33:00,telegram,bot-send,{16979047},web-geo-analyt
2024-10-14 22:04:00,telegram,paid-placement,{17176185},web-power-bi
2024-10-24 06:57:00,telegram,bot-send,{11074775},web-2310
2024-10-24 07:42:00,telegram,social,"{16765779,18914999}",web-2310
2024-10-24 08:41:00,telegram,social,"{15969863,18953713}",web-2310
2024-11-05 15:27:00,unisender,email,"{15921749,16695207,16773339}",web-0611
2024-11-05 16:02:00,telegram,social,{16191753},DA-TEST-START
2024-11-06 16:43:00,telegram,social,"{15942213,16974953,20010059}",web-0611
2024-11-06 16:43:00,unisender,email,{16547969},web-0611
2024-11-12 15:56:00,telegram,social,"{15560051,16754921}",web-1211
2024-11-12 15:57:00,telegram,bot-send,"{16001545,17165757}",web-1211
2024-11-12 15:58:00,unisender,email,{17212651},web-1211
2024-11-12 15:59:00,telegram,bot-send,{16542771},web-1211
2024-12-23 09:39:00,telegram,bot-send,"{15942213,16974953,20010059}",web-2412
2024-12-23 09:50:00,telegram,bot-send,{15929783},web-2412
2024-12-23 12:11:00,telegram,paid-placement,"{17146579,24244743}",web-2412
2024-12-23 12:12:00,telegram,bot-send,"{16084821,20106453}",web-1712
2024-12-23 12:13:00,telegram,bot-send,"{16084821,20106453}",web-2412
2024-12-23 12:17:00,telegram,bot-send,{15959983},web-2412
2024-12-24 16:04:00,unisender,email,"{15922681,16560611}",web-2412
2025-01-07 16:01:00,telegram,data_publication,"{16350253,24481101,25366559}",autoweb-become-analyst
2025-01-08 17:40:00,,,{16764879},advent
2025-01-09 12:30:00,,,"{15908653,16763405}",advent
2025-01-14 16:25:00,telegram,social,"{15943891,16773887}",web-1401
2025-01-15 11:27:00,telegram,social,"{16815413,17006383,17006385}",Ads-metrics
2025-01-16 05:20:00,unisender,email,"{16002965,18672699}",Ads-metrics
2025-01-16 05:53:00,telegram,social,{5801595},Ads-metrics
2025-01-16 22:14:00,telegram,bot,"{9343497,22856197,25323757}",Demo
2025-01-17 12:41:00,telegram,bot-send,{16924767},web-2101
2025-01-17 13:31:00,telegram,social,{15930477},web-2101
2025-01-17 13:46:00,telegram,social,"{15921589,16766225,18451399}",web-2101
2025-01-18 04:59:00,telegram,social,"{9825095,23710543}",web-2101
2025-01-19 14:04:00,telegram,paid-placement,"{15943993,16768259}",web-2101
2025-01-20 11:46:00,telegram,bot-send,"{1460603,23961501}",web-2101
2025-01-23 03:01:00,telegram,social,"{12578989,18222813}",portfolio ideas
2025-01-23 16:32:00,unisender,email,"{17151209,19295911,21692221}",portfolio ideas
2025-01-23 16:49:00,unisender,email,"{15931845,16774847}",portfolio ideas
2025-01-23 17:18:00,telegram,bot-send,"{15889391,16766247,19329846,20771041}",portfolio ideas
2025-01-23 19:46:00,telegram,bot-send,{15585685},portfolio ideas
2025-01-23 20:17:00,telegram,bot-send,"{15549745,16778589}",portfolio ideas
2025-01-24 01:19:00,telegram,paid-placement,{17034101},autoweb-yandex
2024-01-18 03:35:00,unisender,email,{15744043},Pandas-v3
2024-01-24 15:56:00,telegram,social,"{15970405,16774017}",Workshop-RFM
2024-02-26 11:16:00,telegram,bot-send,"{16766595,17554027}",HARD-SQL
2024-02-26 13:05:00,telegram,social,"{16769821,16820275,17193675}",Студент
2024-02-26 15:47:00,telegram,bot-send,"{16773339,17310203}",HARD-SQL
2024-02-26 15:47:00,telegram,bot-send,"{16773339,17310203}",HARD-SQL
2024-02-26 18:39:00,telegram,bot-send,{16572265},HARD-SQL
2024-02-26 19:56:00,amo,email,{15569323},Заморозка
2024-02-27 14:45:00,telegram,bot-send,"{16766595,17554027}",HARD-SQL
2024-04-16 17:28:00,webinar,livedigital,"{16003565,16764873,17290925,17553527,17829067,19544884,19867361,20886197,24161655,24395845}",Оплата
2024-05-06 13:24:00,unisender,email,{17118163},Python-FREE
2024-06-18 09:16:00,telegram,social,"{15948581,16764269}",SPEC-DA-TEST-START
2024-06-25 15:34:00,unisender,email,"{11088915,12130285}",Ozon-25-06
2024-06-25 15:57:00,unisender,email,"{16336117,16778411,17631349,18418999}",Ozon-25-06
2024-06-25 15:58:00,telegram,paid-placement,{16741325},Ozon-25-06
2024-07-01 19:23:00,unisender,email,{2494413},Python-FREE
2024-07-03 12:50:00,telegram,social,{16572265},PRODUCT-TEST-START
2024-07-19 13:33:00,telegram,bot-send,"{16762199,18914983,20980525}",DA-TEST-START
2024-10-08 16:14:00,telegram,social,{15930477},web-geo-analyt
2024-11-06 16:44:00,telegram,social,"{15942213,16974953,20010059}",web-0611
2024-11-06 16:46:00,telegram,social,"{17141895,18859951,22029899}",DA-TEST-START
2024-11-08 15:04:00,telegram,paid-placement,{14712829},web-1211
2024-11-08 15:26:00,unisender,email,{17176185},web-1211
2024-11-12 16:02:00,unisender,email,"{16529705,17157253}",web-1211
2024-11-12 16:03:00,unisender,email,"{16336117,16778411,17631349,18418999}",web-1211
2024-11-12 16:04:00,telegram,bot-send,{16238231},web-1211
2024-11-12 16:04:00,telegram,bot-send,{16238231},web-1211
2024-11-12 16:05:00,telegram,social,"{7710743,14717267}",web-1211
2024-11-12 16:06:00,telegram,social,{17118163},web-1211
2024-11-12 16:06:00,telegram,bot-send,{16256923},web-1211
2024-11-12 16:07:00,telegram,social,"{16281907,16792385}",web-1211
2024-11-12 16:08:00,telegram,social,"{7710743,14717267}",web-1211
2024-11-12 16:08:00,telegram,social,"{17143617,20730839}",web-1211
2024-11-12 16:09:00,telegram,bot-send,{16529429},web-1211
2024-11-12 16:10:00,telegram,paid-placement,"{16312435,19011609}",web-1211
2024-11-13 05:48:00,telegram,bot-send,{16820111},web-1211
2024-11-13 07:23:00,telegram,social,{17163457},SPEC-DA-TEST-START
2024-11-13 07:32:00,telegram,social,{17163457},SPEC-DA-TEST
2025-01-21 17:28:00,telegram,social,{16191753},web-2101
2025-01-24 08:57:00,telegram,social,{12349789},web-2801
2025-01-24 09:10:00,telegram,bot-send,{5801595},web-2801
2025-01-24 09:12:00,telegram,bot-send,{16816881},web-2801
2025-01-24 09:16:00,telegram,bot-send,"{15922681,16560611}",web-2801
2025-01-24 09:24:00,unisender,email,"{15667785,18847199,19503222}",web-1401
2025-01-24 09:37:00,unisender,email,"{16287273,16767225}",web-2801
2025-01-24 09:56:00,telegram,bot-send,{16528793},web-2801
2025-01-24 10:30:00,telegram,bot-send,"{17151209,19295911,21692221}",web-2801
2025-01-24 10:52:00,telegram,bot-send,"{7710743,14717267}",web-2801
2025-01-24 10:55:00,unisender,email,"{15895095,16011643,19032967}",web-2801
2025-01-24 10:56:00,unisender,email,"{15895095,16011643,19032967}",portfolio ideas
2025-01-24 12:11:00,telegram,bot-send,"{9164281,17166441}",web-2801
2025-01-24 13:31:00,telegram,bot-send,"{15921749,16695207,16773339}",web-2801
2025-01-24 13:37:00,telegram,bot-send,"{16774955,18347079}",web-2801
2025-01-24 13:52:00,telegram,bot-send,"{15930551,23484153}",web-2801
2025-01-24 14:10:00,telegram,social,{11989079},web-2801
2025-01-24 14:33:00,telegram,bot-send,"{16011643,16871171,19092417}",web-2801
2025-01-24 14:42:00,telegram,social,{5825307},web-2801
2025-01-24 15:14:00,unisender,email,"{16775127,16980287}",web-2801
2023-12-20 00:37:00,bot,value-sql,{12488361},Pandas-v1
2023-12-20 00:37:00,bot,value-sql,{12488361},Pandas-v1
2023-12-20 01:12:00,Unisender,email,"{16764091,16764093}",Pandas-VIP
2023-12-20 05:35:00,unisender,email,{16996099},Pandas-pre
2023-12-20 05:39:00,unisender,email,{16996099},Pandas-VIP
2023-12-20 05:44:00,unisender,email,{16582491},Pandas-pre
2023-12-20 05:55:00,Unisender,email,{16996099},Pandas-VIP
2023-12-20 06:43:00,unisender,email,{7366116},Pandas-v1
2023-12-20 06:43:00,unisender,email,{7366116},Pandas-v1
2023-12-20 08:04:00,bot,events-simulative,"{15946775,16785195,17577077}",Pandas-VIP
2023-12-20 08:09:00,bot,events-simulative,"{15946775,16785195,17577077}",Pandas-VIP
2023-12-20 08:10:00,unisender,email,"{15921749,16695207,16773339}",Pandas-pre
2023-12-20 08:11:00,unisender,email,"{15921749,16695207,16773339}",Pandas-pre
2023-12-20 08:34:00,unisender,email,{15873001},Pandas-pre
2023-12-20 08:35:00,unisender,email,{15873001},Pandas-v1
2023-12-26 17:57:00,telegram,,"{17147401,17177859}",Pandas-v2
2024-02-08 14:56:00,telegram,social,{16529429},6 каверз
2024-02-28 14:30:00,telegram,bot-send,"{15999339,16764375}",HARD-SQL
2024-02-28 14:40:00,telegram,bot-send,"{15903385,16766413,18515647}",Оплата
2024-02-28 15:04:00,partner,cpa,"{15903385,16766413,18515647}",Оплата
2024-02-28 21:25:00,telegram,bot-send,{15989583},HARD-SQL
2024-04-16 17:34:00,webinar,livedigital,"{16833811,16833813}",Оплата
2024-04-16 17:35:00,,,"{16833811,16833813}",Оплата
2024-06-18 09:20:00,telegram,social,{16287433},SPEC-DA-TEST
2024-06-25 15:59:00,telegram,paid-placement,"{17122293,18713659}",Ozon-25-06
2024-06-25 16:03:00,telegram,bot-send,{17177205},Ozon-25-06
2024-06-25 16:04:00,telegram,paid-placement,{16256923},Ozon-25-06
2024-06-25 16:12:00,telegram,bot-send,{16842355},Ozon-25-06
2024-06-25 16:12:00,telegram,bot-send,{14728903},Ozon-25-06
2024-06-25 16:12:00,telegram,bot-send,{15929783},Ozon-25-06
2024-06-25 16:12:00,telegram,paid-placement,{16741325},Ozon-25-06
2024-06-25 16:12:00,telegram,paid-placement,{16741325},Ozon-25-06
2024-06-25 16:13:00,unisender,email,"{16775127,16980287}",Ozon-25-06
2024-08-19 09:08:00,telegram,paid-placement,"{15908653,16763405}",intensive-analyst
2024-08-21 15:14:00,unisender,email,{15924401},plan-python
2024-08-22 08:07:00,unisender,email,"{11418857,20595651}",plan-python
2024-10-08 17:36:00,unisender,email,"{16774955,18347079}",web-geo-analyt
2024-10-08 17:43:00,telegram,bot-send,{16003203},web-geo-analyt
2024-10-08 19:30:00,telegram,bot-send,{15920135},web-geo-analyt
2024-10-09 04:39:00,telegram,social,{16397299},web-geo-analyt
2024-11-13 08:38:00,telegram,paid-placement,"{17150165,18698663}",web-1211
2024-11-13 12:34:00,webinar,livedigital,"{17146067,20598005}",Студент
2024-11-16 14:44:00,material,plan-for-learning-python,"{15921793,15927163,17122529}",Python-FREE
2024-11-17 04:35:00,telegram,bot-send,{15566497},web-1211
2023-12-20 08:43:00,bot,events-simulative,"{16066779,16770183}",Pandas-pre
2023-12-20 08:44:00,bot,events-simulative,"{16066779,16770183}",Pandas-v1
2024-02-29 15:15:00,telegram,bot,{16463705},Студент
2024-03-01 07:24:00,bot,cpc,{16270415},Студент
2024-03-01 08:07:00,,,{16001333},Студент
2024-03-01 14:49:00,telegram,bot-send,"{15922169,16767575}",HARD-SQL
2024-03-02 13:47:00,telegram,bot-send,{16763245},HARD-SQL
2024-03-02 13:47:00,telegram,bot-send,{16763245},HARD-SQL
2024-03-02 15:27:00,,,{13166349},itresume
2024-03-04 15:29:00,vkontakte,cpc,"{16011643,16871171,19092417}",Workshop-RFM
2024-03-05 09:22:00,unisender,email,"{16784957,20490049}",ROADMAP
2024-03-05 09:22:00,unisender,email,"{16784957,20490049}",ROADMAP
2024-03-05 09:23:00,unisender,email,"{16893085,18609873,19990099}",ROADMAP
2024-03-05 09:24:00,unisender,email,"{15924235,17743009}",ROADMAP
2024-03-05 09:27:00,unisender,email,{17167845},ROADMAP
2024-03-05 09:27:00,unisender,email,{17167845},ROADMAP
2024-03-05 09:27:00,unisender,email,{17167845},ROADMAP
2024-04-04 11:27:00,telegram,bot-send,{16814977},abc-portfolio
2024-06-25 16:21:00,telegram,social,"{16765779,18914999}",Ozon-25-06
2024-06-25 16:24:00,unisender,email,"{15555667,16762071}",Ozon-25-06
2024-06-25 16:25:00,telegram,bot-send,"{15581307,18895045,25753591}",Ozon-25-06
2024-06-25 16:26:00,telegram,bot-send,{16788821},Ozon-25-06
2024-06-25 16:37:00,unisender,email,{16489279},Ozon-25-06
2024-08-14 11:48:00,unisender,email,"{16002965,18672699}",intensive-analyst
2024-09-16 09:06:00,bloger,post,{5825207},become-bi
2024-09-17 08:31:00,telegram,bot-send,"{11929247,16765787,18772107}",become-bi
2024-09-17 15:54:00,telegram,social,"{15950709,16529323,16770067}",become-bi
2024-10-10 10:16:00,unisender,email,{15569323},web-power-bi
2024-10-10 10:16:00,unisender,email,{15930477},web-power-bi
2024-10-10 10:16:00,unisender,email,{15556555},web-power-bi
2024-10-10 10:17:00,unisender,email,"{16003565,16764873,17290925,17553527,17829067,19544884,19867361,20886197,24161655,24395845}",web-power-bi
2024-10-10 10:17:00,unisender,email,"{10654999,17558293}",web-power-bi
2024-10-10 10:27:00,unisender,email,"{15560415,16770403}",web-power-bi
2024-10-10 10:32:00,unisender,email,"{16084821,20106453}",web-power-bi
2024-10-10 11:34:00,unisender,email,{15935273},web-power-bi
2024-10-10 11:37:00,unisender,email,"{16815989,19322542,20014965}",web-power-bi
2024-10-25 12:36:00,telegram,social,"{15927075,16695207,16773339,17310203,17631349,18418999,23553585}",Консультация
2024-10-29 16:20:00,telegram,social,"{899109,18648001}",web-2910
2024-11-25 17:02:00,telegram,bot-send,{16528793},web-2611
2025-01-24 16:27:00,unisender,email,"{15931845,16774847}",web-2801
2025-01-24 16:55:00,telegram,social,{5804501},web-2801
2025-01-24 17:01:00,telegram,social,{16529295},web-2801
2025-01-24 18:36:00,unisender,email,"{15950709,16529323,16770067}",web-2801
2025-01-24 19:05:00,telegram,bot-send,"{15549745,16778589}",web-2801
2025-01-24 19:27:00,telegram,social,"{2200671,5806435,18084533,20586583}",web-2801
2025-01-24 20:04:00,telegram,social,{5825207},web-2801
2025-01-24 20:19:00,telegram,bot-send,{15920135},web-2801
2025-01-24 20:22:00,unisender,email,{16521983},web-2801
2025-01-25 05:04:00,telegram,bot-send,{16547969},web-2801
2025-01-25 05:05:00,telegram,bot-send,{16547969},web-2801
2025-01-25 05:45:00,unisender,email,{16002315},web-2801
2025-01-25 06:14:00,telegram,social,"{15928661,23819030}",web-2801
2025-01-25 06:15:00,telegram,social,"{15928661,23819030}",web-2801
2025-01-25 08:55:00,unisender,email,"{15927075,16695207,16773339,17310203,17631349,18418999,23553585}",web-2801
2025-01-17 12:51:00,telegram,bot-send,{5801595},web-2101
2023-12-20 08:52:00,unisender,email,{16016135},Pandas-v1
2023-12-20 08:55:00,unisender,email,{5804501},Pandas-pre
2023-12-20 08:55:00,unisender,email,{5804501},Pandas-VIP
2023-12-20 08:59:00,unisender,email,"{16003565,16764873,17290925,17553527,17829067,19544884,19867361,20886197,24161655,24395845}",Pandas-v1
2023-12-20 09:45:00,unisender,email,{15922633},Pandas-pre
2023-12-20 09:47:00,unisender,email,{15922633},Pandas-VIP
2023-12-20 10:22:00,unisender,email,"{12447353,24254221}",Pandas-pre
2023-12-20 10:35:00,unisender,email,{16531725},Pandas-pre
2023-12-20 11:03:00,unisender,email,{16531725},Pandas-v1
2023-12-20 11:04:00,bot,events-simulative,{16053929},Pandas-pre
2023-12-20 11:04:00,bot,events-simulative,{16053929},Pandas-v1
2023-12-20 11:08:00,bot,events-simulative,"{15708039,16764909,23523293}",Pandas-pre
2023-12-20 11:08:00,bot,events-simulative,"{15708039,16764909,23523293}",Pandas-v1
2023-12-20 11:09:00,bot,events-simulative,{16784025},Pandas-pre
2023-12-20 11:10:00,bot,events-simulative,{16784025},Pandas-pre
2024-04-11 09:34:00,telegram,social,{5820699},ROADMAP
2024-04-16 17:48:00,webinar,livedigital,"{15548959,16763825,18256737,19434630}",Оплата
2024-09-24 16:01:00,telegram,social,{16741325},web-2409
2024-09-24 16:01:00,telegram,bot-send,{12349789},web-2409
2024-10-10 11:37:00,telegram,social,"{16572045,22960543}",Python-FREE
2024-10-10 11:38:00,telegram,bot-send,"{16060763,22961007}",web-power-bi
2024-10-10 11:38:00,telegram,bot-send,"{15916041,18583517}",web-power-bi
2024-11-02 09:28:00,telegram,bot-send,"{16281907,16792385}",web-0611
2024-11-20 12:59:00,telegram,bot-send,"{16003565,17553527,17829067,20886197,22364977,23647487,24161655}",Кейс-АЦ
2024-11-20 12:59:00,telegram,bot-send,{16122975},Кейс-АЦ
2024-11-20 13:12:00,telegram,bot-send,"{2200671,5806435,18084533,20586583}",Кейс-АЦ
2024-11-20 13:20:00,telegram,bot-send,"{16893085,18609873,19990099}",Кейс-АЦ
2024-11-20 13:32:00,telegram,bot-send,{16541723},Кейс-АЦ
2024-11-20 13:57:00,telegram,bot-send,"{15667785,18847199,19503222}",Кейс-АЦ
2024-11-20 14:01:00,telegram,bot-send,{16764879},Кейс-АЦ
2024-11-20 14:09:00,telegram,bot-send,"{17000877,18084425,20490435,22069703,24667759}",Кейс-АЦ
2024-11-20 14:45:00,telegram,bot-send,"{15924193,17562089}",Кейс-АЦ
2024-11-20 14:46:00,telegram,bot-send,"{15924193,17562089}",Кейс-АЦ
2024-11-20 15:18:00,unisender,email,"{16789571,18175055}",Кейс-АЦ
2024-11-20 15:20:00,unisender,email,"{9343497,22856197,25323757}",Кейс-АЦ
2024-11-20 15:21:00,telegram,bot-send,"{9343497,22856197,25323757}",Кейс-АЦ
2024-11-20 15:21:00,unisender,email,"{9343497,22856197,25323757}",Кейс-АЦ
2024-11-20 15:39:00,telegram,bot-send,{11377605},Кейс-АЦ
2024-11-20 16:28:00,telegram,bot-send,{16528793},Кейс-АЦ
2024-11-20 17:51:00,telegram,bot-send,{16784739},Кейс-АЦ
2024-11-20 17:52:00,telegram,bot-send,{16784739},Кейс-АЦ
2024-11-20 17:57:00,telegram,bot-send,{11074775},Кейс-АЦ
2024-11-20 20:37:00,telegram,bot-send,{15585685},Кейс-АЦ
2024-11-21 01:37:00,telegram,bot-send,"{16741423,18595441}",Кейс-АЦ
2024-11-21 05:01:00,telegram,bot-send,"{15922681,16560611}",Кейс-АЦ
2024-11-21 11:39:00,unisender,email,{832697},Кейс-АЦ
2024-11-21 11:40:00,telegram,bot-send,{832697},Кейс-АЦ
2024-11-21 11:54:00,unisender,email,{10945781},Кейс-АЦ
2024-11-21 14:44:00,telegram,social,{16784025},SPEC-DA-TEST-START
2024-11-21 14:51:00,telegram,social,{16784025},SPEC-DA-TEST
2024-11-21 19:28:00,telegram,social,"{10654999,17558293}",SPEC-DA-TEST-START
2024-11-22 09:19:00,telegram,bot-send,"{15924193,17562089}",web-2611
2024-11-22 09:20:00,telegram,bot-send,"{17000877,18084425,20490435,22069703,24667759}",web-2611
2024-11-22 09:21:00,telegram,bot-send,"{16529705,17157253}",web-2611
2024-11-22 09:21:00,unisender,email,"{15950709,16529323,16770067}",web-2611
2024-11-22 09:22:00,unisender,email,"{16570977,18237375}",web-2611
2024-11-22 09:28:00,telegram,bot-send,"{16815989,19322542,20014965}",web-2611
2024-11-22 09:34:00,telegram,bot-send,"{16774955,18347079}",web-2611
2024-11-22 09:34:00,telegram,bot-send,"{9347081,17154923}",web-2611
2024-11-22 09:56:00,telegram,bot-send,"{16773339,17163457,18418999}",web-2611
2024-11-22 10:04:00,telegram,social,"{15924193,17108465,22058459}",web-2611
2024-11-22 10:05:00,telegram,bot-send,"{15995043,16764165,18222859}",web-2611
2024-11-22 10:08:00,telegram,social,{15922633},web-2611
2024-11-22 10:10:00,telegram,social,{12367367},web-2611
2024-11-22 10:58:00,telegram,social,{15930477},web-2611
2024-11-22 11:29:00,vkontakte,social,"{17128911,20600771}",web-2611
2024-11-22 11:31:00,telegram,bot-send,"{2200671,5806435,18084533,20586583}",web-2611
2024-11-22 11:58:00,telegram,social,"{17156637,20605369,20764479}",web-2611
2024-11-22 12:28:00,telegram,bot-send,{16037581},web-2611
2024-11-22 15:28:00,telegram,bot-send,{8445281},web-2611
2024-11-23 09:10:00,telegram,bot-send,"{16013171,16762871}",web-2611
2024-11-23 09:53:00,unisender,email,"{15895095,16011643,19032967}",web-2611
2024-11-23 18:43:00,telegram,social,"{9825095,23710543}",HARD-SQL
2024-11-24 03:42:00,unisender,email,"{5809673,6441653,19725721,24714571}",Кейс-АЦ
2024-11-24 08:36:00,telegram,bot-send,"{16785101,17610155}",web-2611
2024-11-24 09:50:00,unisender,email,"{16529705,17157253}",web-2611
2024-11-24 13:41:00,telegram,social,{15929783},web-2611
2024-11-24 13:42:00,telegram,bot-send,{15929783},Кейс-АЦ
2024-11-25 06:49:00,telegram,paid-placement,{16763245},web-2611
2024-11-25 11:46:00,telegram,social,{5825207},PRODUCT-TEST-START
2024-11-25 12:11:00,telegram,social,{5825207},PRODUCT-TEST
2024-11-29 09:40:00,telegram,bot-send,{17060195},web-0412
2025-01-14 08:04:00,telegram,bot-send,"{1460603,23961501}",web-1401
2025-01-21 09:39:00,unisender,email,"{1460603,23961501}",web-2101
2025-01-24 07:25:00,telegram,social,"{16011643,19950481,20319115}",web-2801
2024-09-10 11:59:00,bloger,post,{13166349},become-analyst
2023-12-19 11:32:00,telegram,,"{16691305,16798093}",Pandas-v1
2023-12-20 11:25:00,bot,events-simulative,"{16013171,16762871}",Pandas-VIP
2023-12-20 11:26:00,bot,testovoe-ozon,"{16815413,17006383,17006385}",Pandas-pre
2023-12-20 11:28:00,bot,testovoe-ozon,"{17006467,18897949}",Pandas-v1
2023-12-20 11:29:00,bot,testovoe-ozon,{16003201},Pandas-pre
2023-12-20 11:29:00,bot,testovoe-ozon,{16003201},Pandas-v1
2024-10-11 00:23:00,telegram,bot-send,"{16764091,16764093}",web-power-bi
2024-11-11 22:22:00,telegram,social,"{16684485,18689443}",web-1211
2024-11-12 02:10:00,telegram,social,"{16017013,16532045,18912267}",SPEC-DA-TEST-START
2024-11-12 02:21:00,telegram,social,"{16017013,16532045,18912267}",SPEC-DA-TEST-START
2024-11-12 02:25:00,telegram,social,"{16017013,16532045,18912267}",SPEC-DA-TEST
2024-11-18 16:25:00,telegram,social,"{8597793,15922723,17127455}",HARD-SQL
2024-11-25 12:12:00,unisender,email,"{16765779,18914999}",PRODUCT-TEST-START
2024-11-25 12:14:00,telegram,social,{15930477},PRODUCT-TEST
2024-11-25 12:17:00,telegram,bot-send,{16784025},PRODUCT-TEST-START
2024-11-25 12:19:00,telegram,bot-send,{11377605},PRODUCT-TEST-START
2024-11-25 12:24:00,telegram,bot-send,{16741325},web-2611
2024-11-25 12:24:00,unisender,email,{16037581},PRODUCT-TEST
2024-11-25 12:25:00,telegram,social,{16741325},HARD-SQL
2024-11-25 12:26:00,telegram,social,{16741325},HARD-SQL
2024-11-25 12:30:00,telegram,bot-send,{11377605},PRODUCT-TEST
2024-11-25 12:38:00,vkontakte,social,{16816361},PRODUCT-TEST-START
2024-11-25 13:09:00,,,{17163457},PRODUCT-TEST-START
2024-11-25 13:19:00,,,{17163457},PRODUCT-TEST
2024-11-25 14:15:00,telegram,bot-send,{17177205},PRODUCT-TEST-START
2024-11-25 14:31:00,unisender,email,"{15948581,16764269}",PRODUCT-TEST
2024-11-25 14:35:00,telegram,social,{11377605},web-2910
2024-11-25 15:03:00,telegram,social,"{16762199,18914983,20980525}",PRODUCT-TEST-START
2024-11-25 15:42:00,telegram,social,"{17064877,17101475}",PRODUCT-TEST-START
2024-11-25 17:45:00,telegram,paid-placement,"{16773339,17163457,18418999}",web-2611
2024-11-25 18:43:00,telegram,bot-send,{5844181},PRODUCT-TEST
2024-11-25 18:45:00,telegram,bot-send,{5844181},PRODUCT-TEST-START
2024-11-25 20:06:00,telegram,social,"{16002315,17136577,18651907,18658731,19040861}",PRODUCT-TEST-START
2024-11-26 03:57:00,telegram,social,{12488361},PRODUCT-TEST-START
2024-11-26 04:04:00,telegram,social,{12488361},PRODUCT-TEST
2024-11-26 06:52:00,telegram,social,{5825207},web-2611
2024-11-26 07:38:00,unisender,email,"{15895095,16011643,19032967}",Кейс-АЦ
2024-11-26 11:19:00,telegram,bot-send,{16529429},web-2611
2024-11-26 11:34:00,telegram,bot-send,"{15922169,16767575}",web-2611
2024-11-26 12:03:00,unisender,email,"{17123447,19839367}",web-2611
2024-11-26 12:07:00,telegram,bot-send,"{16549177,20634357}",Кейс-АЦ
2024-11-26 12:20:00,telegram,bot-send,"{16003159,18616975}",web-2611
2024-11-26 12:30:00,unisender,email,"{15927075,16695207,16773339,17310203,17631349,18418999,23553585}",web-2611
2024-11-26 12:56:00,telegram,bot-send,"{15942213,16974953,20010059}",web-2611
2024-11-26 13:28:00,telegram,paid-placement,{15588591},Кейс-АЦ
2024-11-26 13:30:00,telegram,paid-placement,"{15621747,16768801}",Кейс-АЦ
2024-11-26 13:31:00,telegram,bot-send,"{16684485,18689443}",web-2611
2024-11-26 13:36:00,telegram,paid-placement,"{11787181,12343743,25212617}",Кейс-АЦ
2024-11-26 15:01:00,telegram,bot-send,"{17000877,18084425,20490435,22069703,24667759}",web-2611
2024-11-26 15:20:00,telegram,paid-placement,"{11787181,12343743,25212617}",Кейс-АЦ
2024-11-26 15:35:00,telegram,social,"{5840561,16823375,17195057}",web-2611
2024-11-26 15:48:00,telegram,bot-send,"{16684485,18689443}",web-2611
2024-11-26 15:55:00,unisender,email,"{17123447,19839367}",web-2611
2024-11-29 09:32:00,telegram,social,"{16552793,17148487}",web-0412
2024-11-29 09:33:00,telegram,bot-send,{16122975},web-0412
2024-11-29 20:44:00,telegram,bot-send,{16572265},web-0412
2024-12-02 09:33:00,unisender,email,"{16287273,16767225}",web-0412
2024-12-03 14:33:00,telegram,paid-placement,"{15943993,16768259}",web-0412
2024-12-04 14:27:00,telegram,bot-send,{11264135},web-0412
2024-12-04 16:16:00,,,"{17146903,20603317}",web-0412
2024-12-04 16:44:00,unisender,email,"{9347081,17154923}",web-0412
2024-12-17 16:06:00,bloger,social,{16008929},web-1712
2025-01-24 08:48:00,telegram,bot-send,"{15924193,17108465,22058459}",web-2801
2025-01-26 08:02:00,telegram,paid-placement,{16292997},web-2801
2025-01-26 20:13:00,telegram,bot-send,{15924905},web-2801
2025-01-28 01:59:00,telegram,bot-send,{16996099},web-2801
2025-01-30 13:32:00,telegram,social,"{7710743,14717267}",research
2025-01-31 09:09:00,telegram,social,"{17146579,24244743}",web-0502
2025-01-31 15:23:00,telegram,social,"{16002555,16784777}",web-0502
2023-12-20 11:29:00,bot,testovoe-ozon,{16003201},Pandas-v1
2023-12-20 11:32:00,unisender,email,{16741325},Pandas-pre
2023-12-20 12:07:00,unisender,email,{16527467},Pandas-v1
2023-12-20 12:07:00,bot,events-simulative,{16257235},Pandas-pre
2024-01-24 12:04:00,unisender,email,"{17123865,17560467,18878981}",Workshop-RFM
2024-02-22 20:16:00,telegram,social,{15930477},Студент
2024-03-19 10:19:00,telegram,social,"{15539937,16762403}",Ads-metrics
2024-04-16 11:42:00,telegram,social,{16996099},SQL-16-04-24
2024-04-16 18:06:00,,,"{15548959,16763825,18256737,19434630}",Оплата
2024-06-06 08:17:00,unisender,email,"{12578989,18222813}",ROADMAP
2024-07-10 15:59:00,telegram,social,"{16772541,20843231}",Python-FREE
2024-07-19 12:29:00,telegram,bot-send,{15923167},web_23_07
2024-09-13 09:39:00,telegram,social,"{17151209,19295911,21692221}",become-bi
2024-09-20 17:53:00,telegram,bot-send,"{15895095,21196294,21339476}",web-2409
2024-09-20 21:00:00,unisender,email,{15930551},web-2409
2024-09-21 04:53:00,telegram,social,{17177205},web-2409
2024-09-21 05:45:00,telegram,social,{11989079},web-2409
2024-09-21 06:33:00,telegram,social,"{15916041,18583517}",web-2409
2024-09-21 06:41:00,telegram,social,{14728903},web-2409
2024-09-21 07:47:00,vk,,"{17163457,18257003,22568895}",web-2409
2024-09-21 09:26:00,unisender,email,"{16084821,20106453}",web-2409
2024-10-10 14:08:00,unisender,email,{10945781},web-power-bi
2024-11-12 07:40:00,bloger,post,{16788821},web-1211
2024-11-20 06:42:00,admitad,,{15873001},DA-TEST-START
2024-11-26 15:56:00,telegram,bot-send,"{10787621,16772781}",web-2611
2024-11-26 15:57:00,unisender,email,"{16529705,17157253}",web-2611
2024-11-26 15:57:00,vkontakte,social,{5801595},web-2611
2024-11-26 15:58:00,telegram,bot-send,{15929783},Кейс-АЦ
2024-11-26 16:01:00,telegram,social,{13904427},web-2611
2024-11-26 16:01:00,telegram,social,"{16228633,16771429}",web-2611
2024-11-26 16:01:00,telegram,bot-send,{17177205},web-2611
2024-11-26 16:02:00,telegram,bot-send,{16764879},web-2611
2024-11-26 16:02:00,telegram,bot-send,"{16774955,18347079}",web-2611
2024-11-26 16:04:00,telegram,social,"{5840561,16823375,17195057}",web-2611
2024-11-26 16:05:00,telegram,bot-send,"{11088915,12130285}",web-2611
2024-11-26 16:05:00,telegram,social,{5825207},web-2611
2024-11-26 16:06:00,vkontakte,social,{5801595},web-2611
2024-11-26 16:06:00,telegram,social,"{17151209,19295911,21692221}",web-2611
2024-11-26 16:07:00,telegram,social,"{16815989,19322542,20014965}",web-2611
2024-11-26 16:07:00,telegram,social,{16996099},web-2611
2024-11-26 16:08:00,telegram,bot-send,"{16011643,16871171,19092417}",web-2611
2024-11-26 16:08:00,telegram,bot-send,"{16011643,16871171,19092417}",web-2611
2024-11-26 16:09:00,telegram,bot-send,{16764879},web-2611
2024-11-26 16:09:00,telegram,social,"{16815989,19322542,20014965}",web-2611
2024-11-26 16:10:00,telegram,social,{16238231},web-2611
2024-11-26 16:10:00,webinar,livedigital,"{16011643,16871171,19092417}",web-2611
2024-11-26 16:11:00,telegram,social,"{16053107,16761795}",web-2611
2024-11-26 16:11:00,telegram,social,"{16053107,16761795}",web-2611
2024-11-26 16:12:00,telegram,social,{16238231},web-2611
2024-11-26 16:12:00,telegram,paid-placement,"{15208695,17145269,21719045}",web-2611
2024-11-26 16:14:00,telegram,paid-placement,"{15208695,17145269,21719045}",web-2611
2024-11-26 16:19:00,telegram,bot-send,{17177205},web-2611
2024-11-26 16:23:00,telegram,paid-placement,"{16572479,17133213}",web-2611
2024-11-26 16:26:00,unisender,email,"{15895095,16011643,19032967}",Кейс-АЦ
2024-11-26 16:28:00,telegram,paid-placement,"{15208695,17145269,21719045}",web-2611
2024-11-26 16:35:00,telegram,bot-send,"{16741423,18595441}",PRODUCT-TEST
2024-11-26 16:35:00,telegram,social,"{15924193,17108465,22058459}",web-2611
2024-11-26 16:44:00,telegram,bot-send,{17177205},web-2611
2024-11-26 16:45:00,telegram,bot-send,"{17000877,18084425,20490435,22069703,24667759}",web-2611
2024-11-26 16:48:00,telegram,social,"{9825095,23710543}",web-2611
2024-11-26 16:54:00,telegram,social,{11989079},web-2611
2024-11-26 16:54:00,telegram,social,{11989079},web-2611
2024-11-26 17:01:00,telegram,bot-send,"{16011643,16871171,19092417}",web-2611
2024-11-26 17:08:00,telegram,bot-send,{17177205},web-2611
2024-11-26 17:21:00,telegram,bot-send,{17177205},web-2611
2024-11-26 17:22:00,telegram,bot-send,"{16684485,18689443}",web-2611
2024-11-26 17:24:00,telegram,bot-send,"{16684485,18689443}",web-2611
2024-11-26 17:39:00,telegram,bot-send,{17177205},web-2611
2024-11-26 17:41:00,telegram,bot-send,{17177205},web-2611
2024-11-26 18:07:00,telegram,paid-placement,"{15208695,17145269,21719045}",web-2611
2024-11-26 18:25:00,telegram,bot-send,{15929783},Кейс-АЦ
2024-11-26 18:59:00,unisender,email,{12481235},web-2611
2024-11-26 19:49:00,telegram,paid-placement,{16077105},Кейс-АЦ
2024-11-26 22:39:00,telegram,social,"{16056423,16769383}",web-2611
2024-11-27 07:58:00,yandex,cpc,{17163457},Python-FREE
2024-11-27 08:38:00,telegram,social,"{16084991,16977925,18659265}",demo-da
2024-11-27 08:48:00,telegram,social,{15929783},PRODUCT-TEST-START
2024-11-27 08:57:00,telegram,social,{15929783},PRODUCT-TEST
2024-11-27 09:38:00,telegram,social,"{16003565,16764873,17290925,17553527,17829067,19544884,19867361,20886197,24161655,24395845}",demo-da
2024-11-27 09:44:00,telegram,social,"{15916041,18583517}",PRODUCT-TEST-START
2024-11-27 09:46:00,telegram,social,"{15916041,18583517}",demo-da
2024-11-27 12:47:00,telegram,paid-placement,"{16259985,16762065,19576502,24830799}",Кейс-АЦ
2024-11-27 13:10:00,,,"{17163457,18257003,22568895}",demo-da
2024-11-27 13:16:00,unisender,email,{16542771},demo-da
2024-11-27 13:23:00,unisender,email,{17118163},demo-da
2024-11-27 13:32:00,unisender,email,{2494413},demo-da
2024-11-27 13:45:00,telegram,bot-send,"{16773339,17631349,18418999,23464085}",demo-da
2024-11-27 13:52:00,telegram,social,"{15970405,16774017}",PRODUCT-TEST-START
2024-11-27 13:59:00,telegram,social,"{15970405,16774017}",PRODUCT-TEST
